cycle,delta_line_mAcm2,m_fit,b_ox_fit,b_red_fit,is_outlier_zscore,delta_line_mAcm2_no_outliers_zscore,is_sampled,delta_line_mAcm2,m_fit,b_ox_fit,b_red_fit,is_outlier_zscore,delta_line_mAcm2_no_outliers_zscore,is_sampled
,B_N93__NiC_acet_1M_KOH__vs_RHE_B_05_CVA_C02_txt,B_N93__NiC_acet_1M_KOH__vs_RHE_B_05_CVA_C02_txt,B_N93__NiC_acet_1M_KOH__vs_RHE_B_05_CVA_C02_txt,B_N93__NiC_acet_1M_KOH__vs_RHE_B_05_CVA_C02_txt,B_N93__NiC_acet_1M_KOH__vs_RHE_B_05_CVA_C02_txt,B_N93__NiC_acet_1M_KOH__vs_RHE_B_05_CVA_C02_txt,B_N93__NiC_acet_1M_KOH__vs_RHE_B_05_CVA_C02_txt,B_N94__NiC_nit_1M_KOH__vs_RHE_B_05_CVA_C02_txt,B_N94__NiC_nit_1M_KOH__vs_RHE_B_05_CVA_C02_txt,B_N94__NiC_nit_1M_KOH__vs_RHE_B_05_CVA_C02_txt,B_N94__NiC_nit_1M_KOH__vs_RHE_B_05_CVA_C02_txt,B_N94__NiC_nit_1M_KOH__vs_RHE_B_05_CVA_C02_txt,B_N94__NiC_nit_1M_KOH__vs_RHE_B_05_CVA_C02_txt,B_N94__NiC_nit_1M_KOH__vs_RHE_B_05_CVA_C02_txt
1.0,0.026607014324501743,0.029050999641961863,-0.02295003215364534,-0.049557046478147085,,,False,0.024368192678720618,0.0492556451843894,-0.04321499167531315,-0.06758318435403377,,,False
2.0,0.027670744199188496,0.11526708557107017,-0.11343041783838845,-0.14110116203757694,,,False,0.021626316473922935,0.11552480952380913,-0.11519195253503361,-0.13681826900895655,,,False
3.0,0.028613340063850107,0.14101155388471107,-0.14057363974773293,-0.16918697981158304,,,False,0.02234312682480008,0.10921580021482229,-0.10832144709398456,-0.13066457391878464,,,False
4.0,0.02918729688686006,0.19981580916577052,-0.20194644973148118,-0.23113374661834124,,,False,0.0231540589867526,0.10440083959899699,-0.1030088745337446,-0.1261629335204972,,,False
5.0,0.030672505020288815,0.1150141872538487,-0.1144878252596668,-0.14516033027995562,,,False,0.023821523634681957,0.11333269423558863,-0.11177375888623309,-0.13559528252091504,,,False
6.0,0.031793360245852775,0.11993952918009271,-0.11966515812041845,-0.15145851836627122,,,False,0.024303524396109333,0.11278006910132436,-0.11091933317162511,-0.13522285756773444,,,False
7.0,0.032329274230815164,0.12146296670246992,-0.12190380796005532,-0.15423308219087048,,,False,0.024682236410072805,0.1098640175438593,-0.10768951599890766,-0.13237175240898047,,,False
8.0,0.03289562712674546,0.11837493233082651,-0.11946482827459878,-0.15236045540134424,,,False,0.024981318970640903,0.10865818689581044,-0.10635016514650864,-0.13133148411714954,,,False
9.0,0.033330607653657945,0.12789677801646915,-0.13044544017978674,-0.16377604783344468,0.0,0.033330607653657945,True,0.025380895091896394,0.11066395059076224,-0.1081166521569277,-0.1334975472488241,0.0,0.025380895091896394,True
10.0,0.03341060496419623,0.09536412853562415,-0.098579968172719,-0.13199057313691523,,,False,0.025736583524883616,0.11124595417114176,-0.10849628459273147,-0.1342328681176151,,,False
11.0,0.034461889100728005,0.13901654278553469,-0.14441254296168365,-0.17887443206241166,,,False,0.025983669556032957,0.11068770676691696,-0.10782209916460764,-0.1338057687206406,,,False
12.0,0.033566319901539576,0.19052302184031508,-0.20027318955488727,-0.23383950945642684,,,False,0.026195262774197425,0.10952897815968454,-0.10652018656935155,-0.13271544934354898,,,False
13.0,0.0352936970736365,0.13473929430719603,-0.14322461811140438,-0.17851831518504088,,,False,0.026392202861916736,0.10976870032223383,-0.10667433726852815,-0.1330665401304449,,,False
14.0,0.03382570829514267,0.15892885320443903,-0.17158307466254924,-0.2054087829576919,,,False,0.02659057306778853,0.10943285069817373,-0.10623230193963454,-0.13282287500742307,,,False
15.0,0.034590618248597715,0.11618431077694155,-0.12849501700317853,-0.16308563525177625,,,False,0.026768197903687785,0.10974398460436768,-0.106466127032778,-0.13323432493646578,,,False
16.0,0.034333808836376656,0.19458328965270216,-0.21114269802867353,-0.24547650686505018,,,False,0.026955137428094078,0.10967805513784414,-0.10631466724117389,-0.13326980466926797,,,False
17.0,0.033776778682420405,0.1971804117436442,-0.21577683032436024,-0.24955360900678064,,,False,0.02683273586167803,0.127533836734693,-0.12484889892040729,-0.15168163478208532,,,False
18.0,0.0339648158652584,0.19490182456140268,-0.21441598289545788,-0.24838079876071628,,,False,0.027237901344432547,0.10916429967776549,-0.10563955312228754,-0.13287745446672009,,,False
19.0,0.03199270497255047,0.24163478267096286,-0.2652623255079868,-0.29725503048053725,0.0,0.03199270497255047,True,0.027161016948919925,0.12542579090583508,-0.1225447133559962,-0.14970573030491613,0.0,0.027161016948919925,True
20.0,0.032153671001312806,0.1889059606158243,-0.21111551065170264,-0.24326918165301545,,,False,0.027506245897481796,0.10959781704260609,-0.10595345462042566,-0.13345970051790745,,,False
21.0,0.0312735708563075,0.20123111349803025,-0.22485462855746446,-0.25612819941377196,,,False,0.027624646669650338,0.10786911457214421,-0.1041160617161292,-0.13174070838577953,,,False
22.0,0.03061341798305292,0.17803235195130598,-0.20159096997479825,-0.23220438795785117,,,False,0.027250472303974232,0.1348722549230222,-0.13236183913698576,-0.15961231144096,,,False
23.0,0.029477014016589143,0.17653206015037493,-0.2013234276446907,-0.23080044166127983,,,False,0.027856646556271625,0.10833777443608986,-0.10447446797701362,-0.13233111453328525,,,False
24.0,0.029181021380236316,0.181766837808807,-0.20706217145971573,-0.23624319283995204,,,False,0.02795074928571431,0.10875621088435337,-0.10488916912823093,-0.13283991841394524,,,False
25.0,0.02876297055853927,0.20361102613676968,-0.23015403813562962,-0.2589170086941689,,,False,0.028060718664518453,0.10753873791621867,-0.10356791754752909,-0.13162863621204754,,,False
26.0,0.02883143186060394,0.18524603222341468,-0.21173620145647154,-0.24056763331707548,,,False,0.02806152217269367,0.10566798245613998,-0.10162688546231613,-0.1296884076350098,,,False
27.0,0.028658245467836352,0.2060271349803071,-0.23376062174738466,-0.262418867215221,,,False,0.028173622976488816,0.10831977336197601,-0.10435864925300722,-0.13253227222949604,,,False
28.0,0.029491958157894738,0.17678739240959454,-0.20373722668166833,-0.23322918483956306,,,False,0.02830696677407804,0.10781365520945178,-0.10375536285107376,-0.1320623296251518,,,False
29.0,0.029368618370330613,0.18896261117078325,-0.21738280343575206,-0.24675142180608267,0.0,0.029368618370330613,True,0.02838879422902496,0.10847644897959141,-0.10440201515714242,-0.13279080938616739,0.0,0.02838879422902496,True
30.0,0.028940368588733806,0.18859454887217963,-0.21857328031970913,-0.24751364890844293,,,False,0.0283902920258981,0.1100252094522015,-0.10601959716595014,-0.13440988919184824,,,False
31.0,0.02945420483052874,0.19805378481918984,-0.2291110620075414,-0.25856526683807013,,,False,0.028486164093567273,0.10773660114572106,-0.1036002792655385,-0.13208644335910577,,,False
32.0,0.029955437217448477,0.19681261260293487,-0.2286481215174146,-0.25860355873486307,,,False,0.028552500445757245,0.10757499462943035,-0.10340134027282458,-0.13195384071858182,,,False
33.0,0.02971134342105275,0.2242142187611876,-0.2583824067501235,-0.2880937501711762,,,False,0.028458595821100385,0.1031931697099889,-0.09897596839199752,-0.1274345642130979,,,False
34.0,0.029818936123642503,0.19722176691729226,-0.23161952793006346,-0.26143846405370597,,,False,0.02863406244897959,0.10817936054421727,-0.10400438235850301,-0.1326384448074826,,,False
35.0,0.02927587690834238,0.19090581775868137,-0.22673324643492687,-0.25600912334326925,,,False,0.02865475603055259,0.10753015145005329,-0.10332192385225522,-0.1319766798828078,,,False
36.0,0.02983870818236073,0.2002123250984597,-0.23672430655270388,-0.2665630147350646,,,False,0.028726217361260298,0.10849574042248443,-0.10428071589504084,-0.13300693325630114,,,False
37.0,0.028246748955125967,0.19738554350161028,-0.2359373570775351,-0.26418410603266107,,,False,0.02872238998269483,0.1108200837808803,-0.10674022599903288,-0.1354626159817277,,,False
38.0,0.028845469029120496,0.2260377182241306,-0.2654061832650406,-0.2942516522941611,,,False,0.028778063118510583,0.1072273426423198,-0.10295905697336169,-0.13173712009187227,,,False
39.0,0.02830873014858587,0.22880436555674777,-0.26915956655136913,-0.297468296699955,0.0,0.02830873014858587,True,0.02878120042009788,0.10655010454708158,-0.10227020124342961,-0.1310514016635275,0.0,0.02878120042009788,True
40.0,0.02775070016290726,0.22849574543501538,-0.26941741491932697,-0.29716811508223423,,,False,0.028777803159684923,0.10799123666308598,-0.10375548600744691,-0.13253328916713183,,,False
41.0,0.02724035746210768,0.22958719119226506,-0.2711227751702994,-0.2983631326324071,,,False,0.028825650351473914,0.10721617006802685,-0.10293306419149625,-0.13175871454297017,,,False
42.0,0.02659075373194897,0.18353124561403406,-0.22413029055870787,-0.25072104429065684,,,False,0.028910354852011017,0.10979688865019659,-0.10557069681507306,-0.13448105166708407,,,False
43.0,0.026026824062537313,0.21003539598997403,-0.25179458741729455,-0.27782141147983186,,,False,0.02887678386800338,0.10835560615825243,-0.1041155640779087,-0.13299234794591208,,,False
44.0,0.025633684377610766,0.22183279412817702,-0.2640284415876557,-0.28966212596526647,,,False,0.028422913571428565,0.1244460544217685,-0.12114212637074814,-0.1495650399421767,,,False
45.0,0.025669442738990467,0.2270951432151799,-0.2691111664648433,-0.29478060920383375,,,False,0.028986622441222104,0.10642849803079078,-0.10211115831194012,-0.13109778075316222,,,False
46.0,0.02538319469029726,0.20659614822771155,-0.24789634743849986,-0.2732795421287971,,,False,0.02844636223714045,0.14099815109201444,-0.13814772452316376,-0.1665940867603042,,,False
47.0,0.024905644338226618,0.22743968993913263,-0.26943241079165103,-0.29433805512987765,,,False,0.028900580665353864,0.10743987611886821,-0.10315671877955565,-0.13205729944490951,,,False
48.0,0.023935704723117346,0.25711821124239087,-0.3005200685865168,-0.32445577330963415,,,False,0.028924859582885792,0.10823388757608282,-0.10397409534106672,-0.1328989549239525,,,False
49.0,0.025024691744838345,0.18749236233440683,-0.2273540461804247,-0.25237873792526305,0.0,0.025024691744838345,True,0.028957413968253937,0.10650159863945541,-0.10216158583843507,-0.131118999806689,0.0,0.028957413968253937,True
50.0,0.023462631253132915,0.2172030046544927,-0.25897181281003573,-0.28243444406316864,,,False,0.028922815861678025,0.10791640136054392,-0.10365080632278884,-0.13257362218446686,,,False
51.0,0.02349848119525011,0.2346720404582877,-0.2764584871888692,-0.2999569683841193,,,False,0.028939153155507824,0.10744544360902211,-0.10316083766874284,-0.13209999082425067,,,False
52.0,0.023375644575128363,0.21181135839598922,-0.25255823620383167,-0.27593388077896003,,,False,0.028631173191311643,0.12697210418904317,-0.12356149166331812,-0.15219266485462976,,,False
53.0,0.02408526375462472,0.258705456498388,-0.2997985094166265,-0.3238837731712512,,,False,0.028853524446234652,0.10830118438954486,-0.1041008416969563,-0.13295436614319095,,,False
54.0,0.02261954728905602,0.19810057321876012,-0.23840499813295485,-0.26102454542201087,,,False,0.028818145156343233,0.10738633011099141,-0.10317158150519123,-0.13198972666153447,,,False
55.0,0.023384643082706824,0.249073675259577,-0.2897372558915676,-0.31312189897427445,,,False,0.028833446936985307,0.10746272717508032,-0.1032437666380771,-0.1320772135750624,,,False
56.0,0.022584047783148375,0.21658307697815887,-0.25651768253747287,-0.27910173032062124,,,False,0.02866371510860488,0.12117471464375142,-0.11754531341786523,-0.1462090285264701,,,False
57.0,0.02314692617078412,0.2120239036877903,-0.2509265563912626,-0.2740734825620467,,,False,0.028766093317221658,0.10696727926960221,-0.10277197246310385,-0.1315380657803255,,,False
58.0,0.02198469525182012,0.21343994880057235,-0.25315239127820993,-0.27513708653003005,,,False,0.02871655153896646,0.10657413712853525,-0.1024051960192442,-0.13112174755821066,,,False
59.0,0.022431718565461334,0.20094504976727443,-0.2394234783174728,-0.2618551968829341,0.0,0.022431718565461334,True,0.028792305168277826,0.10810395846759717,-0.10393569100508379,-0.13272799617336162,0.0,0.028792305168277826,True
60.0,0.02201336828977213,0.21234118438954444,-0.25121518237303453,-0.27322855066280666,,,False,0.02857354439849627,0.11241951450053672,-0.10856858456133159,-0.13714212895982786,,,False
61.0,0.02141388694175922,0.2085770941639809,-0.24756639843734435,-0.26898028537910357,,,False,0.028652320452918018,0.10728576620121691,-0.10317566839160361,-0.13182798884452163,,,False
62.0,0.021598895396825468,0.2093572380952372,-0.24780507399485624,-0.2694039693916817,,,False,0.028620569920634942,0.10767275510204036,-0.10360948340306075,-0.1322300533236957,,,False
63.0,0.02102170282074234,0.19120340494092294,-0.22941131624599276,-0.2504330190667351,,,False,0.028594417425110402,0.10589952559971319,-0.10181550548558863,-0.13040992291069903,,,False
64.0,0.021210137590404632,0.1979200633727165,-0.23582454238102363,-0.25703467997142826,,,False,0.02852303816326529,0.10771301360544182,-0.10369633087993169,-0.13221936904319698,,,False
65.0,0.021095410849146734,0.2066569133548151,-0.24451143251915952,-0.26560684336830626,,,False,0.02854427298603654,0.10793973863229465,-0.10394499721285322,-0.13248927019888976,,,False
66.0,0.020553839338226576,0.22010528857858863,-0.2587345354207533,-0.2792883747589799,,,False,0.028453414092373813,0.10752274579305361,-0.10355468980793006,-0.13200810390030387,,,False
67.0,0.020825664645542474,0.2085777765843171,-0.2463187861180013,-0.26714445076354376,,,False,0.028380832047380344,0.10751784389545262,-0.10359644615936242,-0.13197727820674277,,,False
68.0,0.02097452335541239,0.20547835123523028,-0.24272164001221203,-0.2636961633676244,,,False,0.028307263873970645,0.10713259040458248,-0.10324540985812708,-0.13155267373209772,,,False
69.0,0.020367920129490458,0.231533625492301,-0.2698329342142973,-0.2902008543437878,0.0,0.020367920129490458,True,0.028239410631937023,0.10827635481561007,-0.1044592817246863,-0.13269869235662332,0.0,0.028239410631937023,True
70.0,0.01926308881907149,0.15121116935195061,-0.1878967127386374,-0.20715980155770888,,,False,0.028222821252536112,0.10719733548156073,-0.10337334591195818,-0.1315961671644943,,,False
71.0,0.02031384282790316,0.19546037379162126,-0.2321600057413183,-0.25247384856922145,,,False,0.028172067040219573,0.10754489545291765,-0.10379553584330439,-0.13196760288352397,,,False
72.0,0.021094767568922312,0.15944875546007822,-0.19415117110447633,-0.21524593867339864,,,False,0.028100711915503063,0.10853890225563874,-0.10484523471439275,-0.1329459466298958,,,False
73.0,0.020394229627043847,0.19913383494450326,-0.23542585937226762,-0.25582008899931147,,,False,0.028025942351115884,0.10549462298603607,-0.10177967038700281,-0.1298056127381187,,,False
74.0,0.020302680528106076,0.1998390343716426,-0.23596343951921073,-0.2562661200473168,,,False,0.027946721149898573,0.1067136322950229,-0.10306135308315395,-0.13100807423305252,,,False
75.0,0.01983517268946175,0.15850509165771512,-0.19374028143396504,-0.2135754541234268,,,False,0.027843556766320582,0.1089896566416036,-0.10547965358376257,-0.13332321035008315,,,False
76.0,0.02015712309225448,0.19717366093805894,-0.2329348146953486,-0.2530919377876031,,,False,0.02782695453872777,0.10941242320085892,-0.10597453054425313,-0.1338014850829809,,,False
77.0,0.020675158300513197,0.1906210118152515,-0.22552428937083907,-0.24619944767135227,,,False,0.027720566506743066,0.10728701539563146,-0.10382091325395584,-0.1315414797606989,,,False
78.0,0.020010651319966655,0.19858827175080498,-0.23410410887564487,-0.2541147601956115,,,False,0.027715863136412444,0.10858605048335086,-0.1051887982323842,-0.13290466136879664,,,False
79.0,0.019623660553765465,0.21195126459004598,-0.24804019756941292,-0.2676638581231784,0.0,0.019623660553765465,True,0.027646477835660627,0.10834637235946987,-0.10503482109706383,-0.13268129893272446,0.0,0.027646477835660627,True
80.0,0.019832726672634027,0.1959705148585743,-0.23125378885428066,-0.2510865155269147,,,False,0.02743307594939734,0.10838371535982769,-0.10514816717298556,-0.1325812431223829,,,False
81.0,0.01969983501133793,0.1977388571428564,-0.23285706669355027,-0.2525569017048882,,,False,0.027451155952977674,0.10749319298245567,-0.10429659245635475,-0.13174774840933243,,,False
82.0,0.019855910439790014,0.1948766294307188,-0.22974784289187017,-0.24960375333166018,,,False,0.027295861077097527,0.10697090476190428,-0.10385540788333283,-0.13115126896043036,,,False
83.0,0.019697746519274417,0.1768003809523805,-0.2112024981875914,-0.23090024470686582,,,False,0.02722572741794968,0.10747233906194023,-0.10443000247327211,-0.1316557298912218,,,False
84.0,0.01960058854159208,0.19754273182957305,-0.23246264954532675,-0.25206323808691883,,,False,0.02713094449039266,0.1075494854994626,-0.10456320586621881,-0.13169415035661147,,,False
85.0,0.01923069824919449,0.19370516362334347,-0.22865998605435384,-0.24789068430354833,,,False,0.027073285457095142,0.10830204905119901,-0.10537444187928707,-0.13244772733638221,,,False
86.0,0.01925866277479421,0.18492114393125617,-0.21956869316800154,-0.23882735594279575,,,False,0.02700122424513665,0.10890118331543105,-0.106078741460705,-0.13307996570584166,,,False
87.0,0.019241536318773123,0.1904403415682055,-0.2250882654481926,-0.24432980176696573,,,False,0.02679233779269602,0.10608191299677729,-0.10330681727384497,-0.130099155066541,,,False
88.0,0.01957589895214229,0.1999798847117787,-0.23449242170921086,-0.25406832066135315,,,False,0.026717864968373334,0.10669461546723925,-0.10397144975365172,-0.13068931472202505,,,False
89.0,0.019030809140708982,0.18656394880057225,-0.2210359345209854,-0.2400667436616944,0.0,0.019030809140708982,True,0.026611718873373907,0.10769426136770453,-0.10507103465857459,-0.1316827535319485,0.0,0.026611718873373907,True
90.0,0.0193398826805109,0.19160236018617904,-0.22579667723731828,-0.24513655991782918,,,False,0.026514985794247548,0.10821943788041495,-0.10571648349104867,-0.13223146928529622,,,False
91.0,0.01933054199427145,0.196221675259577,-0.2304777798995677,-0.24980832189383914,,,False,0.026401567210287635,0.10948190225563872,-0.10711934205418869,-0.13352090926447632,,,False
92.0,0.018742429788757647,0.17380807876834872,-0.20775276080842892,-0.22649519059718656,,,False,0.02635881258980785,0.1078722173290365,-0.10553917260288184,-0.1318979851926897,,,False
93.0,0.019307491870151683,0.18820601790189706,-0.22200440506515084,-0.24131189693530253,,,False,0.02630367827246688,0.10790069674185421,-0.10566170658170387,-0.13196538485417075,,,False
94.0,0.019212472860126506,0.19120286967418482,-0.22498677297199726,-0.24419924583212377,,,False,0.026252649200381922,0.10756215180809123,-0.10541033899767235,-0.13166298819805428,,,False
95.0,0.01924780921410668,0.1903049645542421,-0.22391808869303054,-0.24316589790713722,,,False,0.026067764548275474,0.1077089530970279,-0.10567819947178622,-0.1317459640200617,,,False
96.0,0.019160351300274547,0.18937752918009232,-0.22295699550923437,-0.24211734680950892,,,False,0.026012254319727895,0.10641637414965945,-0.10440665418129214,-0.13041890850102003,,,False
97.0,0.018640199656283607,0.22265156319369764,-0.25768511003792816,-0.27632530969421176,,,False,0.025977277298006946,0.10652729788757566,-0.10464218022479368,-0.13061945752280063,,,False
98.0,0.019244457083184174,0.1739040418904399,-0.2067459539078384,-0.22599041099102257,,,False,0.025817876149898583,0.10863745542427458,-0.10694079515730359,-0.13275867130720218,,,False
99.0,0.01865807387874452,0.20067701181525194,-0.23477091042847215,-0.25342898430721666,0.0,0.01865807387874452,True,0.02577394378684808,0.10945289795918325,-0.10787835123265266,-0.13365229501950074,0.0,0.02577394378684808,True
100.0,0.018795681411863052,0.17616312710347232,-0.20928317998383167,-0.22807886139569472,,,False,0.025618807863706905,0.10868832008592871,-0.10719903834983846,-0.13281784621354537,,,False
101.0,0.03265543367167924,0.06735208771929771,-0.08243110908822929,-0.11508654275990853,,,False,0.029422975910609855,0.05246415789473672,-0.04527881826364116,-0.07470179417425102,,,False
102.0,0.018932471530015565,0.1778412696025773,-0.2100936326187019,-0.22902610414871746,,,False,0.025367274307793286,0.1038369566774074,-0.10238677501575327,-0.12775404932354656,,,False
103.0,0.01871223253968257,0.18010368027210827,-0.21250536899310146,-0.23121760153278403,,,False,0.02525240355113975,0.1110244317937697,-0.11003867244650872,-0.13529107599764847,,,False
104.0,0.01888107417293236,0.1862840977443603,-0.2186882341012561,-0.23756930827418846,,,False,0.025226674738035554,0.11034202900107372,-0.1095287304012349,-0.13475540513927045,,,False
105.0,0.01869765907387519,0.18373634837092664,-0.2160919252189274,-0.23478958429280258,,,False,0.025204727459720744,0.10636252810597875,-0.10557959883922258,-0.13078432629894332,,,False
106.0,0.01863440805585395,0.17678244683136338,-0.20901520368342352,-0.22764961173927747,,,False,0.025211438255161728,0.10692780773361932,-0.10636707018856026,-0.131578508443722,,,False
107.0,0.018748418663921768,0.18630073540995276,-0.21859849784299396,-0.23734691650691572,,,False,0.025199368787444776,0.10672452631578896,-0.10629389711417783,-0.1314932659016226,,,False
108.0,0.018651454015992414,0.18423981274615042,-0.21635909849372004,-0.23501055250971245,,,False,0.025309661987110654,0.10743586967418492,-0.10718751317429231,-0.13249717516140297,,,False
109.0,0.01873942724489802,0.18715227210884292,-0.21928236938955042,-0.23802179663444845,0.0,0.01873942724489802,True,0.025420331199427132,0.11467218725384842,-0.11478973415110946,-0.1402100653505366,0.0,0.025420331199427132,True
110.0,0.018517403131638688,0.19895409846043619,-0.2315506525957608,-0.2500680557273995,,,False,0.025325264899152627,0.10663765127103418,-0.10686567541066905,-0.13219094030982168,,,False
111.0,0.017979933916935226,0.14988875725026818,-0.18143617811237128,-0.1994161120293065,,,False,0.025636025397422157,0.1085038528464012,-0.10900227753560632,-0.13463830293302848,,,False
112.0,0.01876246515156943,0.17747919441460724,-0.2089569102212453,-0.22771937537281473,,,False,0.025709143093447934,0.1099913734335834,-0.11086041092004956,-0.1365695540134975,,,False
113.0,0.018244194211719855,0.200603587182241,-0.23326380716461614,-0.251508001376336,,,False,0.025800794540517952,0.1109209953455061,-0.11215699238202603,-0.13795778692254398,,,False
114.0,0.018359739397899533,0.17874030791263812,-0.21050456511789417,-0.2288643045157937,,,False,0.026021367718104788,0.1109949806659499,-0.11265921426278125,-0.13868058198088604,,,False
115.0,0.018631835911803396,0.184455503043322,-0.21604861408597142,-0.23468044999777482,,,False,0.026178996238214597,0.11105554063730694,-0.11303418527882142,-0.13921318151703602,,,False
116.0,0.01872172641007286,0.17653172502685224,-0.20776294577234738,-0.22648467218242024,,,False,0.026382377536698892,0.12037587182241268,-0.12322111134067262,-0.14960348887737152,,,False
117.0,0.018412417771213774,0.1870904826351586,-0.2188278033276856,-0.23724022109889936,,,False,0.026431799523212812,0.12615014035087666,-0.12965237772391638,-0.1560841772471292,,,False
118.0,0.018351081365914873,0.19887011779448543,-0.23098081322094222,-0.2493318945868571,,,False,0.02684153024823968,0.12107751199427075,-0.12503408117810533,-0.151875611426345,,,False
119.0,0.01835193415682071,0.19803481919083354,-0.2300166736546716,-0.2483686078114923,0.0,0.01835193415682071,True,0.027429832681704264,0.12231141962047905,-0.12676242262987758,-0.15419225531158184,0.0,0.027429832681704264,True
120.0,0.018317973280224414,0.18244223272466864,-0.2139317795909687,-0.23224975287119312,,,False,0.027679548523093456,0.1189854432509838,-0.12397160076006006,-0.1516511492831535,,,False
121.0,0.017995561855830094,0.15856777407805167,-0.1895781381135611,-0.2075736999693912,,,False,0.028146722627401838,0.11754511672037139,-0.12326847940903954,-0.15141520203644138,,,False
122.0,0.01779700149659874,0.2006484421768702,-0.23297261029024424,-0.250769611786843,,,False,0.029059142860126536,0.129595828857858,-0.13639100527837353,-0.16545014813850006,,,False
123.0,0.01839822420097867,0.18384016791979882,-0.21504267348485223,-0.2334408976858309,,,False,0.02943066206468556,0.13584170569280254,-0.14396700826917203,-0.17339767033385758,,,False
124.0,0.01851277504236784,0.1863044976727527,-0.21734966265057298,-0.23586243769294082,,,False,0.029759961322950224,0.14805006659505818,-0.15746767500472522,-0.18722763632767545,,,False
125.0,0.01800731488125079,0.21328499785177124,-0.2455965618313824,-0.2636038767126332,,,False,0.02959264844969567,0.15960865878983083,-0.17074847198381582,-0.2003411204335115,,,False
126.0,0.01845198364124606,0.18342755853920464,-0.21439031850474916,-0.23284230214599522,,,False,0.029613814089390122,0.16253914142498996,-0.17499041657139175,-0.20460423066078187,,,False
127.0,0.017946991877312385,0.19078997314715293,-0.22234472837259867,-0.24029172024991105,,,False,0.029742890390261373,0.17427278875760746,-0.18821910869675895,-0.21796199908702032,,,False
128.0,0.018394116432151858,0.18294553884711695,-0.21377760680019248,-0.23217172323234433,,,False,0.02932121514261843,0.1731230547798056,-0.18827313385800115,-0.21759434900061958,,,False
129.0,0.01835374347475835,0.18407707697815906,-0.2149292670451466,-0.23328301051990494,0.0,0.01835374347475835,True,0.029321193215180813,0.18611172144647234,-0.20266969197568824,-0.23199088519086905,0.0,0.029321193215180813,True
130.0,0.018173631266260926,0.18598103938417415,-0.21707269269519386,-0.23524632396145478,,,False,0.028594266462585005,0.1927104625850331,-0.2108629918238087,-0.2394572582863937,,,False
131.0,0.01859205726697699,0.1715472764052982,-0.20169325698413026,-0.22028531425110726,,,False,0.02848639387934121,0.19092044969566666,-0.20978671869287396,-0.23827311257221517,,,False
132.0,0.01809701069757727,0.18098273934837023,-0.21182736656150525,-0.22992437725908252,,,False,0.02824958475713102,0.19186004117436362,-0.21161238568215085,-0.23986197043928187,,,False
133.0,0.018489909451605224,0.1823487919799488,-0.21282584508789582,-0.23131575453950104,,,False,0.028025001531209043,0.19405026781238718,-0.21446569929649023,-0.24249070082769927,,,False
134.0,0.017564436515097287,0.16415524776226226,-0.19490493264132497,-0.21246936915642226,,,False,0.027959783332736576,0.19777035803795107,-0.21903764987629704,-0.2469974332090336,,,False
135.0,0.01817242033536226,0.19194374865735683,-0.22288266504831278,-0.24105508538367504,,,False,0.027618082733023047,0.1998639072681694,-0.2219222996349256,-0.24954038236794865,,,False
136.0,0.01798420602279513,0.19149104403866782,-0.2225238802945776,-0.24050808631737272,,,False,0.027334686849862733,0.19824327962763952,-0.2208457451023979,-0.24818043195226064,,,False
137.0,0.01831292176751409,0.18337236233440687,-0.21384277304817984,-0.23215569481569392,,,False,0.02723286034490996,0.20313381596849173,-0.22626496125764317,-0.25349782160255313,,,False
138.0,0.01804932032462106,0.17618491442892883,-0.2066312880393249,-0.22468060836394596,,,False,0.02696874194951665,0.2001213104189034,-0.2234867879409228,-0.25045552989043945,,,False
139.0,0.018353269849027354,0.17905356999641922,-0.20925217259486745,-0.2276054424438948,0.0,0.018353269849027354,True,0.02717068642737802,0.20633240315073303,-0.23021869935191458,-0.2573893857792926,0.0,0.02717068642737802,True
140.0,0.018605818999283957,0.16027559971356914,-0.18955470810902203,-0.208160527108306,,,False,0.026231755473206886,0.20625823236663002,-0.2308392190593797,-0.2570709745325866,,,False
141.0,0.01827849784282143,0.19032423236663007,-0.22085412446245023,-0.23913262230527166,,,False,0.026174330263157908,0.20462067669172845,-0.22919674794038586,-0.25537107820354377,,,False
142.0,0.01824725901420221,0.1810949344790541,-0.2113710381936233,-0.2296182972078255,,,False,0.025062827788519038,0.20856741926244096,-0.2335544821660928,-0.25861730995461185,,,False
143.0,0.018369183529657496,0.17127900143215113,-0.201066431283009,-0.2194356148126665,,,False,0.025076218970640912,0.1967586222699596,-0.22153541910433128,-0.2466116380749722,,,False
144.0,0.01802712511934601,0.19241722234156736,-0.22306256083411735,-0.24108968595346336,,,False,0.025086735252416836,0.19620714178302803,-0.22105633797803337,-0.2461430732304502,,,False
145.0,0.018101868409118094,0.18113518904403816,-0.21131262641192855,-0.22941449482104664,,,False,0.02469506484067313,0.19999052810597823,-0.2250567770310588,-0.24975184187173194,,,False
146.0,0.018095649663444402,0.18876752524167512,-0.21908111537211117,-0.23717676503555557,,,False,0.024625858980785287,0.19594744038668005,-0.22093811971713118,-0.24556397869791646,,,False
147.0,0.018229021386203692,0.18189537307554546,-0.21196571955640542,-0.2301947409426091,,,False,0.0244304934019573,0.20068427461510835,-0.22590533708594612,-0.2503358304879034,,,False
148.0,0.017945322340374797,0.17240512209094105,-0.2023219817453184,-0.2202673040856932,,,False,0.023938255525122326,0.19446870891514415,-0.21980471650547723,-0.24374297203059955,,,False
149.0,0.018082019835302637,0.1809310429645536,-0.21096417019628932,-0.22904619003159196,0.0,0.018082019835302637,True,0.02394639835302545,0.19463221195846658,-0.21991030209509388,-0.24385670044811933,0.0,0.02394639835302545,True
150.0,0.01819200172454949,0.18178635875402732,-0.21174052940128835,-0.22993253112583784,,,False,0.02382305076381433,0.1921905141424982,-0.21739397375570974,-0.24121702451952406,,,False
151.0,0.018347874820981047,0.1663936970998923,-0.19567409810233272,-0.21402197292331376,,,False,0.02357366237677533,0.1972423361976361,-0.22294287776503674,-0.24651654014181207,,,False
152.0,0.018233273852488435,0.1686421736484062,-0.19800353434840112,-0.21623680820088956,,,False,0.023224065903449137,0.19122350196920784,-0.21684065500642585,-0.240064720909875,,,False
153.0,0.017969243836973403,0.1808422377371995,-0.21088155756964494,-0.22885080140661834,,,False,0.022883227067669182,0.19527774543501533,-0.22095734194516575,-0.24384056901283493,,,False
154.0,0.018083638058240897,0.18063177658431712,-0.2104771146917972,-0.2285607527500381,,,False,0.022925400770975046,0.19244225850340024,-0.21819103115237987,-0.2411164319233549,,,False
155.0,0.017813413974221315,0.18067288220551314,-0.21076057625297456,-0.22857399022719588,,,False,0.022884189485022133,0.1908926534192617,-0.21642443405153883,-0.23930862353656096,,,False
156.0,0.018076448500417786,0.1803192255639089,-0.21003552248791957,-0.22811197098833735,,,False,0.022676299918844733,0.1834652101682768,-0.2091053703914777,-0.23178167031032243,,,False
157.0,0.01794775158849507,0.17994041317579584,-0.2098162035721453,-0.22776395516064038,,,False,0.02236792547440028,0.18520323057644023,-0.21066142553127382,-0.2330293510056741,,,False
158.0,0.018562419471297303,0.16718417400644406,-0.1959824794176535,-0.2145448988889508,,,False,0.022029068984962458,0.1889475871822404,-0.21463543890957654,-0.236664507894539,,,False
159.0,0.018324397547440058,0.1617771210168272,-0.19069657052311223,-0.2090209680705523,0.0,0.018324397547440058,True,0.02222095457512832,0.18312746723952653,-0.20861621539892505,-0.23083716997405337,0.0,0.02222095457512832,True
160.0,0.017882646763337007,0.200433664518438,-0.23094453641562734,-0.24882718317896435,,,False,0.022092515542427527,0.1828005707124947,-0.2081762392356955,-0.23026875477812303,,,False
161.0,0.018020430250029834,0.17575401611170718,-0.20530638099097037,-0.2233268112410002,,,False,0.022134760053705682,0.18593706229860263,-0.21121413256686267,-0.23334889262056835,,,False
162.0,0.01825532572025304,0.1796673788041524,-0.20905817065219895,-0.227313496372452,,,False,0.021318556858813675,0.1865158206229853,-0.21206570097051491,-0.2333842578293286,,,False
163.0,0.0197174214846641,0.22002200429645444,-0.24910727241004837,-0.2688246938947125,,,False,0.021572952064088824,0.18416313856068658,-0.2095455095713203,-0.2311184616354091,,,False
164.0,0.017499749798902065,0.19906112817758634,-0.22979963474848714,-0.2472993845473892,,,False,0.021350577622628042,0.17703154564983803,-0.20220813305751795,-0.223558710680146,,,False
165.0,0.018033041888053547,0.1828979298245608,-0.21254468477387256,-0.2305777266619261,,,False,0.02130589194235591,0.18042260687432782,-0.20556946095343637,-0.22687535289579228,,,False
166.0,0.017619737321876133,0.16332972466881449,-0.1927971597920748,-0.21041689711395092,,,False,0.021030223258145353,0.1842474597207296,-0.20953029396965556,-0.2305605172278009,,,False
167.0,0.01806504907745554,0.18203964912280646,-0.211612578822427,-0.22967762789988255,,,False,0.021200420656999674,0.17442526960257698,-0.19952341519194328,-0.22072383584894295,,,False
168.0,0.017589961746031807,0.1901024829931967,-0.22023841466999938,-0.2378283764160312,,,False,0.021126241234037446,0.17529519656283488,-0.20044559930032152,-0.22157184053435897,,,False
169.0,0.018180411619525022,0.1826430605084134,-0.21201702888590285,-0.23019744050542787,0.0,0.018180411619525022,True,0.021207390751879718,0.182549824561403,-0.20778248744969524,-0.22898987820157496,0.0,0.021207390751879718,True
170.0,0.01828633686000719,0.1702712542069455,-0.1991831914478685,-0.2174695283078757,,,False,0.02125474015514975,0.17808963802362984,-0.20343802220982754,-0.2246927623649773,,,False
171.0,0.01768161573159091,0.16767279377013916,-0.19698507458428094,-0.21466669031587185,,,False,0.0211293496586705,0.1747337364840665,-0.2000680358158603,-0.2211973854745308,,,False
172.0,0.01798425883219959,0.18033781632653,-0.20973873390077485,-0.22772299273297444,,,False,0.020640902118987975,0.17955685213032505,-0.2052917225172209,-0.22593262463620886,,,False
173.0,0.017740588134025542,0.1765317955603291,-0.20604598390495144,-0.22378657203897698,,,False,0.02050882611230459,0.17217536555674823,-0.19756287781066878,-0.21807170392297337,,,False
174.0,0.01789100023690182,0.18351828070175372,-0.21302661425022057,-0.2309176144871224,,,False,0.02058966259875883,0.17373792839240879,-0.19887397156759679,-0.21946363416635561,,,False
175.0,0.017983529441460866,0.18114969495166425,-0.21050533549971578,-0.22848886494117665,,,False,0.020796730827067678,0.1723390859291076,-0.19741217603173922,-0.2182089068588069,,,False
176.0,0.018151966575963713,0.17176151700680214,-0.20065776753114234,-0.21880973410710605,,,False,0.021125593742093357,0.17383477121374796,-0.1987893663978511,-0.21991496013994447,,,False
177.0,0.01753534762978881,0.17878252130325742,-0.20845511750539558,-0.2259904651351844,,,False,0.020993988604248726,0.1709719677765835,-0.1959817749247038,-0.21697576352895254,,,False
178.0,0.017914712016947165,0.18202403580379475,-0.21143705065373103,-0.2293517626706782,,,False,0.021147135705931464,0.1696063526673818,-0.19452777138483623,-0.2156749070907677,,,False
179.0,0.017876541952500352,0.191490635875402,-0.2212551169492709,-0.23913165890177127,0.0,0.017876541952500352,True,0.021134778962883433,0.17365288900823414,-0.19850027025028572,-0.21963504921316915,0.0,0.021134778962883433,True
180.0,0.01791367511337877,0.20858781632652976,-0.238677337074244,-0.25659101218762276,,,False,0.02080242438357799,0.17223932939491518,-0.197426339650071,-0.218228764033649,,,False
181.0,0.01802595335481566,0.18068138954529125,-0.2098997040749962,-0.22792565742981186,,,False,0.020679685210645643,0.1680904629430712,-0.19331846589575657,-0.21399815110640222,,,False
182.0,0.017594130941043062,0.19635654421768642,-0.2264636302159994,-0.24405776115704247,,,False,0.020976711087838634,0.16727471858216894,-0.19235795322969845,-0.2133346643175371,,,False
183.0,0.017927154042248566,0.18416784138918654,-0.21347105252517862,-0.23139820656742718,,,False,0.020767277296813463,0.17614902756892137,-0.20163322419201485,-0.2224005014888283,,,False
184.0,0.018366376373075533,0.1939903519513066,-0.22315996099790097,-0.2415263373709765,,,False,0.020700727218641857,0.17322949516648672,-0.19874179348227622,-0.21944252070091808,,,False
185.0,0.017904821892827327,0.18164367096312137,-0.21094770616657926,-0.2288525280594066,,,False,0.02039884988184751,0.17682875546007806,-0.20247494245051845,-0.22287379233236596,,,False
186.0,0.017683457962167387,0.17135791729323255,-0.20044320582391562,-0.218126663786083,,,False,0.0202651534520826,0.17086371643394135,-0.19625096575617557,-0.21651611920825817,,,False
187.0,0.018108217384532804,0.17005492660221927,-0.19870347728100918,-0.21681169466554198,,,False,0.020371839140708947,0.1746469215896876,-0.20014398428120206,-0.220515823421911,,,False
188.0,0.01800981083422845,0.18117329967776527,-0.21024794716276207,-0.22825775799699052,,,False,0.020307468786251337,0.17231261654135263,-0.19806540449806587,-0.2183728732843172,,,False
189.0,0.017842391366511612,0.18934369853204372,-0.21886372547787247,-0.23670611684438408,0.0,0.017842391366511612,True,0.020493881249552454,0.1695139828141775,-0.19507046541793693,-0.2155643466674894,0.0,0.020493881249552454,True
190.0,0.01837538260472621,0.17376040243465748,-0.2022540821745729,-0.22062946477929912,,,False,0.02063881434180695,0.17291515395631868,-0.19863069773854208,-0.21926951208034903,,,False
191.0,0.018472970259577587,0.15561132151808052,-0.18344710694030247,-0.20192007719988006,,,False,0.020596206112304588,0.17157429072681624,-0.19738166347665514,-0.21797786958895973,,,False
192.0,0.01828825683971841,0.17933519620479738,-0.20804427974473222,-0.22633253658445063,,,False,0.020417396885666544,0.17402142320085842,-0.19998166856364047,-0.220399065449307,,,False
193.0,0.018253536459601455,0.16514893304690265,-0.19345856790820581,-0.21171210436780727,,,False,0.0202641988948562,0.1692952835660572,-0.194957710783619,-0.2152219096784752,,,False
194.0,0.01798849429884236,0.188083898675259,-0.21729943379707573,-0.2352879280959181,,,False,0.020826911039503543,0.1613857604726092,-0.1868974698526844,-0.20772438089218795,,,False
195.0,0.017397451219119286,0.16655651485857428,-0.19564896027150513,-0.21304641149062442,,,False,0.02031494911743645,0.1648343476548506,-0.19056318963062935,-0.2108781387480658,,,False
196.0,0.018204100620599184,0.17547378338703817,-0.2041204562846543,-0.2223245569052535,,,False,0.020706805757250257,0.16683283351235142,-0.19245935479226556,-0.21316616054951582,,,False
197.0,0.0179095671709035,0.18445955316863505,-0.21363127220775852,-0.23154083937866202,,,False,0.020291500639097765,0.16542318080916482,-0.19128037518360091,-0.21157187582269868,,,False
198.0,0.017866258670485746,0.18739291263873892,-0.2167046334680014,-0.23457089213848714,,,False,0.020032153366750183,0.16959441245971998,-0.19554091010214758,-0.21557306346889776,,,False
199.0,0.016697220828261194,0.15933122019334048,-0.18889214608725668,-0.20558936691551788,0.0,0.016697220828261194,True,0.020018326790786523,0.16609471177944765,-0.191992469679018,-0.21201079646980453,0.0,0.020018326790786523,True
200.0,0.01793586235051922,0.18054258646616472,-0.20949217962084565,-0.22742804197136487,,,False,0.020186763684210546,0.16421988184747496,-0.19005557097153514,-0.21024233465574568,,,False
201.0,0.0292834400674305,0.05321589545291808,-0.06626357922564133,-0.09554701929307183,,,False,0.03258438804391933,0.03783927425707087,-0.044700415447672365,-0.0772848034915917,,,False
202.0,0.01787302288518927,0.1878845667740773,-0.21667205235906467,-0.23454507524425394,,,False,0.019204763141186326,0.15414598209810168,-0.1780169862454702,-0.19722174938665651,,,False
203.0,0.016907628783864426,0.17402096706050763,-0.20337293381836874,-0.22028056260223317,,,False,0.01891171476906553,0.15411258109559525,-0.17817217996707757,-0.1970838947361431,,,False
204.0,0.017819256352190033,0.17959967239527327,-0.2082285346466911,-0.22604779099888114,,,False,0.018932194650913003,0.1544198671679191,-0.17833654430739282,-0.19726873895830582,,,False
205.0,0.018433098965270345,0.18369028678839935,-0.21192889177714486,-0.2303619907424152,,,False,0.0194480273666309,0.15582223916935126,-0.17959081932842746,-0.19903884669505836,,,False
206.0,0.017650252507459163,0.12821437486573495,-0.15551619113911624,-0.1731664436465754,,,False,0.01907700707423321,0.15397764375223683,-0.17818210185895006,-0.19725910893318327,,,False
207.0,0.016639461133190203,0.1829649906910131,-0.21303344848878386,-0.22967290962197406,,,False,0.019565803169232593,0.15562947404224764,-0.17978438580878908,-0.19935018897802168,,,False
208.0,0.017955620040577644,0.07148622484783357,-0.09686477353010928,-0.11482039357068692,,,False,0.01902807108366153,0.15588990511994197,-0.18024668561752527,-0.1992747567011868,,,False
209.0,0.017170692443012336,0.20652149874686576,-0.23674665698514574,-0.2539173494281581,0.0,0.017170692443012336,True,0.019569496319369883,0.16095928284998143,-0.18526328082747878,-0.20483277714684867,0.0,0.019569496319369883,True
210.0,0.018707888323785726,0.1902564564983881,-0.21840761035650408,-0.2371154986802898,,,False,0.01940798054123405,0.15662676978159584,-0.18112317267332523,-0.20053115321455928,,,False
211.0,0.017131556929824626,0.16860453383458598,-0.1977186269824549,-0.21485018391227953,,,False,0.0196305630266142,0.15700134443250927,-0.18141229281677346,-0.20104285584338766,,,False
212.0,0.01848057039443854,0.18546801718582093,-0.2136376842222376,-0.23211825461667615,,,False,0.01980057028464019,0.1544421614751157,-0.17906257304230155,-0.19886314332694174,,,False
213.0,0.017786288322592214,0.15603207053347645,-0.18400257148623622,-0.20178885980882844,,,False,0.019731064054183095,0.17269887790905739,-0.19779667353623248,-0.21752773759041558,,,False
214.0,0.017354766610574113,0.22543599570354356,-0.2559492118375414,-0.2733039784481155,,,False,0.019817363196682203,0.15908282062298523,-0.18382920088582094,-0.20364656408250315,,,False
215.0,0.01681617015992365,0.16402267848191873,-0.19319680129308447,-0.21001297145300812,,,False,0.01934603150913,0.15798907984246247,-0.1828352955943422,-0.2021813271034722,,,False
216.0,0.018091216565222612,0.1714670501253127,-0.19965130228305206,-0.21774251884827467,,,False,0.01944285876118873,0.15716155889724215,-0.1819232925665225,-0.20136615132771124,,,False
217.0,0.018871152166726413,0.2205834471894011,-0.24934229537892055,-0.26821344754564697,,,False,0.01981709535028045,0.1630480426065153,-0.18778886816177848,-0.20760596351205893,,,False
218.0,0.01783060567907868,0.1870876616541346,-0.21600903558528173,-0.2338396412643604,,,False,0.019557170239288713,0.16029088936627198,-0.18534076550386602,-0.20489793574315474,,,False
219.0,0.017103261649361517,0.16875666881489432,-0.19782432883698386,-0.21492759048634538,0.0,0.017103261649361517,True,0.01987893275092492,0.15691593483709207,-0.18177617265653356,-0.20165510540745848,0.0,0.01987893275092492,True
220.0,0.017673456855233388,0.19988026136770393,-0.22921031298038558,-0.24688376983561897,,,False,0.019577780346700102,0.1548944969566764,-0.1799364743675249,-0.19951425471422501,,,False
221.0,0.017517989061343886,0.18505263587540224,-0.21421383990739362,-0.2317318289687375,,,False,0.01960159398138206,0.15502910275689127,-0.1800593630561394,-0.19966095703752146,,,False
222.0,0.017460751120062123,0.16319164303616135,-0.19172225102399298,-0.2091830021440551,,,False,0.019367228697338618,0.15650301181525156,-0.1816173462242741,-0.20098457492161273,,,False
223.0,0.01788504790428458,0.184312898675259,-0.21299755110454505,-0.23088259900882963,,,False,0.019746243216374276,0.15104708700322136,-0.17599378097003132,-0.1957400241864056,,,False
224.0,0.018067957713331,0.1744615932688859,-0.20267199309651923,-0.22073995080985023,,,False,0.01955073974101923,0.14949674901539475,-0.1744863921228061,-0.19403713186382532,,,False
225.0,0.017774869607948496,0.181563911206587,-0.21027423390539968,-0.22804910351334817,,,False,0.020139766162429906,0.15467841281775802,-0.1794839643822586,-0.19962373054468852,,,False
226.0,0.017900728764769086,0.18251612495524475,-0.21106358359219496,-0.22896431235696404,,,False,0.01976010940744724,0.15324427998567763,-0.1783212376141416,-0.19808134702158883,,,False
227.0,0.018023713873970698,0.1848438625134259,-0.21341488634764288,-0.23143860022161358,,,False,0.020412501657119025,0.15628126602219755,-0.1811894604479763,-0.20160196210509532,,,False
228.0,0.017236146838524924,0.1621597694235582,-0.19081823216944288,-0.2080543790079678,,,False,0.02001949470342529,0.1523610469029708,-0.17751048335474306,-0.19752997805816835,,,False
229.0,0.01830448954171146,0.1949268575008942,-0.2235005705930882,-0.24180506013479966,0.0,0.01830448954171146,True,0.01992421537414965,0.15668190476190416,-0.1821732420272103,-0.20209745740135995,0.0,0.01992421537414965,True
230.0,0.017904730267335023,0.1815510071607582,-0.21003854972574132,-0.22794327999307634,,,False,0.019905412552810586,0.15577802792695933,-0.1813127508139626,-0.20121816336677317,,,False
231.0,0.017207948060031064,0.16738447798066547,-0.19614842170005753,-0.2133563697600886,,,False,0.0197116723373911,0.1598066945936262,-0.18541706887042536,-0.20512874120781646,,,False
232.0,0.017792852613080334,0.17771194772645835,-0.20623547688457505,-0.2240283294976554,,,False,0.0196068290762621,0.16205565091299592,-0.1876711549081087,-0.2072779839843708,,,False
233.0,0.017947116496598692,0.1826010816326524,-0.2111509413783258,-0.2290980578749245,,,False,0.01979510543561286,0.15373853025420622,-0.17918777724641888,-0.19898288268203174,,,False
234.0,0.0179538016046068,0.1889464060150369,-0.21766402642146437,-0.23561782802607117,,,False,0.019464039267215655,0.16062633046902888,-0.1863189102301997,-0.20578294949741535,,,False
235.0,0.01788145707483002,0.1841107551020402,-0.2127310468967748,-0.23061250397160482,,,False,0.01978689072622039,0.15891199570354364,-0.18452147202642216,-0.20430836275264255,,,False
236.0,0.01795900337570122,0.18432968134622213,-0.21290106908657297,-0.2308600724622742,,,False,0.019715025415920767,0.15104633870390183,-0.17654793508907912,-0.1962629605049999,,,False
237.0,0.018063131965628365,0.17653235087719243,-0.204757834412021,-0.22282096637764937,,,False,0.020089521222699636,0.15337119656283468,-0.17889763213297433,-0.19898715335567396,,,False
238.0,0.017910804806062858,0.18381553920515503,-0.21239502595336335,-0.2303058307594262,,,False,0.01985303191430962,0.15329229180093007,-0.17908647995576354,-0.19893951187007317,,,False
239.0,0.01783099792218651,0.18599111672037172,-0.21465598253232793,-0.23248698045451444,0.0,0.01783099792218651,True,0.019741543123881156,0.15292409989258773,-0.17863403883259849,-0.19837558195647964,0.0,0.019741543123881156,True
240.0,0.018414879409834134,0.15210523558897188,-0.1792229285890285,-0.19763780799886263,,,False,0.020355551025182023,0.15837867991407006,-0.1841715202389358,-0.20452707126411782,,,False
241.0,0.01739803617138086,0.19828268850698116,-0.22782642481860094,-0.2452244609899818,,,False,0.019908208894856227,0.15845141962047887,-0.18447392297681608,-0.2043821318716723,,,False
242.0,0.01816452525361023,0.1761119155030427,-0.20420511834002092,-0.22236964359363115,,,False,0.020090812531328328,0.15563915538847042,-0.18156544321408813,-0.20165625574541646,,,False
243.0,0.017943562984843092,0.17743552273540938,-0.20582442038832383,-0.22376798337316692,,,False,0.020370607348132258,0.1623724471894013,-0.18840900489536266,-0.20877961224349492,,,False
244.0,0.01796527364303624,0.1920921646974574,-0.22073615002525393,-0.23870142366829017,,,False,0.02006661015873018,0.1628913061224481,-0.18910171818979504,-0.20916832834852522,,,False
245.0,0.01805139772287867,0.1873352456140344,-0.2158286934080143,-0.23388009113089298,,,False,0.020331823957512873,0.16069517937701328,-0.18670306623458577,-0.20703489019209864,,,False
246.0,0.017928971250746023,0.1923740082348725,-0.22112693337713163,-0.23905590462787765,,,False,0.02023464357978283,0.1607059806659496,-0.18690480983522995,-0.20713945341501278,,,False
247.0,0.017401052769423636,0.1758793458646611,-0.20473139401371154,-0.22213244678313518,,,False,0.02029589346103358,0.15556306695309632,-0.18164345191646897,-0.20193934537750255,,,False
248.0,0.01888189778732552,0.21479783601861757,-0.24329431895659676,-0.2621762167439223,,,False,0.020256198108962925,0.1546770304332251,-0.18089774583698448,-0.2011539439459474,,,False
249.0,0.018022155393245115,0.1801458761188679,-0.20848320116135688,-0.226505356554602,0.0,0.018022155393245115,True,0.020029788608425858,0.15823180844969492,-0.18485653092837373,-0.2048863195367996,0.0,0.020029788608425858,True
250.0,0.018069688486096247,0.17330103616183265,-0.20130723150237106,-0.2193769199884673,,,False,0.019888259837689493,0.157899121016827,-0.18452529744996338,-0.20441355728765287,,,False
251.0,0.01684973208139401,0.1467320547798059,-0.17512127158182306,-0.19197100366321707,,,False,0.019983844967179865,0.1557355288220545,-0.18230603510862803,-0.2022898800758079,,,False
252.0,0.018556268988542846,0.22398852058718177,-0.2529493591150543,-0.27150562810359713,,,False,0.020082239052989614,0.15740907017543773,-0.18391078583542703,-0.20399302488841664,,,False
253.0,0.017808875436209654,0.18885551235230852,-0.217568851254534,-0.23537772669074367,,,False,0.020546120375343147,0.1553805900465442,-0.18194618948821983,-0.20249230986356298,,,False
254.0,0.01794263882205513,0.18298582133906138,-0.2114095242221456,-0.22935216304420072,,,False,0.0202579313575606,0.16240785821696999,-0.1892432154556381,-0.2095011468131987,,,False
255.0,0.018029267857142928,0.18254700680272054,-0.210863486339183,-0.22889275419632593,,,False,0.02038753070473806,0.15872948370927226,-0.1855009347717857,-0.20588846547652376,,,False
256.0,0.017154149791144546,0.15029900716075859,-0.17849085406843562,-0.19564500385958017,,,False,0.020311929148466412,0.1542009201575359,-0.18098712959953378,-0.2012990587480002,,,False
257.0,0.018376421788399655,0.19236029359111992,-0.22066500778045034,-0.23904142956885,,,False,0.0204559077652465,0.15805853920515497,-0.1848846963104181,-0.2053406040756646,,,False
258.0,0.017622396620121827,0.1762798657357677,-0.2047223226756495,-0.22234471929577132,,,False,0.020155427078410337,0.159751790547797,-0.18685230102486466,-0.207007728103275,,,False
259.0,0.01729219448681235,0.22728823236663054,-0.25765958095747116,-0.2749517754442835,0.0,0.01729219448681235,True,0.020409354469507146,0.15898729573934728,-0.18604887103800466,-0.2064582255075118,0.0,0.020409354469507146,True
260.0,0.017508325272705655,0.16569899570354385,-0.19398597549268448,-0.21149430076539014,,,False,0.020270768551139795,0.16240658145363326,-0.18965704517576,-0.20992781372689978,,,False
261.0,0.017348398330946396,0.1748769287504469,-0.20363021318182972,-0.22097861151277612,,,False,0.020515920755460104,0.16564575116362232,-0.19290100432898216,-0.21341692508444227,,,False
262.0,0.017868021427378006,0.18507934192624345,-0.21357575709577153,-0.23144377852314954,,,False,0.02039464126029364,0.1615337218045104,-0.1889222937435544,-0.20931693500384804,,,False
263.0,0.01792889481203014,0.18470450984604303,-0.21312336217021627,-0.2310522569822464,,,False,0.020427525563909782,0.16290085141424918,-0.1901709151937337,-0.21059844075764347,,,False
264.0,0.01786591152106462,0.18579225241675568,-0.21430957285209612,-0.23217548437316074,,,False,0.02026215986931615,0.15590001575366902,-0.18316599741059708,-0.20342815727991323,,,False
265.0,0.01871244483231893,0.18090932975295315,-0.20851727762551603,-0.22722972245783496,,,False,0.02063233685702351,0.15490081310418802,-0.18201304312797967,-0.20264537998500318,,,False
266.0,0.017942153764769098,0.1841638188327957,-0.21254905094325616,-0.23049120470802525,,,False,0.02028301875164104,0.16224404940923656,-0.18983214713694868,-0.21011516588858972,,,False
267.0,0.017216379158610795,0.1609789355531676,-0.18948865744897214,-0.20670503660758294,,,False,0.020336823987349345,0.16129669244539824,-0.1888215223673102,-0.20915834635465955,,,False
268.0,0.01795169623642437,0.18284990726816966,-0.21123222709856215,-0.22918392333498652,,,False,0.02041435817400647,0.15321266416040005,-0.18043412051609287,-0.20084847869009934,,,False
269.0,0.01786543406552099,0.18547419763694886,-0.21401012338365993,-0.23187555744918092,0.0,0.01786543406552099,True,0.020765802496121255,0.1586894905119934,-0.18594599432246606,-0.2067117968185873,0.0,0.020765802496121255,True
270.0,0.01795976184031514,0.1844670286430354,-0.21289088514994764,-0.23085064699026278,,,False,0.020537411625492358,0.16030568421052543,-0.18787512136455325,-0.2084125329900456,,,False
271.0,0.017197689088196688,0.16623895273898967,-0.1948652632093334,-0.21206295229753008,,,False,0.020679730498866233,0.16610729931972687,-0.19371356871666562,-0.21439329921553185,,,False
272.0,0.017761075123523123,0.18386222627998522,-0.21242354924858814,-0.23018462437211126,,,False,0.0208582827521184,0.16164056569996316,-0.18937808739169254,-0.21023637014381094,,,False
273.0,0.018316504603771377,0.16168243788041475,-0.18896493565211325,-0.20728144025588463,,,False,0.020619414773839356,0.1596359480844958,-0.1874493937879868,-0.20806880856182616,,,False
274.0,0.018449236506146383,0.17442548227712093,-0.20198764783920897,-0.22043688434535536,,,False,0.020894351350399826,0.1619099233798774,-0.1896344957766551,-0.2105288471270549,,,False
275.0,0.0179527168224132,0.18388695345506575,-0.21224582860612412,-0.23019854542853732,,,False,0.02088388525122331,0.15648792588614316,-0.18415937674763622,-0.20504326199885953,,,False
276.0,0.018366961396944853,0.1800480032223408,-0.20782944923918922,-0.22619641063613408,,,False,0.02108846286549712,0.1652779466523442,-0.19318500715529802,-0.21427347002079514,,,False
277.0,0.017962283616780123,0.18855057823129187,-0.2169854233708156,-0.23494770698759573,,,False,0.02100390694891993,0.1601536616541344,-0.18822052410531592,-0.20922443105423585,,,False
278.0,0.018307129016589152,0.16363406015037546,-0.19106739362648711,-0.20937452264307627,,,False,0.02117047099534558,0.1666653573218751,-0.19499909337015642,-0.216169564365502,,,False
279.0,0.01827220113438363,0.19502365556748946,-0.22347169104268455,-0.24174389217706818,0.0,0.01827220113438363,True,0.021062826329514284,0.16175892409595322,-0.18995072334810148,-0.21101354967761576,0.0,0.021062826329514284,True
280.0,0.017922053924692732,0.1856955925528098,-0.21415072062274892,-0.23207277454744166,,,False,0.02125205100190955,0.16366380665950472,-0.19191096070332858,-0.21316301170523813,,,False
281.0,0.017951815515574704,0.18494258718224077,-0.213345246736167,-0.2312970622517417,,,False,0.02070558145960144,0.1552285452917998,-0.18343954391108014,-0.20414512537068158,,,False
282.0,0.017799135538250466,0.1909200633727167,-0.21968534425857483,-0.2374844797968253,,,False,0.02082393663145965,0.16369657321876024,-0.19209202746994175,-0.2129159641014014,,,False
283.0,0.017700436029955913,0.2011071149301816,-0.2301468685616574,-0.2478473045916133,,,False,0.021218272860723253,0.16411330075187897,-0.1926126132554773,-0.21383088611620055,,,False
284.0,0.017957234551855883,0.18562723344074417,-0.21402380160200368,-0.23198103615385957,,,False,0.02096380749194418,0.15738912602935817,-0.18583213289600686,-0.20679594038795104,,,False
285.0,0.01727741768707486,0.18985068707482952,-0.21901495285881595,-0.2362923705458908,,,False,0.021394691322353526,0.16272460150375836,-0.19124643773340388,-0.2126411290557574,,,False
286.0,0.0177124928511756,0.19958445112781886,-0.22866168862653424,-0.24637418147770984,,,False,0.02133834870688628,0.1674026777658424,-0.19612156754602506,-0.21745991625291133,,,False
287.0,0.01656655589628836,0.13597113175796555,-0.16425656181774576,-0.18082311771403412,,,False,0.02142909192087361,0.16542385678481825,-0.19414212706172485,-0.21557121898259846,,,False
288.0,0.017070195826470985,0.1977343623344069,-0.2273976367858942,-0.24446783261236518,,,False,0.02123610271273424,0.17020527783744976,-0.19932598011204694,-0.22056208282478118,,,False
289.0,0.01799627756414851,0.24749260615825205,-0.27765786337993265,-0.29565414094408116,0.0,0.01799627756414851,True,0.021247563373910983,0.17053567382742482,-0.1996379957780693,-0.22088555915198027,0.0,0.021247563373910983,True
290.0,0.018582987952022928,0.19222888148943684,-0.22015164271773474,-0.23873463066975767,,,False,0.02161782894736844,0.17259250411743546,-0.20179487662076523,-0.22341270556813367,,,False
291.0,0.017506677222818956,0.19410147869674108,-0.22323707665656206,-0.24074375387938102,,,False,0.02116754949039265,0.16879485964912178,-0.19804248961791882,-0.21921003910831147,,,False
292.0,0.017810548413295185,0.19130683924095912,-0.2200457040977053,-0.23785625251100048,,,False,0.021333588957512833,0.1627183766559246,-0.1914898112992114,-0.21282340025672422,,,False
293.0,0.017910830409953504,0.18350362656641528,-0.21185394031544286,-0.22976477072539636,,,False,0.021011328099415222,0.15677335087719205,-0.18516230022611796,-0.20617362832553318,,,False
294.0,0.01800783283088686,0.18235853598281357,-0.21057161045323453,-0.2285794432841214,,,False,0.021122258391216175,0.15582973970640793,-0.18393823825522643,-0.2050604966464426,,,False
295.0,0.01633611080379524,0.17995126029359063,-0.2097689087060574,-0.22610501950985265,,,False,0.021102126118271863,0.15907855388471082,-0.187072633913336,-0.20817476003160787,,,False
296.0,0.017825058159088303,0.18613071715001733,-0.21462485943536563,-0.23244991759445394,,,False,0.02172615066416042,0.15746804797708464,-0.1854102269144638,-0.20713637757862421,,,False
297.0,0.01686888576799145,0.28976787862513376,-0.32349681134228736,-0.3403656971102788,,,False,0.021227265143215213,0.16203741783028916,-0.19050811178646532,-0.21173537692968053,,,False
298.0,0.018143648677049817,0.2101800626566413,-0.23848582123794815,-0.25662946991499797,,,False,0.02165094988363761,0.16399811672037143,-0.1922329736978151,-0.21388392358145272,,,False
299.0,0.014891422043203345,0.19898913927676137,-0.2279892226423309,-0.24288064468553425,0.0,0.014891422043203345,True,0.021775876466762212,0.15994751414249836,-0.18828617468122016,-0.21006205114798238,0.0,0.021775876466762212,True
300.0,0.01957575816207191,0.46172424668814854,-0.4959209873525473,-0.5154967455146192,,,False,0.02094151205991171,0.16030098496240497,-0.18901030684656178,-0.2099518189064735,,,False
301.0,0.027399728430600328,-0.007731679914070437,-0.004593245786763078,-0.031992974217363405,,,False,0.03645434926005492,0.014701218761188248,-0.021479712726386956,-0.057934061986441875,,,False
302.0,0.015713812476429168,0.2098628227712127,-0.24018342219274658,-0.25589723466917574,,,False,0.020765989569160953,0.15307377551020313,-0.179698561107142,-0.20046455067630295,,,False
303.0,0.017807550646258552,0.1709404557823129,-0.19831158207253052,-0.21611913271878908,,,False,0.020205992644707016,0.15470327103472858,-0.18179930694708096,-0.20200529959178798,,,False
304.0,0.017393781775271566,0.24442749015395673,-0.27522958439566103,-0.2926233661709326,,,False,0.02057545725802601,0.155308374865735,-0.1823895248068199,-0.20296498206484592,,,False
305.0,0.020940077018737346,0.16681675080558644,-0.1903816635012578,-0.21132174051999514,,,False,0.020781643172813002,0.15227006050841316,-0.17924886443467525,-0.20003050760748825,,,False
306.0,0.010905535488721835,0.11327870569280288,-0.14318562554924755,-0.15409116103796938,,,False,0.020600709894975533,0.14942255889724215,-0.17640516053693067,-0.1970058704319062,,,False
307.0,0.018296612873254625,0.25567234658073573,-0.2860268683764192,-0.30432348124967384,,,False,0.021275249333452706,0.15440420730397325,-0.18151194294752854,-0.20278719228098124,,,False
308.0,0.016289468509965405,0.08559230648048825,-0.1129947702710905,-0.1292842387810559,,,False,0.021132672372598166,0.16371337987826634,-0.19144362521714925,-0.21257629758974741,,,False
309.0,0.017861448447905492,0.11287346079484294,-0.13841922457532843,-0.15628067302323392,0.0,0.017861448447905492,True,0.021276133354815596,0.15834743036161744,-0.1860297079883092,-0.2073058413431248,0.0,0.021276133354815596,True
310.0,0.01563211403508777,0.15857275008950847,-0.18673797467622016,-0.20237008871130793,,,False,0.020890503493853713,0.15831559935553083,-0.18624611954763615,-0.20713662304148986,,,False
311.0,0.015081422188805427,0.1812251317579646,-0.21206925259154052,-0.22715067478034595,,,False,0.02084453943788045,0.15908606766917194,-0.18698210374709884,-0.2078266431849793,,,False
312.0,0.018793081147511687,0.09764536376655915,-0.12334922816539409,-0.14214230931290578,,,False,0.020725162565938704,0.1685410422484774,-0.19677094880717766,-0.21749611137311636,,,False
313.0,0.018647971919083406,0.15539332545649637,-0.18169557974860806,-0.20034355166769147,,,False,0.02150302341329513,0.16295122019333963,-0.19097406037132036,-0.2124770837846155,,,False
314.0,0.018236614616302667,-0.006137516290728339,-0.016234226957564497,-0.034470841573867164,,,False,0.020877879005847977,0.1621153891872528,-0.19057298723268778,-0.21145086623853576,,,False
315.0,0.016579328405537774,0.3318990991765127,-0.364717205832103,-0.38129653423764076,,,False,0.021140190594343022,0.15668659147869576,-0.1848061049453983,-0.2059462955397413,,,False
316.0,0.01664676122628006,0.2283352660221979,-0.2577514571620145,-0.27439821838829453,,,False,0.02136791241436925,0.1585042764052981,-0.18663113940486853,-0.20799905181923778,,,False
317.0,0.01761322207005611,0.05057174185463591,-0.07651450046321087,-0.09412772253326698,,,False,0.021045891780045345,0.15917061224489693,-0.18776141034693772,-0.20880730212698306,,,False
318.0,0.01674267311910735,0.1620258893662727,-0.1907078310584725,-0.20745050417757985,,,False,0.02119836068504599,0.15880844862155288,-0.1872586624239696,-0.2084570231090156,,,False
319.0,0.015430733799379454,0.1520800050125297,-0.18125000507500155,-0.196680738874381,0.0,0.015430733799379454,True,0.02140259382265186,0.16236194629430611,-0.1909994593731461,-0.21240205319579797,0.0,0.02140259382265186,True
320.0,0.019276159615109256,0.12391811134980231,-0.1488290749257457,-0.16810523454085496,,,False,0.021336717995584287,0.16050871750805484,-0.1892624940485489,-0.21059921204413318,,,False
321.0,0.018953203837570154,0.16053775044754598,-0.18754458939326807,-0.20649779323083822,,,False,0.021461565284640216,0.16337420909416303,-0.19231287246032847,-0.21377443774496868,,,False
322.0,0.017684037757489002,0.14714250662370162,-0.17370749236049576,-0.19139153011798477,,,False,0.021464766615347908,0.16711317221625402,-0.1962317809364474,-0.2176965475517953,,,False
323.0,0.01983014531626698,0.28934394056570023,-0.31996641241969076,-0.33979655773595774,,,False,0.021224408023630487,0.16552671965628252,-0.19485074045778633,-0.21607514848141682,,,False
324.0,0.014875840242869143,0.30196344862155233,-0.33667165875895005,-0.3515474990018192,,,False,0.021334949595417096,0.16085374292874946,-0.18990184694765394,-0.21123679654307104,,,False
325.0,0.016236862760472703,0.38137373684210524,-0.41550575016837166,-0.43174261292884436,,,False,0.021370360960138474,0.16041257679913973,-0.1894489248383986,-0.21081928579853706,,,False
326.0,0.015038330656402976,0.12189356641603878,-0.15113229984193416,-0.16617063049833714,,,False,0.021228796719178905,0.16021515252416654,-0.1893487538180978,-0.2105775505372767,,,False
327.0,0.018213588331543185,0.21053561833154233,-0.24051949187145355,-0.25873308020299673,,,False,0.021507467802840463,0.1646671596849256,-0.193866547861134,-0.21537401566397446,,,False
328.0,0.016319745574650935,0.18278571285356102,-0.2133228995285399,-0.22964264510319082,,,False,0.021781061177348154,0.15686356390977335,-0.18587951924930074,-0.2076605804266489,,,False
329.0,0.02160375637247891,0.27526361475116234,-0.3040101805338676,-0.3256139369063465,0.0,0.02160375637247891,True,0.021698420436806337,0.15650609308986635,-0.1857227770798771,-0.20742119751668345,0.0,0.021698420436806337,True
330.0,0.015194063909774458,0.2429186863587537,-0.27550925930822956,-0.290703323218004,,,False,0.02165929991765131,0.16749068814894263,-0.19730381019169235,-0.21896311010934366,,,False
331.0,0.01946902832199554,0.18720978231292448,-0.21486677067175436,-0.2343357989937499,,,False,0.021773134683733125,0.17250549480844884,-0.20236711987563477,-0.2241402545593679,,,False
332.0,0.014402404576321776,0.08662345864661591,-0.11571200017426359,-0.13011440475058536,,,False,0.021896198434777414,0.16443088184747495,-0.19420317664602493,-0.21609937508080235,,,False
333.0,0.016010096211361763,0.1621932918009298,-0.191636885622392,-0.20764698183375377,,,False,0.02171136417531927,0.16308152953813007,-0.1930207428300742,-0.21473210700539347,,,False
334.0,0.018287427106456644,0.24069060902255518,-0.27015086026350255,-0.2884382873699592,,,False,0.021971004606158306,0.16016123702112325,-0.18996855976306737,-0.21193956436922567,,,False
335.0,0.015391951757966371,0.11869567597565306,-0.1468895595903176,-0.16228151134828397,,,False,0.02200180660401002,0.16418032187611775,-0.19421430757896418,-0.2162161141829742,,,False
336.0,0.01734910856844496,0.13127820515574687,-0.15981737917241068,-0.17716648774085564,,,False,0.022170872490750698,0.17028708020050032,-0.200444159786698,-0.2226150322774487,,,False
337.0,0.01699611034968379,0.24205219656283591,-0.2720234854864342,-0.28901959583611797,,,False,0.02196450081274623,0.1702174815610445,-0.20065684653193594,-0.22262134734468217,,,False
338.0,0.016122581578947387,0.0822839377013949,-0.10918171000248614,-0.12530429158143352,,,False,0.022059641534789398,0.16590807196562699,-0.19630257032679777,-0.21836221186158716,,,False
339.0,0.015273820198711097,0.20160781417830184,-0.23288336046052532,-0.24815718065923642,0.0,0.015273820198711097,True,0.02252390030075188,0.16876431077694118,-0.19908795090368664,-0.22161185120443852,0.0,0.02252390030075188,True
340.0,0.018445559396109423,0.19261545005370487,-0.21922368512445023,-0.23766924452055965,,,False,0.021849228905000656,0.17038733977801537,-0.20125696521410558,-0.22310619411910623,,,False
341.0,0.01673001240004774,0.017186944146078718,-0.04168643737225487,-0.05841644977230261,,,False,0.021713249506504356,0.1654153967060497,-0.19605941378440633,-0.2177726632909107,,,False
342.0,0.020936318431793832,0.2877945223773705,-0.3157572107875194,-0.3366935292193132,,,False,0.022052617687074838,0.17604495238095122,-0.20662412693605325,-0.2286767446231281,,,False
343.0,0.019179199445041234,0.1865133086287143,-0.21448990560141967,-0.2336691050464609,,,False,0.02194084103831004,0.17396461260293508,-0.20478437616786538,-0.22672521720617542,,,False
344.0,0.017183459854397898,0.26465934085213055,-0.29536337545789293,-0.3125468353122908,,,False,0.02187595688566657,0.17321966129609617,-0.20420484732520472,-0.2260808042108713,,,False
345.0,0.018698281667860195,0.3051516104547088,-0.3359442911470854,-0.3546425728149456,,,False,0.02208430596491226,0.16842698460436717,-0.19910586053583879,-0.22119016650075105,,,False
346.0,0.018882022935314546,0.2435038045112768,-0.27072014758295454,-0.2896021705182691,,,False,0.022661159870509623,0.16710840852130235,-0.1977870013250081,-0.22044816119551772,,,False
347.0,0.01742962723356012,0.27622655782312794,-0.307772201112815,-0.3252018283463751,,,False,0.0218328734359709,0.17127842427497203,-0.2023840011539731,-0.224216874589944,,,False
348.0,0.017945183017663235,0.1479050483351233,-0.17410808029172908,-0.19205326330939232,,,False,0.022041218428213438,0.16592235087719184,-0.19662177522509733,-0.21866299365331077,,,False
349.0,0.01990239191789006,0.2626317150017894,-0.29158110035785095,-0.311483492275741,0.0,0.01990239191789006,True,0.022071952881012047,0.16600831793770032,-0.19682835799978415,-0.2189003108807962,0.0,0.022071952881012047,True
350.0,0.014909363686597454,0.2746611639813823,-0.3084370372982194,-0.3233464009848169,,,False,0.021748417552213878,0.16655556963838059,-0.19747015573923993,-0.2192185732914538,,,False
351.0,0.01851507048633491,0.14966744396706066,-0.17602359168520104,-0.19453866217153595,,,False,0.022123648154314363,0.1625327651271023,-0.19316818162167804,-0.2152918297759924,,,False
352.0,0.015016043752834496,0.10943140136054372,-0.1374931948879995,-0.152509238640834,,,False,0.022257755145005387,0.17421873827425616,-0.20507303978274172,-0.2273307949277471,,,False
353.0,0.02231557830827069,0.13307228929466527,-0.15767134359154464,-0.17998692189981533,,,False,0.02222097157298006,0.16971771535982713,-0.20046223516686262,-0.22268320673984268,,,False
354.0,0.018769910454708216,0.20125433154314296,-0.22910718670218633,-0.24787709715689454,,,False,0.021803828888888932,0.17107269387754992,-0.20215026524285606,-0.223954094131745,,,False
355.0,0.013030586710824799,0.3753052670963119,-0.41224178489581265,-0.42527237160663744,,,False,0.02255334848728968,0.16898893233082593,-0.19983801903351123,-0.2223913675208009,,,False
356.0,0.018367182059315035,0.1925139212316496,-0.22039164178316123,-0.23875882384247626,,,False,0.02216946690297178,0.16924951629072574,-0.20031639995168166,-0.22248586685465344,,,False
357.0,0.017927454054183167,0.1914234357321871,-0.21978959181868035,-0.23771704587286352,,,False,0.022311593331543172,0.17343054350161038,-0.20456256773705622,-0.2268741610685994,,,False
358.0,0.01860357116959066,0.1794251095596132,-0.2070425769839333,-0.22564614815352396,,,False,0.02269470775152166,0.16968384890798321,-0.2006201445400993,-0.22331485229162096,,,False
359.0,0.02065940021959667,0.40673326924453934,-0.438885328052225,-0.4595447282718217,0.0,0.02065940021959667,True,0.022920959439670596,0.17244544933762895,-0.2036344295750082,-0.2265553890146788,0.0,0.022920959439670596,True
360.0,0.01714959158789836,0.140295131757966,-0.16783818230133798,-0.18498777388923635,,,False,0.022454894076858856,0.17423783709273075,-0.20566816107806912,-0.22812305515492798,,,False
361.0,0.01881553923320209,0.18779386788399335,-0.21467683567785584,-0.23349237491105793,,,False,0.022760869541114753,0.1718745692803426,-0.20327658957443495,-0.2260374591155497,,,False
362.0,0.017881544892588752,0.38099357608306383,-0.41268814322121916,-0.4305696881138079,,,False,0.02259203688089273,0.167362097028284,-0.19884578919375123,-0.22143782607464396,,,False
363.0,0.017974806908939073,0.16099394271392692,-0.18827178399626554,-0.2062465909052046,,,False,0.02209644829394919,0.17505390261367595,-0.20683631122001322,-0.2289327595139624,,,False
364.0,0.018213033308867477,0.13515687683494373,-0.16071596252757597,-0.17892899583644345,,,False,0.022544933190118188,0.17375505836018518,-0.20520156705911108,-0.22774650024922927,,,False
365.0,0.018243397074233336,0.26628513354815553,-0.2964276514459671,-0.31467104852020045,,,False,0.022483477932330853,0.16712014572144546,-0.19849374030313183,-0.22097721823546268,,,False
366.0,0.017578099200978747,0.21696885499462887,-0.2463816048418726,-0.26395970404285135,,,False,0.02221060649958234,0.17233095130683757,-0.20387019699163883,-0.22608080349122117,,,False
367.0,0.021141049949278068,0.2509158413891871,-0.2776643329290975,-0.29880538287837555,,,False,0.022941102506862432,0.16508096419620372,-0.1963007773266549,-0.21924187983351734,,,False
368.0,0.017229401999641986,0.13402360257787332,-0.1605533676395318,-0.17778276963917378,,,False,0.022493612544456393,0.16935050984604275,-0.20090102001478605,-0.22339463255924244,,,False
369.0,0.01922057490631346,0.2249035044754731,-0.25203073758991923,-0.2712513124962327,0.0,0.01922057490631346,True,0.022192813175199888,0.17011222019333946,-0.20169319732132018,-0.22388601049652007,0.0,0.022192813175199888,True
370.0,0.015909594993436027,0.18445856426781124,-0.213731329328828,-0.22964092432226402,,,False,0.02265253612125548,0.1723598317221614,-0.2037709624702818,-0.2264234985915373,,,False
371.0,0.013675698366750227,0.03682213354815658,-0.06222399061123357,-0.0758996889779838,,,False,0.022501740595536446,0.16925518152524074,-0.20075037687035352,-0.22325211746588997,,,False
372.0,0.016970061608187176,0.1869607883995686,-0.2161202963408403,-0.23309035794902747,,,False,0.022582578635875455,0.175197522377371,-0.20673423742785435,-0.2293168160637298,,,False
373.0,0.021685151493018306,0.23862149516648717,-0.2669880636820103,-0.2886732151750286,,,False,0.02321798450232726,0.16915205943429903,-0.20054606601679098,-0.22376405051911824,,,False
374.0,0.019280436226280007,0.10283689867525855,-0.1271513850942589,-0.14643182132053892,,,False,0.022669452416756164,0.16750114357321785,-0.19954164445409867,-0.22221109687085483,,,False
375.0,0.017705914246926857,0.19969008199069105,-0.2283902156238647,-0.24609612987079155,,,False,0.02306028329812626,0.17940261403508678,-0.21136400920871729,-0.23442429250684355,,,False
376.0,0.015833525837212148,0.15194876799140689,-0.18107735188790314,-0.19691087772511529,,,False,0.022520581158252784,0.17264958575008818,-0.20481975866464242,-0.2273403398228952,,,False
377.0,0.018188467234156847,0.29870882563551665,-0.3300073604108478,-0.3481958276450047,,,False,0.02300177291681585,0.17459591049051104,-0.2064105629273532,-0.22941233584416906,,,False
378.0,0.01917269880654017,0.06453861331901069,-0.08787235851853159,-0.10704505732507176,,,False,0.022547066259100107,0.17070362835660474,-0.20262315560805488,-0.225170221867155,,,False
379.0,0.018504774035684513,0.2084060927318297,-0.23837359732233532,-0.25687837135801983,0.0,0.018504774035684513,True,0.02345787158073756,0.17104693161474988,-0.20288819539777891,-0.22634606697851647,0.0,0.02345787158073756,True
380.0,0.016625351803914612,0.20210807984246298,-0.23203612621202324,-0.24866147801593785,,,False,0.02233718341210167,0.16778206552094427,-0.19987009102561676,-0.22220727443771843,,,False
381.0,0.018844043027807622,0.16147820658789705,-0.18800879055815334,-0.20685283358596096,,,False,0.022055165923141218,0.1730029452201923,-0.2046533653522009,-0.22670853127534213,,,False
382.0,0.01996737711779456,0.26691014643752015,-0.29704765512276676,-0.3170150322405613,,,False,0.022453434949874673,0.1752807282491933,-0.2065590400559602,-0.22901247500583488,,,False
383.0,0.01562608433404941,0.16844993089867313,-0.1976517238755876,-0.21327780820963702,,,False,0.022593029679556065,0.17095617794486134,-0.20219560110087637,-0.22478863078043243,,,False
384.0,0.014176459995822926,0.12232947905477752,-0.1523238988858945,-0.16650035888171744,,,False,0.022594564958228952,0.16884151843895343,-0.2001106986813272,-0.22270526363955614,,,False
385.0,0.018195708644826364,0.1177537368421037,-0.1440897077912272,-0.16228541643605357,,,False,0.022681610631340304,0.17059469924811899,-0.2020200182832962,-0.2247016289146365,,,False
386.0,0.0195352021356964,0.17987791550304302,-0.2061555185474498,-0.2256907206831462,,,False,0.022959501632653034,0.1766737619047608,-0.20846452702618945,-0.23142402865884248,,,False
387.0,0.01767065218045112,0.02067317830289889,-0.04386817450766148,-0.0615388266881126,,,False,0.023120747154195043,0.17182379591836613,-0.20364291595306006,-0.2267636631072551,,,False
388.0,0.019287300717866107,0.09456062047977043,-0.11909137683068269,-0.1383786775485488,,,False,0.02263755315550786,0.17564715109201462,-0.20777366809357206,-0.23041122124907992,,,False
389.0,0.01795897511755587,0.1582051467955595,-0.18621824224430633,-0.2041772173618622,0.0,0.01795897511755587,True,0.02306877885547204,0.17140569638381584,-0.203292971423021,-0.22636175027849303,0.0,0.02306877885547204,True
390.0,0.019914863402554023,0.10041563766559126,-0.12401352117532843,-0.14392838457788246,,,False,0.022916367966344414,0.17863398245613915,-0.21081066195823372,-0.23372702992457814,,,False
391.0,0.01562751435612847,0.1288151392767634,-0.15837691673221055,-0.17400443108833902,,,False,0.022642870852727093,0.17447460186179636,-0.20676105820331075,-0.22940392905603785,,,False
392.0,0.019500735892111265,0.12445170605084074,-0.14990327844245907,-0.16940401433457034,,,False,0.0233938845828858,0.1719160508413881,-0.20391390725331082,-0.22730779183619662,,,False
393.0,0.012215141700680304,0.08407505442176755,-0.11331374760012128,-0.12552888930080158,,,False,0.023357170252416765,0.17244059076261992,-0.20487550855048248,-0.22823267880289924,,,False
394.0,0.017861207763456344,0.2963199602577866,-0.3284311051829402,-0.34629231294639656,,,False,0.022857740289414008,0.17274376655925427,-0.20537175468599972,-0.22822949497541373,,,False
395.0,0.02067002006385013,0.1056957647690645,-0.1290118747595285,-0.14968189482337863,,,False,0.023393588767752715,0.1665774640171845,-0.19874346831261958,-0.2221370570803723,,,False
396.0,0.017576477372001464,0.22138355424274936,-0.25066242079290396,-0.2682388981649054,,,False,0.023251738420455914,0.1750764883637655,-0.20738231939792234,-0.23063405781837826,,,False
397.0,0.0201501907148825,0.195328465091299,-0.2210182990727662,-0.2411684897876487,,,False,0.02313829436686954,0.1712348510562109,-0.20364129093198968,-0.22677958529885922,,,False
398.0,0.017584270433225968,0.2623684522019327,-0.29469876046555676,-0.31228303089878273,,,False,0.02308155687074831,0.17623242857142746,-0.20865108276632544,-0.23173263963707375,,,False
399.0,0.015746848542785574,0.2903125735767981,-0.3216493326752686,-0.33739618121805415,0.0,0.015746848542785574,True,0.02323146414727295,0.17101563623343943,-0.20326175167253718,-0.22649321581981013,0.0,0.02323146414727295,True
400.0,0.016489831240601494,0.24373906086645267,-0.27387642134527906,-0.29036625258588056,,,False,0.023068277327843445,0.17212155245255908,-0.20452091743472883,-0.22758919476257228,,,False
401.0,0.03260154349803079,-0.008764308270676901,-0.000839821677587331,-0.03344136517561812,,,False,0.040591591467955636,0.014947634801288169,-0.02253853145821618,-0.06313012292617182,,,False
402.0,0.017153530559732705,0.12823910597923338,-0.154982666430919,-0.17213619699065172,,,False,0.022643867000238738,0.16083494522019243,-0.1909832939562826,-0.21362716095652134,,,False
403.0,0.017242411849266087,0.1902605288220538,-0.21952838751038956,-0.23677079935965564,,,False,0.022990229884234437,0.16535212602935812,-0.19567783750110884,-0.21866806738534328,,,False
404.0,0.017179632234753578,0.19108995739348292,-0.21979128455798208,-0.23697091679273566,,,False,0.022609462566535454,0.1663887794486205,-0.1971679282301994,-0.21977739079673486,,,False
405.0,0.019960944138322015,0.05345889795918271,-0.07604286668889695,-0.09600381082721897,,,False,0.022762908449695668,0.16445558395989876,-0.1951249666783736,-0.21788787512806926,,,False
406.0,0.019242866865377767,0.19253452846401586,-0.22003568562203524,-0.239278552487413,,,False,0.023287423357202547,0.16862809344790436,-0.19943184435794736,-0.2227192677151499,,,False
407.0,0.020587541084855082,0.1410942706766912,-0.1657389702541734,-0.18632651133902847,,,False,0.023460711618928265,0.16735209201575277,-0.19834550525791178,-0.22180621687684005,,,False
408.0,0.01767590849266029,0.162287818832796,-0.19006569990031763,-0.20774160839297792,,,False,0.023424443416875496,0.17044305155746417,-0.2018299445982269,-0.2252543880151024,,,False
409.0,0.018603661497195445,0.1820983358395981,-0.2094551517650517,-0.22805881326224714,0.0,0.018603661497195445,True,0.02336340768170428,0.1661914332259208,-0.19765650046593158,-0.22101990814763586,0.0,0.02336340768170428,True
410.0,0.017750331975772776,0.14527194450411665,-0.17136833609909913,-0.1891186680748719,,,False,0.023504180178422235,0.16712524597207193,-0.19865841152502578,-0.22216259170344801,,,False
411.0,0.016511945058479555,0.13298810955961204,-0.1615747538676464,-0.17808669892612594,,,False,0.022942062306361144,0.1648050540637296,-0.1965806544304321,-0.21952271673679324,,,False
412.0,0.01806678501969211,0.3057006133190108,-0.3372739829133889,-0.355340767933081,,,False,0.023332940637307564,0.16601998281417718,-0.19771139899548762,-0.22104433963279518,,,False
413.0,0.018190605576441143,0.2375935571070532,-0.26755633890602565,-0.2857469444824668,,,False,0.02328762177228788,0.17115338238453173,-0.20290976512894637,-0.22619738690123425,,,False
414.0,0.020442206126626172,0.2674328814894383,-0.29646093976296073,-0.3169031458895869,,,False,0.023516249059553684,0.17288924740422373,-0.2048569412250616,-0.22837319028461528,,,False
415.0,0.018877693893662728,0.181441448621554,-0.20846536633470697,-0.2273430602283697,,,False,0.02339035442415563,0.1670434726100955,-0.1990092214944672,-0.22239957591862283,,,False
416.0,0.01943388898138204,0.1742877626208385,-0.20100644991087296,-0.220440338892255,,,False,0.023719817926960318,0.1757363340494082,-0.2079627973884522,-0.2316826153154125,,,False
417.0,0.01819252460078777,0.19712695596133098,-0.22533609790484965,-0.24352862250563742,,,False,0.02334720903568449,0.17722788865019584,-0.20992956791813355,-0.23327677695381804,,,False
418.0,0.015960048894856305,0.25099273254565,-0.28140186836881215,-0.29736191726366845,,,False,0.023407880933285607,0.17188481095596028,-0.2045591620269055,-0.2279670429601911,,,False
419.0,0.018720091418427065,0.24730450161117007,-0.2773411847889209,-0.29606127620734796,0.0,0.018720091418427065,True,0.023759438622150603,0.16674728786251225,-0.19910187382250155,-0.22286131244465215,0.0,0.023759438622150603,True
420.0,0.01411943092254453,0.17367005836018448,-0.20548779754724422,-0.21960722846978875,,,False,0.0232544377664399,0.179120469387754,-0.21205968367040712,-0.23531412143684702,,,False
421.0,0.014625194904523298,0.29497145614034925,-0.3284624340010873,-0.3430876289056106,,,False,0.02376057837570114,0.176636021482276,-0.20956148078216863,-0.23332205915786977,,,False
422.0,0.020451588884711797,0.1874182205513768,-0.21412127011426257,-0.23457285899897437,,,False,0.02362886214166371,0.1868656820622974,-0.22034069789205035,-0.24396956003371406,,,False
423.0,0.01839167633727179,0.26050932402434573,-0.2890071804825383,-0.3073988568198101,,,False,0.02319743580439193,0.17369829001073983,-0.20710457133684085,-0.23030200714123278,,,False
424.0,0.02139871025062659,0.10739234514858399,-0.1321151902494504,-0.153513900500077,,,False,0.023648198342881066,0.1707061217329025,-0.20368352048875638,-0.22733171883163744,,,False
425.0,0.01672579617257433,0.1293070540637313,-0.15613944373487057,-0.1728652399074449,,,False,0.02340322592493138,0.18006451736483953,-0.2134272236216065,-0.23683044954653787,,,False
426.0,0.018087561288936654,0.1464135155746504,-0.17315279628025515,-0.1912403575691918,,,False,0.02323703073934838,0.1817847651271024,-0.21528244065433122,-0.2385194713936796,,,False
427.0,0.016021408631101602,0.1400321077694229,-0.16960984854007877,-0.18563125717118037,,,False,0.023848399814417,0.17416486680988072,-0.20733612357728143,-0.23118452339169843,,,False
428.0,0.01837868251103955,0.14004457357679853,-0.16647511082073838,-0.18485379333177793,,,False,0.023486189328082163,0.17252996025778627,-0.20575774414645437,-0.22924393347453653,,,False
429.0,0.01617563675677293,0.06999445327604735,-0.09737968175494743,-0.11355531851172036,0.0,0.01617563675677293,True,0.023904323978398395,0.17351931471535884,-0.20674446694511184,-0.23064879092351023,0.0,0.023904323978398395,True
430.0,0.0161700845351474,0.09167745578231279,-0.11876441400922438,-0.13493449854437178,,,False,0.023700203009905746,0.17783718582169608,-0.2113243202459711,-0.23502452325587683,,,False
431.0,0.021730563121494295,0.3732430490511986,-0.4055550338979068,-0.4272855970194011,,,False,0.023576361360544196,0.17514935374149546,-0.20845904936904647,-0.23203541072959066,,,False
432.0,0.016852508965867097,0.18581519405656904,-0.21360767843387013,-0.23046018739973723,,,False,0.023709273279030885,0.17474588077336065,-0.20818817933324257,-0.23189745261227346,,,False
433.0,0.021212631407089233,0.210842957393483,-0.23655417646741062,-0.25776680787449985,,,False,0.023999684641962005,0.18179921052631456,-0.2155217661511804,-0.2395214507931424,,,False
434.0,0.016683192978279082,0.20737780809165812,-0.2379058238002968,-0.25458901677857587,,,False,0.023890991215538893,0.16858192839240843,-0.20207626457167804,-0.22596725578721694,,,False
435.0,0.0167165769602578,0.22941143716433826,-0.2598881038769141,-0.2766046808371719,,,False,0.023940677126148724,0.1756171815252406,-0.20922122458667997,-0.2331619017128287,,,False
436.0,0.018783470426661952,0.25564058789831656,-0.2865004818207125,-0.3052839522473745,,,False,0.023734757245494703,0.17914179842463174,-0.21312722931179606,-0.23686198655729077,,,False
437.0,0.015626918146556867,0.19208942642319857,-0.2227252436371363,-0.23835216178369317,,,False,0.02417593863706885,0.17934471786609277,-0.21317619848376207,-0.23735213712083092,,,False
438.0,0.015583825797231166,0.20297530755460025,-0.23402664590696837,-0.24961047170419953,,,False,0.023635804355531698,0.17978315717865967,-0.21386060514933636,-0.23749640950486806,,,False
439.0,0.016157594823367982,0.15880082957393343,-0.18853016545874618,-0.20468776028211416,0.0,0.016157594823367982,True,0.02419295292755705,0.17989783315431324,-0.21374478438868488,-0.23793773731624193,0.0,0.02419295292755705,True
440.0,0.017208205611051464,0.21966298818474703,-0.24809680764009817,-0.26530501325114964,,,False,0.023873623738512983,0.1748837221625481,-0.20907273931550197,-0.23294636305401495,,,False
441.0,0.015426554591836783,0.14959264625850294,-0.179215803425673,-0.1946423580175098,,,False,0.024364688622150632,0.18342341031149179,-0.21768224971025657,-0.2420469383324072,,,False
442.0,0.020075995593746343,0.22243003114930132,-0.24966220644749032,-0.26973820204123666,,,False,0.02365652852249675,0.182640760472609,-0.21717020424554134,-0.2408267327680381,,,False
443.0,0.018371248179377075,0.14518574794128214,-0.17200958863233978,-0.19038083681171686,,,False,0.02415163554302427,0.17624733512352195,-0.21028396197266264,-0.2344355975156869,,,False
444.0,0.01610487595178428,0.24148926960257808,-0.27321489532058024,-0.2893197712723645,,,False,0.023792447869077527,0.18249408413891777,-0.21673012037098005,-0.24052256824005758,,,False
445.0,0.014472627558181184,0.11598211851056157,-0.1445804314392841,-0.15905305899746527,,,False,0.023919078648406783,0.18257857500894997,-0.21687314883172115,-0.24079222748012793,,,False
446.0,0.017002295991168426,0.11277082957393379,-0.13983641567058325,-0.15683871166175167,,,False,0.024306363211600457,0.18382153634085094,-0.21813986470728486,-0.24244622791888532,,,False
447.0,0.017786814004654483,0.22742621410669375,-0.25648909989743346,-0.27427591390208794,,,False,0.024287679675378954,0.18345421482276994,-0.21795809404006317,-0.24224577371544212,,,False
448.0,0.019364882544456452,0.37209666630862803,-0.40454433095295095,-0.4239092134974074,,,False,0.024038325677288447,0.18627354529179962,-0.22101431155903922,-0.24505263723632767,,,False
449.0,0.019369456201217383,0.2067267253848897,-0.2333477551510278,-0.2527172113522452,0.0,0.019369456201217383,True,0.024350994530373565,0.18363641532402347,-0.21809765053691288,-0.24244864506728644,0.0,0.024350994530373565,True
450.0,0.018676285650435664,0.2937649291084843,-0.3246807383425918,-0.3433570239930275,,,False,0.024422522005012548,0.1852772781954874,-0.21985420489011687,-0.24427672689512941,,,False
451.0,0.017365589740422516,0.09504582814178344,-0.120506756961371,-0.13787234670179352,,,False,0.024389120911206652,0.1803631195846749,-0.2149849919621722,-0.23937411287337884,,,False
452.0,0.018037831236424495,0.23080345148585676,-0.2603452012806437,-0.2783830325170682,,,False,0.024465706172574347,0.179758176512709,-0.21449182177430937,-0.2389575279468837,,,False
453.0,0.01736309266797953,0.20562574292875058,-0.23511087635488725,-0.2524739690228668,,,False,0.02420769080379523,0.18414900859290934,-0.2189767572971521,-0.24318444810094733,,,False
454.0,0.018282757778374598,0.19687241747225206,-0.22435448325035873,-0.24263724102873332,,,False,0.024292544292875057,0.18594325456498273,-0.2209042865966691,-0.24519683088954417,,,False
455.0,0.015540659109082255,0.14228402685284566,-0.1717075701211958,-0.18724822923027806,,,False,0.024444912252655493,0.18420248836376552,-0.21914455299588154,-0.24358946524853703,,,False
456.0,0.015537350306719211,0.2543706827783741,-0.2867670973236237,-0.3023044476303429,,,False,0.024537113329752974,0.18385315503043204,-0.2185812450543848,-0.24311835838413778,,,False
457.0,0.01845891050423687,0.3608540973863223,-0.3939436385350241,-0.412402549039261,,,False,0.024334793620957196,0.188544738632294,-0.22340476084040356,-0.24773955446136076,,,False
458.0,0.017369946326530716,0.2488612108843522,-0.28096870251501876,-0.2983386488415495,,,False,0.02410700424453993,0.19284822162549103,-0.2280442661764578,-0.2521512704209977,,,False
459.0,0.017861848085093723,0.08452963086287171,-0.10991860687684021,-0.12778045496193394,0.0,0.017861848085093723,True,0.024038794036877864,0.1926635331185093,-0.22785123740873497,-0.25189003144561284,0.0,0.024038794036877864,True
460.0,0.015513144499940346,0.07699293376297849,-0.1044103668230372,-0.11992351132297754,,,False,0.02421709371882086,0.18824580272108757,-0.22328818230169994,-0.2475052760205208,,,False
461.0,0.015591193727771874,0.10971943215180661,-0.13697633270705326,-0.15256752643482513,,,False,0.024456997699009414,0.18693654672395144,-0.22179852110499337,-0.2462555188040028,,,False
462.0,0.014562996388590599,0.29048427425707146,-0.32448127238302493,-0.33904426877161553,,,False,0.024458214163384673,0.18680373111349685,-0.22180417021623589,-0.24626238437962056,,,False
463.0,0.019488533670485864,0.3465485861081255,-0.3790798613065307,-0.39856839497701657,,,False,0.0243773599200382,0.185240507697815,-0.2201587772871813,-0.2445361372072195,,,False
464.0,0.015417252851175567,0.10538742391693436,-0.13255009322518713,-0.1479673460763627,,,False,0.024401577987826772,0.18130206587898207,-0.2159609762608295,-0.24036255424865627,,,False
465.0,0.0206386348884115,0.2728267626208368,-0.302012040029361,-0.3226506749177725,,,False,0.024758520032223397,0.1812638224131747,-0.215909260154743,-0.24066778018696638,,,False
466.0,0.016607123150137293,0.162220448263515,-0.19100388415594322,-0.2076110073060805,,,False,0.024642202365437377,0.1838249008234861,-0.2187677349633358,-0.24340993732877317,,,False
467.0,0.01635275759338828,0.2559120554958822,-0.28703120669959364,-0.3033839642929819,,,False,0.024132171744241537,0.18259439384174622,-0.21778170423841658,-0.24191387598265812,,,False
468.0,0.020402523221148106,0.12035456963838029,-0.1446336849832059,-0.165036208204354,,,False,0.024519567127342157,0.18204473075545882,-0.2170036501963289,-0.24152321732367105,,,False
469.0,0.01651033316087841,0.07328764983888335,-0.09980907339064704,-0.11631940655152545,0.0,0.01651033316087841,True,0.02479934389366273,0.1841450404582874,-0.2189153299821328,-0.24371467387579554,0.0,0.02479934389366273,True
470.0,0.01844502073815496,0.20786434514858482,-0.23711521608798186,-0.2555602368261368,,,False,0.02477196552512237,0.18602977013963348,-0.22107462916670118,-0.24584659469182354,,,False
471.0,0.019089427867884035,0.16723576620121722,-0.195234624805682,-0.21432405267356602,,,False,0.024519215779329306,0.18388208270676587,-0.21898122419339316,-0.24350043997272247,,,False
472.0,0.02045806506504355,0.2974692391693514,-0.32683836883616496,-0.3472964339012085,,,False,0.024535910589569165,0.1821887278911553,-0.21726096301258396,-0.24179687360215313,,,False
473.0,0.018741299381787813,0.18260140350877188,-0.210642665915188,-0.2293839652969758,,,False,0.02459902939193223,0.18187425563909657,-0.2170384523237368,-0.24163748171566904,,,False
474.0,0.01780545538369732,0.19029945506623724,-0.21822307921610767,-0.236028534599805,,,False,0.022903720803795213,0.18578113104188923,-0.2208502052828667,-0.2437539260866619,,,False
475.0,0.01631284943847716,0.29496745793054,-0.3278136435564119,-0.34412649299488907,,,False,0.02391893168635878,0.1815639806659496,-0.21551454938420955,-0.23943348107056833,,,False
476.0,0.018221983899630034,0.2675662559971341,-0.2989323407347416,-0.31715432463437165,,,False,0.02391146449218287,0.17882315968492546,-0.21254934842848078,-0.23646081292066365,,,False
477.0,0.0150335945363409,0.17016252882205518,-0.19920043667994203,-0.21423403121628293,,,False,0.02460161887039028,0.1748408134622258,-0.20848570450604964,-0.23308732337643992,,,False
478.0,0.018169132116004294,0.17692635660579845,-0.20482904636879312,-0.22299817848479742,,,False,0.02434141447010385,0.1868477132115994,-0.2211948656433395,-0.24553628011344336,,,False
479.0,0.017375392315908927,0.19988591729323216,-0.22828841296497643,-0.24566380528088536,0.0,0.017375392315908927,True,0.024097909699844877,0.18314042642319983,-0.2175347465877004,-0.24163265628754527,0.0,0.024097909699844877,True
480.0,0.018431741348012898,0.10263434872896565,-0.12806681565601757,-0.14649855700403047,,,False,0.024545478952739036,0.18428994163981252,-0.21863859048680495,-0.243184069439544,,,False
481.0,0.0175152666189283,0.08630616684568541,-0.11138449181929944,-0.12889975843822774,,,False,0.025137170044158025,0.18673704260651502,-0.2212583703444313,-0.24639554038858932,,,False
482.0,0.01564394941222108,0.2054591027568912,-0.23532295380136092,-0.250966903213582,,,False,0.024172507056331338,0.18990801074113764,-0.22500795002373702,-0.24918045708006836,,,False
483.0,0.017308707742570734,0.09569513784461121,-0.1219659207815679,-0.13927462852413863,,,False,0.02441405935374158,0.18763324489795774,-0.22248561466428418,-0.24689967401802576,,,False
484.0,0.019488045044158075,0.36328049838882936,-0.39592394372311945,-0.41541198876727753,,,False,0.024636585992361848,0.18451239240959438,-0.21935991696899299,-0.24399650296135483,,,False
485.0,0.019295557525361107,0.23205493984962217,-0.26058974977975524,-0.27988530730511635,,,False,0.024476278458049894,0.1855667891156451,-0.22069166206870633,-0.24516794052675622,,,False
486.0,0.015700519452202022,0.3072485019692093,-0.3418499092522153,-0.35755042870441733,,,False,0.024052407843418055,0.1851501464375212,-0.22036300413070065,-0.2444154119741187,,,False
487.0,0.018696458428810125,0.3069365982814158,-0.33833957286192917,-0.3570360312907393,,,False,0.02479103344134148,0.18260514751163506,-0.21745954294348258,-0.24225057638482406,,,False
488.0,0.01603546226817043,0.15351693447905462,-0.18234909169133823,-0.19838455395950866,,,False,0.024736327727652496,0.1890735309702817,-0.22435667051786495,-0.24909299824551745,,,False
489.0,0.018745574763098294,0.22100480093089878,-0.24798218140132983,-0.2667277561644281,0.0,0.018745574763098294,True,0.02460113603114933,0.19290103831005986,-0.22837259415860983,-0.25297373018975916,0.0,0.02460113603114933,True
490.0,0.019490533144169986,0.2454557633369145,-0.2754607440031738,-0.29495127714734376,,,False,0.024701075666547334,0.18774401038309924,-0.22298859821301337,-0.2476896738795607,,,False
491.0,0.018758051527031916,0.21952269244539863,-0.24653086848674483,-0.26528892001377674,,,False,0.024513394622866724,0.18844230719656158,-0.22391420893727043,-0.24842760356013716,,,False
492.0,0.018651896491228087,0.1582767461510918,-0.18653695850146484,-0.20518885499269293,,,False,0.025400723032581507,0.18361805656999516,-0.21903182222284157,-0.24443254525542307,,,False
493.0,0.016679003992719987,0.21475859935553185,-0.245500423159158,-0.262179427151878,,,False,0.024847487996180972,0.1833480533476534,-0.21899808705490365,-0.24384557505108462,,,False
494.0,0.01772549753252184,0.3187519155030434,-0.35152584078002147,-0.3692513383125433,,,False,0.024743065346103432,0.1899079230218392,-0.2256265206618499,-0.25036958600795334,,,False
495.0,0.01648666179556041,0.3029511808091645,-0.3383795039176528,-0.3548661657132132,,,False,0.02452114732605326,0.18894530003580276,-0.22468106694015288,-0.24920221426620615,,,False
496.0,0.01890987779985681,0.18304194987468542,-0.21117127045543588,-0.2300811482552927,,,False,0.02501071381012049,0.18841828141782932,-0.22404232773254484,-0.24905304154266533,,,False
497.0,0.0170376034443252,0.23751709881847477,-0.26848159551060585,-0.28551919895493105,,,False,0.025697015870628948,0.19231562262799717,-0.2282242461630133,-0.25392126203364224,,,False
498.0,0.015431869603174664,0.17356819047619043,-0.2035328009911836,-0.21896467059435826,,,False,0.02513367279567974,0.19040475546007762,-0.22659179324235473,-0.2517254660380345,,,False
499.0,0.017364024507697917,0.2440917622627995,-0.27641814334129283,-0.29378216784899075,0.0,0.017364024507697917,True,0.025363299415801455,0.19386005656999544,-0.2299398529799847,-0.25530315239578616,0.0,0.025363299415801455,True
500.0,0.017041853800572937,0.24006609165771506,-0.27003900397669967,-0.2870808577772726,,,False,0.02533355168158491,0.18955638238453174,-0.22567683783608927,-0.2510103895176742,,,False
501.0,0.031146061367108277,0.051870558181166586,-0.061651599510802804,-0.09279766087791108,,,False,0.043918140656999644,0.010188807017543239,-0.018391877933440118,-0.06231001859043976,,,False
502.0,0.020451752516410127,0.19373479341210081,-0.21946420896025254,-0.23991596147666266,,,False,0.02508137585392048,0.17197750483351124,-0.20481950677996674,-0.22990088263388722,,,False
503.0,0.016050727854159258,0.11586517794486219,-0.14335832892485928,-0.15940905677901854,,,False,0.02458421179138326,0.17154257823129143,-0.2049158216465975,-0.22950003343798075,,,False
504.0,0.017213762892946682,0.27380124561403507,-0.30435532699911705,-0.32156908989206373,,,False,0.024753724023153123,0.1752369924812022,-0.20867334455746428,-0.2334270685806174,,,False
505.0,0.01768713581572981,0.11335686143931148,-0.13964583661347688,-0.15733297242920669,,,False,0.024132491609380607,0.1824437730039371,-0.21651749977697693,-0.24064999138635754,,,False
506.0,0.016362586534789364,0.1220065821697088,-0.14860424023210192,-0.16496682676689128,,,False,0.024628424296455453,0.1790380519155017,-0.21282640638956185,-0.2374548306860173,,,False
507.0,0.02070206869733865,0.17712668528463968,-0.20244157214610475,-0.2231436408434434,,,False,0.0249453403061225,0.1783824557823116,-0.21269680710169936,-0.23764214740782186,,,False
508.0,0.013997855495882644,0.1817758514142497,-0.2118248800546142,-0.22582273555049684,,,False,0.024788002759875916,0.1854011901181515,-0.22026524829709887,-0.24505325105697479,,,False
509.0,0.0172327666624896,0.14338637021124173,-0.17197131579336555,-0.18920408245585515,0.0,0.0172327666624896,True,0.02498437753431204,0.18526452846401603,-0.2200878244642308,-0.24507220199854285,0.0,0.02498437753431204,True
510.0,0.018676945617615626,0.2870474035087713,-0.3159668245046566,-0.3346437701222722,,,False,0.024668763949755368,0.18746415359828003,-0.2227208527267978,-0.24738961667655318,,,False
511.0,0.016383989322114878,0.15859349301825856,-0.18772383094600498,-0.20410782026811986,,,False,0.02526538193161479,0.18266769781596728,-0.21763357397815847,-0.24289895590977326,,,False
512.0,0.01839653968373317,0.24493595059076168,-0.27475885279271656,-0.2931553924764497,,,False,0.025341006349206385,0.18907740136054313,-0.22446349419115535,-0.24980450054036174,,,False
513.0,0.01612234523570838,0.21204808521303178,-0.24325852553121724,-0.2593808707669256,,,False,0.024710404853801216,0.1950053587540267,-0.23088679835182474,-0.25559720320562596,,,False
514.0,0.018066885520945264,0.21281443967060465,-0.2405799385573143,-0.25864682407825956,,,False,0.024548681797350536,0.18920259649122692,-0.22485603552001326,-0.2494047173173638,,,False
515.0,0.019495017481203053,0.0832343870390263,-0.10820834052569941,-0.12770335800690247,,,False,0.025478669511278196,0.1800264235588961,-0.21519133505905724,-0.24067000457033544,,,False
516.0,0.016538896921470425,0.22725977085570864,-0.25897028324090016,-0.2755091801623706,,,False,0.025579569038668176,0.18262588757608192,-0.21807562084310655,-0.24365518988177473,,,False
517.0,0.015564641904165233,0.2117186777658428,-0.24320307874886538,-0.2587677206530306,,,False,0.025614277240124106,0.18879538131041756,-0.22467669064983758,-0.2502909678899617,,,False
518.0,0.019618559245733524,0.2700356211958462,-0.299604211814371,-0.31922277106010455,,,False,0.024527432191789017,0.1862199061940556,-0.2222638023129601,-0.24679123450474913,,,False
519.0,0.018599293530254246,0.18643318080916507,-0.21372051037944934,-0.23231980390970358,0.0,0.018599293530254246,True,0.025085107140470186,0.19001804439670503,-0.2258813270623335,-0.2509664342028037,0.0,0.025085107140470186,True
520.0,0.01838489883339306,0.3181842975295375,-0.34937171636157405,-0.3677566151949671,,,False,0.024908517583243805,0.1908867339778005,-0.2272550392132463,-0.2521635567964901,,,False
521.0,0.01878203396348027,0.2998647622628003,-0.3314832112931712,-0.3502652452566515,,,False,0.02494080677646504,0.19254796455424147,-0.22877426245676558,-0.2537150692332306,,,False
522.0,0.01862456257608308,0.18447527533118477,-0.21255203332976125,-0.23117659590584433,,,False,0.025842008478338757,0.18593770426065065,-0.22200174414056467,-0.24784375261890343,,,False
523.0,0.020202635856307494,0.2150705284640161,-0.24268665480048435,-0.26288929065679184,,,False,0.025563074550662396,0.18639886108127332,-0.22271472782815843,-0.24827780237882083,,,False
524.0,0.017760812654851466,0.13617515037593889,-0.16373191972662623,-0.1814927323814777,,,False,0.025136256704260673,0.19183441639813711,-0.22852890811806198,-0.25366516482232265,,,False
525.0,0.018590031315192768,0.19668417006802674,-0.22475977936093833,-0.2433498106761311,,,False,0.025660670767991417,0.18719034121016698,-0.22354047490291673,-0.24920114567090815,,,False
526.0,0.017769013887695473,0.21714210383100538,-0.24734710856377157,-0.26511612245146704,,,False,0.025389215324024328,0.18390956498388716,-0.22050278177738886,-0.24589199710141318,,,False
527.0,0.02174171759637189,0.26462961904761945,-0.2923211824495514,-0.3140629000459233,,,False,0.02562818865556754,0.1870501561045456,-0.22357760329777865,-0.2492057919533462,,,False
528.0,0.018397869437880437,0.1695708703902609,-0.1977390255091961,-0.21613689494707652,,,False,0.025862691328320808,0.188186259219476,-0.22470914958607113,-0.25057184091439194,,,False
529.0,0.0191058479424753,0.19238057608306436,-0.22056605811913804,-0.23967190606161334,0.0,0.0191058479424753,True,0.025579384618092837,0.2010047565341914,-0.23781402072350405,-0.2633934053415969,0.0,0.025579384618092837,True
530.0,0.019291200436209605,0.18822014500537002,-0.21604991127865675,-0.23534111171486635,,,False,0.024992089419381858,0.1930581872538473,-0.23011153668784295,-0.2551036261072248,,,False
531.0,0.01850850712972918,0.19338215574650874,-0.2221639263216988,-0.24067243345142797,,,False,0.025670270019692132,0.19333488542785396,-0.2299327559410118,-0.25560302596070394,,,False
532.0,0.020708953817281328,0.2249456040100238,-0.25247422850666257,-0.2731831823239439,,,False,0.02547756239945098,0.19093677157178526,-0.22751448498204313,-0.2529920473814941,,,False
533.0,0.01945402295560336,0.199436937343358,-0.2275334819950715,-0.24698750495067487,,,False,0.02661094541353387,0.1890692130325804,-0.22523417456297784,-0.2518451199765117,,,False
534.0,0.01632155792755699,0.13635237056927968,-0.1653675912523323,-0.1816891491798893,,,False,0.025675880261964434,0.19698956963838038,-0.2341692184269949,-0.25984509868895933,,,False
535.0,0.020589985729800753,0.22852171142141037,-0.25638627280287823,-0.276976258532679,,,False,0.02577323868003345,0.19584955818116587,-0.2327914641654838,-0.25856470284551725,,,False
536.0,0.01966768221267462,0.20030210275689142,-0.22821683993242242,-0.24788452214509704,,,False,0.026558293086287155,0.1994352549230206,-0.23645063802780042,-0.2630089311140876,,,False
537.0,0.017882557246091557,0.2918998553526659,-0.32409745112961397,-0.3419800083757055,,,False,0.02543570258921113,0.20344027604725984,-0.2409843955533285,-0.26642009814253964,,,False
538.0,0.017835052175080607,0.12881869316147518,-0.15644767805480134,-0.17428273022988194,,,False,0.02597204592373792,0.1992178728965258,-0.23681344988508657,-0.2627854958088245,,,False
539.0,0.020068664792338042,0.20854105298961667,-0.23661860567894927,-0.2566872704712873,0.0,0.020068664792338042,True,0.025928082171500222,0.2052571815252406,-0.24288699360708804,-0.26881507577858826,0.0,0.025928082171500222,True
540.0,0.019262378620360426,0.18894255245255948,-0.21692031122676436,-0.2361826898471248,,,False,0.025757767015156918,0.19936740923737792,-0.23682851166176033,-0.26258627867691725,,,False
541.0,0.018980530702947862,0.18485318367346934,-0.2130650943566531,-0.23204562505960097,,,False,0.02629997879878271,0.18524724060150238,-0.22226530424376878,-0.2485652830425515,,,False
542.0,0.01839544762262804,0.1175507973505181,-0.1443611102590902,-0.16275655788171825,,,False,0.02668725831960861,0.1896523573218748,-0.22694920932627866,-0.25363646764588726,,,False
543.0,0.01916830789055976,0.19335611994271323,-0.2215831640004569,-0.24075147189101667,,,False,0.026208119391932183,0.1868793508771917,-0.22424455268121968,-0.25045267207315186,,,False
544.0,0.019388929272586314,0.19209467275331124,-0.2199607022743516,-0.23934963154693792,,,False,0.02639012427676335,0.18933443179376877,-0.226409542966916,-0.25279966724367936,,,False
545.0,0.019685640279866412,0.2469086244181872,-0.2757494367892749,-0.2954350770691413,,,False,0.02618606367884002,0.19621187289652578,-0.2336624804912089,-0.25984854417004893,,,False
546.0,0.020382061308031996,0.21097292910848495,-0.2390022642126332,-0.2593843255206652,,,False,0.02641268033297528,0.20079323523093315,-0.2382310265788387,-0.264643706911814,,,False
547.0,0.018802022497911464,0.16321422592194715,-0.1909105920870091,-0.20971261458492058,,,False,0.027059507322472864,0.19656121016827632,-0.23400199691800783,-0.2610615042404807,,,False
548.0,0.019408550131877367,0.2873868055853909,-0.31835619997393655,-0.3377647501058139,,,False,0.02635726379102521,0.20009719441460674,-0.23792034658496125,-0.26427761037598646,,,False
549.0,0.019968428506385083,0.20307628464017088,-0.23086580599126216,-0.25083423449764725,0.0,0.019968428506385083,True,0.026859005852727103,0.19531117329036748,-0.23280686933392286,-0.25966587518664996,0.0,0.026859005852727103,True
550.0,0.018400046158252775,0.1552232388113134,-0.18317292408903485,-0.20157297024728763,,,False,0.02670107664578114,0.1933742660221969,-0.23112327120613896,-0.2578243478519201,,,False
551.0,0.019689667948442596,0.19875144468313571,-0.22671931096656212,-0.2464089789150047,,,False,0.026938800021482356,0.19755457321876005,-0.2352977496719823,-0.26223654969346466,,,False
552.0,0.018890811562238985,0.2008041668456853,-0.2292942421926054,-0.2481850537548444,,,False,0.02667193270199314,0.19814821231650437,-0.23618868875479648,-0.2628606214567896,,,False
553.0,0.01781115401300873,0.128510779806659,-0.15603929707739586,-0.1738504510904046,,,False,0.02630952998090469,0.19768161367704862,-0.2357564309622795,-0.2620659609431842,,,False
554.0,0.020170361567609513,0.13529208736126005,-0.1605766451134262,-0.18074700668103572,,,False,0.0274045123564865,0.1928170945220184,-0.23058353402174986,-0.25798804637823636,,,False
555.0,0.018629117883995794,0.2721860651629059,-0.30344700635634647,-0.32207612424034227,,,False,0.02630161151390381,0.20063341281775773,-0.23894653193838072,-0.26524814345228453,,,False
556.0,0.020638317725862332,0.23542123093447875,-0.2632106782631963,-0.2838489959890586,,,False,0.026665536349803065,0.1981186351593256,-0.23615593118424516,-0.2628214675340482,,,False
557.0,0.020932396254326413,0.3091145198711057,-0.33787282422838594,-0.35880522048271235,,,False,0.026654203239050045,0.20048836591478564,-0.23860465074282006,-0.2652588539818701,,,False
558.0,0.019714201531805753,0.23100723630504727,-0.26000383790247156,-0.2797180394342773,,,False,0.0266628662215061,0.195582334407446,-0.23364965836448154,-0.26031252458598764,,,False
559.0,0.01807148368122702,0.3082346244181865,-0.3410761218179272,-0.3591476054991542,0.0,0.01807148368122702,True,0.025848034175916024,0.21066817830289908,-0.24909805714425248,-0.2749460913201685,0.0,0.025848034175916024,True
560.0,0.017509497172693678,0.10803284640171762,-0.13532698865916123,-0.1528364858318549,,,False,0.026268443936627306,0.20227062226995948,-0.23981451748392296,-0.26608296142055027,,,False
561.0,0.01924746649958231,0.17152715538847035,-0.19932302974628274,-0.21857049624586505,,,False,0.026448376744838298,0.19764442355889597,-0.23473846334273057,-0.2611868400875689,,,False
562.0,0.01906667970103837,0.18068970354457511,-0.20862838202561051,-0.22769506172664888,,,False,0.025867826184508946,0.20265066201217213,-0.24028624855175323,-0.2661540747362622,,,False
563.0,0.017129173515335994,0.24605004332259128,-0.27765261337284763,-0.29478178688818363,,,False,0.02629103302243707,0.19732461260293468,-0.23436134520868124,-0.2606523782311183,,,False
564.0,0.017619822918009342,0.20263459577515147,-0.2315240409112045,-0.24914386382921383,,,False,0.02616746967000838,0.19282311743644734,-0.22991217604069009,-0.25607964571069847,,,False
565.0,0.020557620322234238,0.20444287039026005,-0.23261574099262378,-0.253173361314858,,,False,0.02681952686239414,0.19497229144289174,-0.2321675797205502,-0.2589871065829443,,,False
566.0,0.017258486602816647,0.2815843440744705,-0.3144475937472446,-0.33170608035006127,,,False,0.026027976503759487,0.20374093483709135,-0.24168935579428785,-0.26771733229804734,,,False
567.0,0.0212304250632534,0.12764668063014503,-0.15221449157978123,-0.17344491664303463,,,False,0.026227583715240532,0.1964023795202279,-0.23398635177683363,-0.26021393549207417,,,False
568.0,0.019542904070294853,0.16167086394557792,-0.18842920732436697,-0.20797211139466182,,,False,0.02700201987409001,0.1910574847833858,-0.22867362575089384,-0.25567564562498385,,,False
569.0,0.019738692917412703,0.20677900143215167,-0.23568066050749925,-0.25541935342491195,0.0,0.019738692917412703,True,0.02612491314476667,0.20745728965270196,-0.24571470623326058,-0.27183961937802725,0.0,0.02612491314476667,True
570.0,0.01829611914965995,0.23201021768707478,-0.2618262253257958,-0.28012234447545575,,,False,0.02685125394020771,0.20413421553884584,-0.24196297914314235,-0.26881423308335006,,,False
571.0,0.01936990109261255,0.24470371822413134,-0.2748546637704292,-0.29422456486304177,,,False,0.02683783564983888,0.20432712388113006,-0.24257514052350387,-0.26941297617334276,,,False
572.0,0.0193299031710229,0.2016685563909767,-0.23018790087539764,-0.24951780404642054,,,False,0.026472874760711362,0.20495957321876,-0.24355741993218638,-0.27003029469289774,,,False
573.0,0.0201250346986514,0.1916294826351585,-0.21908217852780804,-0.23920721322645944,,,False,0.027222588878147713,0.2016346351593259,-0.2396998770168985,-0.2669224658950462,,,False
574.0,0.018891933731948973,0.2392585653419255,-0.26925279077323877,-0.28814472450518774,,,False,0.027218965897481795,0.20447836806301356,-0.24291846528675148,-0.2701374311842333,,,False
575.0,0.017857783810717343,0.20949788936627245,-0.23815664165210487,-0.2560144254628222,,,False,0.026995737194772718,0.20493490511994158,-0.24350874469405542,-0.27050448188882814,,,False
576.0,0.017851365816923287,0.13829053311851006,-0.1661739084068072,-0.1840252742237305,,,False,0.027134629633607854,0.19977010060866315,-0.23812064002343225,-0.2652552696570401,,,False
577.0,0.018278087978279123,0.23876142033655484,-0.26897119959543847,-0.2872492875737176,,,False,0.027149605818116762,0.20149083064804763,-0.23984309578607121,-0.266992701604188,,,False
578.0,0.018972435574054203,0.21265730218403092,-0.24196069322426367,-0.26093312879831787,,,False,0.027302760034013607,0.2057736258503388,-0.24441764254319598,-0.2717204025772096,,,False
579.0,0.01860213188865023,0.1375813404940916,-0.16500181500610875,-0.18360394689475898,0.0,0.01860213188865023,True,0.027578608384652148,0.20698662370211124,-0.2457700457064077,-0.27334865409105985,0.0,0.027578608384652148,True
580.0,0.018125233461630294,0.06610362047977107,-0.09192703646786701,-0.1100522699294973,,,False,0.027638688735529326,0.20247170282849852,-0.2412168562752225,-0.2688555450107518,,,False
581.0,0.01962912498567851,0.19636112352309298,-0.22518857398053232,-0.24481769896621083,,,False,0.027269077459720736,0.19615814715359697,-0.23486161283377965,-0.2621306902935004,,,False
582.0,0.01935285115347901,0.2247160010741129,-0.2539218848579603,-0.2732747360114393,,,False,0.027191273465210664,0.2011844178302885,-0.2399953719874851,-0.26718664545269577,,,False
583.0,0.018534281176154743,0.19692938882921582,-0.22557640972277754,-0.24411069089893228,,,False,0.027322700827664415,0.19291710884353636,-0.23132135343027105,-0.25864405425793546,,,False
584.0,0.017415640415920808,0.1845911414249906,-0.21473974754560216,-0.23215538796152296,,,False,0.027312235241675697,0.20893557286072176,-0.24804450683574858,-0.2753567420774243,,,False
585.0,0.01900962463718825,0.2240227482993193,-0.2527638243022037,-0.2717734489393919,,,False,0.02637603079782791,0.19413025563909628,-0.233040734217614,-0.2594167650154419,,,False
586.0,0.019778567521183954,0.19350852774794072,-0.221608095963776,-0.24138666348495996,,,False,0.026885320405776403,0.18856902398854133,-0.22690177073784312,-0.2537870911436195,,,False
587.0,0.01936358795142623,0.18414662728249093,-0.21239593306386573,-0.23175952101529196,,,False,0.02728670252237736,0.19766407697815824,-0.23585716135039247,-0.26314386387276983,,,False
588.0,0.018695667496121254,0.1911904088793402,-0.21969915635164672,-0.23839482384776797,,,False,0.02722316760651633,0.20242777049767133,-0.2409470239713018,-0.26817019157781813,,,False
589.0,0.01978954670485744,0.2034226093805939,-0.23185415999112302,-0.25164370669598046,0.0,0.01978954670485744,True,0.026961795698770774,0.19736678517722733,-0.23585883501197485,-0.26282063071074563,0.0,0.026961795698770774,True
590.0,0.0209799916708438,0.2519889835302534,-0.28051271750895945,-0.30149270917980325,,,False,0.02727658543203254,0.19667413426423072,-0.23521252685182464,-0.2624891122838572,,,False
591.0,0.01976934018080917,0.19687488865019612,-0.22518862817062002,-0.2449579683514292,,,False,0.027098504787564204,0.20466941389187124,-0.2433663292521827,-0.2704648340397469,,,False
592.0,0.018931051994868192,0.18647304511278154,-0.21520831435996735,-0.23413936635483554,,,False,0.027628083218164512,0.19617765234514709,-0.2345993618101846,-0.2622274450283491,,,False
593.0,0.01809147189998811,0.14638272144647216,-0.17485252034378185,-0.19294399224376996,,,False,0.027764817024107935,0.19460668492660077,-0.23300057541763197,-0.2607653924417399,,,False
594.0,0.017612397591001333,0.1278487665592539,-0.15628327824501467,-0.173895675836016,,,False,0.026995419453395397,0.19437447977085434,-0.2330877365875031,-0.2600831560408985,,,False
595.0,0.019667063657954453,0.1287286899391328,-0.15628266465503896,-0.1759497283129934,,,False,0.02759001712674547,0.200989932330826,-0.23976138255493984,-0.2673513996816853,,,False
596.0,0.019327607903687816,0.21788946759756472,-0.24704554044565563,-0.26637314834934345,,,False,0.027220559432509894,0.2036433444325085,-0.24271647714534417,-0.26993703657785406,,,False
597.0,0.01977239165950595,0.14506520121732833,-0.17237761914830646,-0.1921500108078124,,,False,0.02515547555555553,0.2041765170068016,-0.24317286719455672,-0.26832834275011225,,,False
598.0,0.020016924573338202,0.21380039849623994,-0.2427705866313269,-0.2627875112046651,,,False,0.026596902520587218,0.1869841783028989,-0.22413354511976252,-0.25073044764034974,,,False
599.0,0.018976250338345935,0.22208213533834514,-0.25124001529831075,-0.2702162656366567,0.0,0.018976250338345935,True,0.026475276416636884,0.1931608818474744,-0.23044129912561612,-0.256916575542253,0.0,0.026475276416636884,True
600.0,0.01941738943489682,0.1943486469745788,-0.22246686662311654,-0.24188425605801336,,,False,0.027265598233679522,0.18904267669172817,-0.22598325877916092,-0.25324885701284044,,,False
601.0,0.03220775595357442,0.07409352201933368,-0.08511374420222736,-0.11732150015580178,,,False,0.04801245322532521,0.005418872896526137,-0.013922146773862332,-0.061934599999187545,,,False
602.0,0.017881264960615872,0.2422501747225202,-0.27319510118121987,-0.29107636614183574,,,False,0.026096150047141664,0.18391910955961213,-0.219480570800697,-0.24557672084783866,,,False
603.0,0.019947333802363076,0.156777425707124,-0.18321007862695932,-0.2031574124293224,,,False,0.02675699070056098,0.18151184031507198,-0.21705417798478194,-0.24381116868534292,,,False
604.0,0.019414023169829375,0.1879224629430713,-0.21553894872835383,-0.2349529718981832,,,False,0.026859362858336316,0.18713182133906064,-0.22311953396747097,-0.2499788968258073,,,False
605.0,0.019660745879579944,0.19178998675259504,-0.2194209710045169,-0.23908171688409685,,,False,0.02660225907029473,0.19106254421768581,-0.22783166605646138,-0.2544339251267561,,,False
606.0,0.019715011146914957,0.19657559935553115,-0.2246453054493206,-0.24436031659623556,,,False,0.026897313314237947,0.18812387218044976,-0.22461768425751755,-0.2515149975717555,,,False
607.0,0.01984146978756418,0.1968267744360895,-0.22483102866889504,-0.24467249845645922,,,False,0.027344072335600933,0.19367295918367208,-0.23070855665816187,-0.2580526289937628,,,False
608.0,0.01990964094522024,0.19899650053705664,-0.22706286440916396,-0.2469725053543842,,,False,0.02657095722580266,0.19545333476548402,-0.23293334023336798,-0.25950429745917064,,,False
609.0,0.019416896293710573,0.23384671929824488,-0.2634756591622269,-0.2828925554559375,0.0,0.019416896293710573,True,0.026725231530612292,0.1976773197278899,-0.2349452781748287,-0.261670509705441,0.0,0.026725231530612292,True
610.0,0.019227725066237072,0.19919272717507974,-0.22799103908145352,-0.2472187641476906,,,False,0.026858185521541955,0.19414755102040707,-0.23172801741836635,-0.2585862029399083,,,False
611.0,0.018763660735768017,0.2629621242391683,-0.29387961622144476,-0.3126432769572128,,,False,0.02739660765067431,0.1921895614035071,-0.22957110277219667,-0.256967710422871,,,False
612.0,0.01857085363647215,0.09674415073397695,-0.12335989737869515,-0.1419307510151673,,,False,0.027282805165890878,0.19562183279627512,-0.2335701532800024,-0.2608529584458933,,,False
613.0,0.019571889451605262,0.2194744586466158,-0.24863097673046752,-0.2682028661820728,,,False,0.02778977051676812,0.20019729287504368,-0.23832229239099434,-0.26611206290776246,,,False
614.0,0.01987477826291925,0.13400141854636577,-0.15962002760223828,-0.17949480586515754,,,False,0.02678268876655926,0.20234397601145618,-0.24094748779582786,-0.2677301765623871,,,False
615.0,0.01990074820384302,0.19543594593626842,-0.2235788141227209,-0.24347956232656393,,,False,0.02724976583840555,0.2082094804869301,-0.2469945477160923,-0.27424431355449785,,,False
616.0,0.019645405563909868,0.20648233440744618,-0.23506582365963374,-0.2547112292235436,,,False,0.027731578773123267,0.20381726888650067,-0.24246429322355767,-0.27019587199668094,,,False
617.0,0.019477280030433253,0.19701111421410572,-0.22570741982625464,-0.2451846998566879,,,False,0.02704368178541594,0.20182726065162765,-0.2408928340075353,-0.26793651579295125,,,False
618.0,0.019372112391693563,0.17621107232366573,-0.20439428197588555,-0.2237663943675791,,,False,0.02732284752595776,0.1975292416756163,-0.23639678303308143,-0.2637196305590392,,,False
619.0,0.020223367108246848,0.17960558252774753,-0.20764905908049797,-0.22787242618874481,0.0,0.020223367108246848,True,0.027513201805107967,0.19787531614751028,-0.2366601381675963,-0.26417333997270426,0.0,0.027513201805107967,True
620.0,0.01914940110156349,0.19924917758682353,-0.22807216576997352,-0.247221566871537,,,False,0.027172258200262644,0.20506753634085081,-0.24416242403993782,-0.27133468224020046,,,False
621.0,0.02020556348967667,0.23182805119942657,-0.26060312782121753,-0.2808086913108942,,,False,0.02730176661415451,0.20432999033297392,-0.24333418555741,-0.2706359521715645,,,False
622.0,0.019808999819190876,0.18764624740422423,-0.21581334309619488,-0.23562234291538575,,,False,0.027574286329514308,0.20423554314357154,-0.24338143451714833,-0.27095572084666264,,,False
623.0,0.019274781995464868,0.20133359183673422,-0.230266954312571,-0.24954173630803586,,,False,0.02746248115407568,0.2144404933762967,-0.2540547220623333,-0.281517203216409,,,False
624.0,0.018542987637546304,0.23113499606158283,-0.2604268274696115,-0.2789698151071578,,,False,0.027224353391216205,0.21185785535266632,-0.2513907899106685,-0.2786151433018847,,,False
625.0,0.01985022890201693,0.20689521840315023,-0.2356335542103003,-0.25548378311231723,,,False,0.027143607910251888,0.21074220264947952,-0.25027480386730977,-0.27741841177756166,,,False
626.0,0.020038964140112303,0.2062339871106328,-0.23475653950862624,-0.25479550364873854,,,False,0.027621386917890012,0.2033865381310404,-0.2425373470211049,-0.2701587339389949,,,False
627.0,0.01937836035505433,0.19922947081990638,-0.22743607542705002,-0.24681443578210435,,,False,0.027828480637904274,0.20177685606874216,-0.2408451155127272,-0.26867359615063147,,,False
628.0,0.01765907762083785,0.10892605513784462,-0.13695829995328035,-0.1546173775741182,,,False,0.027963647444205708,0.20795517722878484,-0.24748118490493964,-0.27544483234914535,,,False
629.0,0.019775007706170245,0.22207986931614662,-0.2513924916236833,-0.27116749932985357,0.0,0.019775007706170245,True,0.027199834431316405,0.20854774078052177,-0.24827062881596762,-0.275470463247284,0.0,0.027199834431316405,True
630.0,0.019682448465807467,0.17081059720730332,-0.19870571057254066,-0.21838815903834813,,,False,0.02726974788220554,0.20790953383458516,-0.2475974465587527,-0.27486719444095825,,,False
631.0,0.02028287878804161,0.19088181453634062,-0.21878120671606416,-0.23906408550410577,,,False,0.027602418964076836,0.2021213225921934,-0.241438896366737,-0.2690413153308138,,,False
632.0,0.017680295973863336,0.37725883172216057,-0.4133648911380151,-0.43104518711187845,,,False,0.02751464757966343,0.2124676237021112,-0.25222777124824447,-0.2797424188279079,,,False
633.0,0.01984823872538488,0.1930784833512346,-0.22131347356855796,-0.24116171229394284,,,False,0.02763897136472132,0.20938406516290578,-0.2493680774455052,-0.27700704881022653,,,False
634.0,0.019582780764411084,0.1869093397780159,-0.21509747586450206,-0.23468025662891315,,,False,0.027525950359828133,0.21143334801288843,-0.25133498203829124,-0.2788609323981194,,,False
635.0,0.019896462226996092,0.21319047583243766,-0.24191366321376734,-0.26181012544076343,,,False,0.0275458863718821,0.20590203401360402,-0.24570716214319588,-0.273253048515078,,,False
636.0,0.020110383656761044,0.20437613390619322,-0.23289665158350492,-0.25300703524026597,,,False,0.027113501547320673,0.20943381167203595,-0.24958703776161711,-0.2767005393089378,,,False
637.0,0.019868732056928018,0.21317242821339005,-0.24220593337201235,-0.26207466542894037,,,False,0.0269855555597327,0.20867205836018482,-0.24886206314788617,-0.27584761870761887,,,False
638.0,0.019273512644707086,0.1920130601503753,-0.22044106595640534,-0.23971457860111242,,,False,0.027003970936866017,0.2167411117078396,-0.2566137660915668,-0.2836177370284328,,,False
639.0,0.01956436472550424,0.19667626888650128,-0.2253132234664419,-0.24487758819194613,0.0,0.01956436472550424,True,0.026717275870032253,0.1990840554958813,-0.2383964319518963,-0.26511370782192856,0.0,0.026717275870032253,True
640.0,0.01907152456737088,0.2078239312567127,-0.2374540286086783,-0.2565255531760492,,,False,0.026992676904165125,0.20197724239169199,-0.24113190861371142,-0.26812458551787655,,,False
641.0,0.019712765112185282,0.2029860085929101,-0.2318360628908735,-0.2515488280030588,,,False,0.026944731719178938,0.19949632939491474,-0.2384106135347644,-0.26535534525394333,,,False
642.0,0.020017351475713097,0.21236906194056446,-0.24122933117376893,-0.26124668264948203,,,False,0.02666358707184624,0.2000359126387388,-0.2390243485427131,-0.26568793561455933,,,False
643.0,0.018493605226757415,0.3146207278911551,-0.3479562456847741,-0.36644985091153154,,,False,0.027114779252894183,0.1982585492302173,-0.23708889334536232,-0.2642036725982565,,,False
644.0,0.019386422707960427,0.19044308771929808,-0.21914055319463782,-0.23852697590259825,,,False,0.02766499403210415,0.20297722055137735,-0.2421002734697984,-0.26976526750190255,,,False
645.0,0.019506487984246368,0.20441918009308926,-0.2332856802364548,-0.25279216822070116,,,False,0.027353722101086053,0.2050410082348717,-0.24447145299255163,-0.2718251750936377,,,False
646.0,0.02109352012949045,0.25437522413175695,-0.2830113104618485,-0.30410483059133897,,,False,0.027344547278314868,0.20942501790189622,-0.2490111860208543,-0.2763557332991692,,,False
647.0,0.01909755957632181,0.1728207783745068,-0.20119513766185515,-0.22029269723817696,,,False,0.027972967468671672,0.2051048174006431,-0.24458232203625002,-0.2725552895049217,,,False
648.0,0.02035045960019105,0.2599802527747933,-0.28980302752714415,-0.3101534871273352,,,False,0.027723962290846227,0.20402798209810105,-0.243801680716898,-0.27152564300774423,,,False
649.0,0.022407066296694145,0.1800960379520218,-0.20602683299332647,-0.22843389929002061,0.0,0.022407066296694145,True,0.027558015690416493,0.21373619906909985,-0.2537955007947712,-0.2813535164851877,0.0,0.027558015690416493,True
650.0,0.024099592145840842,0.06616635266738316,-0.08843701167861051,-0.11253660382445135,,,False,0.02803532842761669,0.20696893340493974,-0.24692450996364013,-0.2749598383912568,,,False
651.0,0.01450746484544696,0.09402746652345094,-0.12358799518598013,-0.1380954600314271,,,False,0.027470755560926097,0.21280755316863467,-0.25295972815617507,-0.28043048371710116,,,False
652.0,0.018451036885069855,0.19291842749731428,-0.22112031206656885,-0.2395713489516387,,,False,0.027548962875044714,0.2173097010383087,-0.25754517493385126,-0.285094137808896,,,False
653.0,0.022300171147511705,0.19401890798424587,-0.2189387785858427,-0.2412389497333544,,,False,0.027941284565580704,0.21259550877192854,-0.25288094007955464,-0.28082222464513534,,,False
654.0,0.023872489231411886,0.018494010025062436,-0.04142906662421028,-0.06530155585562217,,,False,0.028006020926124864,0.20977944074471797,-0.250052013331936,-0.27805803425806086,,,False
655.0,0.0162172815986395,0.224587197278911,-0.2555531174954279,-0.2717703990940674,,,False,0.028052127237737257,0.21209396312208964,-0.2524558376648931,-0.28050796490263036,,,False
656.0,0.017817470501849952,0.27703034586466097,-0.31024962910460935,-0.3280670996064593,,,False,0.027516129729681316,0.21939019119226494,-0.26001548510375805,-0.28753161483343936,,,False
657.0,0.02219730464017189,0.22912902613676894,-0.2609382349595474,-0.28313553959971927,,,False,0.02684359847953216,0.21616941675617496,-0.2567686090318463,-0.28361220751137844,,,False
658.0,0.01927736094163987,0.1046031385606874,-0.13044336895468525,-0.14972072989632512,,,False,0.026147797314118704,0.2139186240601489,-0.2538251134028449,-0.2799729107169636,,,False
659.0,0.01759908514202177,0.17433842642320083,-0.20402160729317936,-0.22162069243520113,0.0,0.01759908514202177,True,0.02779964005967306,0.20298459756534074,-0.2416521762481012,-0.26945181630777426,0.0,0.02779964005967306,True
660.0,0.020830995809762554,0.30024998603651865,-0.3330311827145016,-0.35386217852426416,,,False,0.02743124749970166,0.21099512459720618,-0.250004077451073,-0.27743532495077466,,,False
661.0,0.020099707735410144,0.34078984246330185,-0.37213341119383525,-0.3922331189292454,,,False,0.027633640767991408,0.2027955180809152,-0.24172393556244048,-0.2693575763304319,,,False
662.0,0.021209934548872267,0.2899591732903678,-0.3211138090360054,-0.34232374358487766,,,False,0.027623873550543077,0.2047586877909045,-0.2436997231074996,-0.2713235966580427,,,False
663.0,0.020726989599594237,0.21934837952022834,-0.24739822687923446,-0.2681252164788287,,,False,0.02773056171022803,0.20740095846759632,-0.2466538603387563,-0.27438442204898433,,,False
664.0,0.017718114228428283,0.1760351403508764,-0.2051499428027424,-0.22286805703117069,,,False,0.027549505997732426,0.21288079591836612,-0.25260211034795804,-0.28015161634569047,,,False
665.0,0.016652912940685105,0.1964781672037229,-0.2273699095828371,-0.2440228225235222,,,False,0.028015264153836983,0.21865311278195365,-0.2586477189931244,-0.28666298314696137,,,False
666.0,0.015927708737319496,0.14433916612960976,-0.17330752485259082,-0.18923523358991032,,,False,0.02812279975534071,0.21112910168277682,-0.2509527079219283,-0.279075507677269,,,False
667.0,0.019737017298006976,0.31793247475832537,-0.350549735174828,-0.370286752472835,,,False,0.028142618393603047,0.21543633476548404,-0.25561752343030686,-0.2837601418239099,,,False
668.0,0.02048739236782432,0.27447810132473965,-0.30667597428349436,-0.3271633666513187,,,False,0.02801935795440985,0.20030787110633605,-0.24012177431106213,-0.268141132265472,,,False
669.0,0.017393871273421735,0.18483287218045058,-0.21536675059847837,-0.2327606218719001,0.0,0.017393871273421735,True,0.02851796853801175,0.21570109774435978,-0.2558315554284629,-0.28434952396647467,0.0,0.02851796853801175,True
670.0,0.016810299489199293,0.18376146688148906,-0.2151482470096816,-0.2319585464988809,,,False,0.028123949539921256,0.21780316970998753,-0.25861564687158795,-0.2867395964115092,,,False
671.0,0.023061094810239935,0.19782225742928733,-0.22414501409648752,-0.24720610890672745,,,False,0.028215342348728967,0.2125684769065509,-0.2532761521078399,-0.28149149445656885,,,False
672.0,0.016065905985797935,0.1593576709631222,-0.19111857624323314,-0.20718448222903108,,,False,0.028306731888650183,0.20799672824919305,-0.2485478434396335,-0.27685457532828367,,,False
673.0,0.01667738994331075,0.29101961224489714,-0.3254585705531828,-0.34213596049649353,,,False,0.027877729397302764,0.21014983601861645,-0.2509299060581439,-0.2788076354554467,,,False
674.0,0.019463341804511314,0.315076266022198,-0.347145831923525,-0.3666091737280363,,,False,0.028321265531686346,0.21288932151807952,-0.2535794935468122,-0.28190075907849854,,,False
675.0,0.017131996777658476,0.23571592875044653,-0.26767203185542116,-0.28480402863307963,,,False,0.028246336525241666,0.21525856247762154,-0.2561578353747752,-0.2844041719000169,,,False
676.0,0.021764064788160897,0.14874740959541738,-0.17498456982570387,-0.19674863461386477,,,False,0.02812459283864427,0.2129652964554227,-0.2540685617512874,-0.28219315458993166,,,False
677.0,0.017239264762501497,0.06127492767633399,-0.08800442224950195,-0.10524368701200344,,,False,0.02841088814178311,0.21701072610096542,-0.25831217808345736,-0.28672306622524046,,,False
678.0,0.015966029584079278,0.22377061367704845,-0.2566748815318655,-0.2726409111159448,,,False,0.02814508127521187,0.21773907697815836,-0.2592911755595762,-0.2874362568347881,,,False
679.0,0.019595982125551997,0.09560879126387312,-0.12148390025094219,-0.1410798823764942,0.0,0.019595982125551997,True,0.027816142135696442,0.21424062298603513,-0.25581851574006303,-0.2836346578757595,0.0,0.027816142135696442,True
680.0,0.017604164829335356,0.21819122198352928,-0.24823604708861974,-0.2658402119179551,,,False,0.028108318415085376,0.2209843093447893,-0.2626195254730385,-0.2907278438881239,,,False
681.0,0.020643135673708096,0.10540226494808463,-0.13009033163429873,-0.15073346730800682,,,False,0.028149110652822606,0.21074532688864905,-0.25208006060153837,-0.280229171254361,,,False
682.0,0.017469812868480816,0.35905839455782235,-0.39489909176506033,-0.41236890463354114,,,False,0.028212848958109604,0.20809946079484296,-0.2494267396671308,-0.2776395886252404,,,False
683.0,0.02115899854815617,0.3515620927318292,-0.3837864858779265,-0.4049454844260827,,,False,0.02841951013128058,0.21745315001790036,-0.2588479297001776,-0.2872674398314582,,,False
684.0,0.02100911159267227,0.28390738990333036,-0.3175021445755967,-0.338511256168269,,,False,0.028463323518319594,0.2136575864661638,-0.2550278399187417,-0.2834911634370613,,,False
685.0,0.018239352283685423,0.19361269351951274,-0.22285129643442075,-0.24109064871810618,,,False,0.02813619530970285,0.22339731435732074,-0.2650586725241844,-0.29319486783388726,,,False
686.0,0.018115232426900635,0.10632939706408723,-0.13269683185917344,-0.15081206428607408,,,False,0.028556740416517568,0.2197436405298947,-0.26136421182978714,-0.2899209522463047,,,False
687.0,0.018041302404224913,0.2989730025062642,-0.33124954920652055,-0.34929085161074547,,,False,0.02834378558240841,0.2275411740064432,-0.2697298449982262,-0.29807363058063463,,,False
688.0,0.020702490107411486,0.2615168116720375,-0.2915168699933515,-0.312219360100763,,,False,0.028193692875044807,0.22954492552810465,-0.2714063149073206,-0.2996000077823654,,,False
689.0,0.019885585807972395,0.20368020981023904,-0.23286397674665,-0.2527495625546224,0.0,0.019885585807972395,True,0.028451138297529488,0.22198830540637193,-0.2637942865836545,-0.292245424881184,0.0,0.028451138297529488,True
690.0,0.020649976606397002,0.2154071618331537,-0.24435242348049985,-0.26500240008689685,,,False,0.028204630049528612,0.21777590189759963,-0.25939931203734196,-0.28760394208687057,,,False
691.0,0.019825577658431848,0.21974220622985974,-0.24961242714857512,-0.26943800480700697,,,False,0.02781408886024589,0.2234238592910838,-0.265445548463318,-0.2932596373235639,,,False
692.0,0.020574652131519378,0.2105950952380945,-0.23950773000771347,-0.26008238213923285,,,False,0.027843298640052527,0.21892756032939376,-0.26042682369717035,-0.2882701223372229,,,False
693.0,0.020877206730516795,0.21591113211600343,-0.244675369762345,-0.2655525764928618,,,False,0.0266513860090703,0.21934007482993045,-0.2605797394248284,-0.2872311254338987,,,False
694.0,0.019796821533595965,0.2124362370211237,-0.24167326137016054,-0.2614700829037565,,,False,0.028310654082826125,0.21822907984246212,-0.25845348114536226,-0.2867641352281884,,,False
695.0,0.019962985048335158,0.25920171321159946,-0.29024547348342544,-0.3102084585317606,,,False,0.0275708032694833,0.20951201754385806,-0.24962633349686564,-0.27719713676634894,,,False
696.0,0.019964173558300602,0.25148728499820894,-0.2822870510936983,-0.3022512246519989,,,False,0.027491841850459497,0.2117153773720001,-0.251248839531882,-0.2787406813823415,,,False
697.0,0.019950534302422773,0.22182373003938327,-0.25174210137894215,-0.2716926356813649,,,False,0.02747130659923619,0.20239288686000592,-0.24157103339002745,-0.26904233998926363,,,False
698.0,0.02081337382444215,0.21750687218045073,-0.24645491028411126,-0.2672682841085534,,,False,0.02785830089807856,0.21316294880057166,-0.2524887833778005,-0.28034708427587907,,,False
699.0,0.020540061824203426,0.2048352262799849,-0.23374226660454694,-0.25428232842875037,0.0,0.020540061824203426,True,0.02770519209869915,0.2069701682778362,-0.2463459591929812,-0.27405115129168034,0.0,0.02770519209869915,True
700.0,0.02065305720014321,0.2053796759756528,-0.2342156272257459,-0.2548686844258891,,,False,0.02723141933941997,0.2036609874686703,-0.24292757065631815,-0.2701589899957381,,,False
701.0,0.03305280230457097,0.09173474042248451,-0.10366765261832411,-0.13672045492289508,,,False,0.05017797542427498,0.006691666308627954,-0.015381859181452885,-0.06555983460572787,,,False
702.0,0.020537237781358242,0.20756623952738937,-0.23517105728235604,-0.2557082950637143,,,False,0.027400578708676515,0.1998158621553871,-0.23748814323481782,-0.26488872194349433,,,False
703.0,0.01939622696264473,0.17216145399212252,-0.1999100464930842,-0.21930627345572892,,,False,0.027644289390738708,0.19950839348370783,-0.23728438750728464,-0.26492867689802335,,,False
704.0,0.020765690650435653,0.21313359577515148,-0.2413866550876535,-0.26215234573808915,,,False,0.028042332077216847,0.20211847941281663,-0.2402092050910659,-0.26825153716828276,,,False
705.0,0.020351344479054845,0.1536845671321151,-0.18011167600652106,-0.2004630204855759,,,False,0.02786463329215899,0.20417196312208932,-0.24272106651999487,-0.27058569981215386,,,False
706.0,0.020757092263993304,0.2067913931256706,-0.23506112546670394,-0.25581821773069724,,,False,0.027689070053109,0.20307985571070403,-0.2416788110662894,-0.2693678811193984,,,False
707.0,0.02037421096312214,0.20616791586108055,-0.23488778532674265,-0.2552619962898648,,,False,0.02768818160281661,0.20393405836018508,-0.24269655923155992,-0.2703847408343765,,,False
708.0,0.020737290947010434,0.21009209989258792,-0.2386384104723624,-0.25937570141937283,,,False,0.028142866272824918,0.19849506695309574,-0.23698834205116248,-0.2651312083239874,,,False
709.0,0.020273467477025908,0.22851964160400925,-0.258095839187473,-0.2783693066644989,0.0,0.020273467477025908,True,0.026643859865139063,0.20996359684926477,-0.24959805697053228,-0.27624191683567134,0.0,0.026643859865139063,True
710.0,0.020154927597565375,0.2311646444683133,-0.2609369418514111,-0.28109186944897646,,,False,0.02833787161415441,0.2063686365914776,-0.24548357168632196,-0.27382144330047636,,,False
711.0,0.019412900297171562,0.07627902363050386,-0.10227998909061764,-0.1216928893877892,,,False,0.027854783808927086,0.20518352810597792,-0.24484161840146668,-0.27269640221039376,,,False
712.0,0.020210221943549433,0.20051996562835608,-0.22938649303356334,-0.24959671497711278,,,False,0.028089411540159925,0.20435916935194998,-0.24393142202004886,-0.2720208335602088,,,False
713.0,0.020421915115168887,0.22218864017185735,-0.25159065234511624,-0.2720125674602851,,,False,0.028471337195966118,0.2012133659147857,-0.24085730071730993,-0.26932863791327605,,,False
714.0,0.02033838310597924,0.19674826960257713,-0.22551396102845683,-0.24585234413443607,,,False,0.028212019048812487,0.2109152499104894,-0.2512546181633896,-0.2794666372122021,,,False
715.0,0.019610099742212728,0.2556558152524157,-0.2869107712884458,-0.3065208710306585,,,False,0.028210653388829277,0.2120717296813449,-0.2526575540182407,-0.28086820740706997,,,False
716.0,0.020262247635756125,0.21343294772645843,-0.24233332295057514,-0.26259557058633126,,,False,0.02827624519155031,0.21156025349086885,-0.2523426957144994,-0.2806189409060497,,,False
717.0,0.018843261533596,0.2801289308986744,-0.3126186636177521,-0.3314619251513481,,,False,0.028291777713927713,0.21383381346222594,-0.25458680097849884,-0.28287857869242655,,,False
718.0,0.020323929106098648,0.26010441568206155,-0.29056006070956536,-0.310883989815664,,,False,0.027762716872538507,0.21431766058002052,-0.25534239862824837,-0.2831051155007869,,,False
719.0,0.020138004423558953,0.20825291228070109,-0.23743153171115716,-0.2575695361347161,0.0,0.020138004423558953,True,0.028350132880415324,0.21791939026136628,-0.2588438504322041,-0.2871939833126194,0.0,0.028350132880415324,True
720.0,0.02058250836794373,0.21739670318653742,-0.24674390269403185,-0.2673264110619756,,,False,0.02883180475355057,0.22200022341568065,-0.26281269638517585,-0.2916445011387264,,,False
721.0,0.020789524025540074,0.2140598868600064,-0.24305615757599064,-0.2638456816015307,,,False,0.02869904695966108,0.22703999248120185,-0.26848629930542306,-0.29718534626508414,,,False
722.0,0.019433357569519083,0.23724985320443864,-0.26848630196120193,-0.287919659530721,,,False,0.028443218441341456,0.22297220873612486,-0.2646007713251152,-0.2930439897664567,,,False
723.0,0.020282223250984666,0.20705101467955547,-0.2363540508080424,-0.25663627405902706,,,False,0.028572035557345776,0.21770253132831954,-0.25923351305818,-0.28780554861552576,,,False
724.0,0.021549841048454532,0.24933556677407684,-0.2787549101275132,-0.3003047511759677,,,False,0.028717773539801927,0.22223394199785024,-0.26387676084854844,-0.29259453438835037,,,False
725.0,0.02022942356307439,0.19073207375581747,-0.2196662165582421,-0.23989564012131648,,,False,0.028459420650435607,0.22286818761188587,-0.2648353138516282,-0.2932947345020638,,,False
726.0,0.02022495460317464,0.23052190476190443,-0.2601808815110201,-0.28040583611419473,,,False,0.02886987771034727,0.2282974923021825,-0.2701449852005714,-0.29901486291091867,,,False
727.0,0.020929232251462038,0.2204131704260648,-0.24937489004647645,-0.2703041222979385,,,False,0.028949726140947596,0.22341834980307784,-0.26531483498476427,-0.29426456112571187,,,False
728.0,0.021080548380475073,0.22757227962763985,-0.2572117732612388,-0.27829232164171386,,,False,0.028982443749850817,0.21961759291084726,-0.26123268915257664,-0.29021513290242745,,,False
729.0,0.02134290426363533,0.2311067712137481,-0.2604657039830113,-0.2818086082466466,0.0,0.02134290426363533,True,0.028998856864781042,0.21993183208019915,-0.2616786564320251,-0.29067751329680613,0.0,0.028998856864781042,True
730.0,0.020225935482157842,0.18626826315789383,-0.21443230155138243,-0.23465823703354027,,,False,0.029352636478696792,0.2273223329752939,-0.2691306343828126,-0.2984832708615094,,,False
731.0,0.017670250901658913,0.0772236917293221,-0.10401329210109653,-0.12168354300275544,,,False,0.028826668169232628,0.22515047404224706,-0.26739057730980886,-0.2962172454790415,,,False
732.0,0.018658788857858988,0.22540415538847106,-0.2569762540617529,-0.2756350429196119,,,False,0.029117277175080503,0.22170576799140582,-0.2640126316288925,-0.293129908803973,,,False
733.0,0.020440645941639857,0.23208153992123073,-0.2620915853250925,-0.2825322312667324,,,False,0.02923372269960617,0.2223276172574278,-0.26456886162665444,-0.2938025843262606,,,False
734.0,0.02028751299140713,0.23449183601861773,-0.2648127546642704,-0.28510026765567753,,,False,0.028857773095238126,0.22441011564625735,-0.26660544949421655,-0.2954632225894547,,,False
735.0,0.019965474360305602,0.19816813641245942,-0.22775894780892553,-0.24772442216923113,,,False,0.02945932345387281,0.21248089402076475,-0.25431055134734903,-0.28376987480122184,,,False
736.0,0.020228751781835586,0.19878204153240187,-0.22809228354634098,-0.24832103532817656,,,False,0.02923460304988662,0.2156371428571413,-0.25767504253061074,-0.28690964558049736,,,False
737.0,0.020109652461510974,0.21047163766559154,-0.2403157020288797,-0.26042535449039067,,,False,0.02940787857083188,0.22045424239169215,-0.2620996306820788,-0.2915075092529107,,,False
738.0,0.018585083427616722,0.22384426673827387,-0.25511299163623374,-0.27369807506385047,,,False,0.028777531661296096,0.20869363730755325,-0.25026517923327835,-0.27904271089457444,,,False
739.0,0.018704355804988693,0.10921738775510122,-0.1373487317508563,-0.156053087555845,0.0,0.018704355804988693,True,0.029055216335481526,0.21245247296813324,-0.25410014493274136,-0.2831553612682229,0.0,0.029055216335481526,True
740.0,0.02090525380952385,0.23194025170067933,-0.2617087328794685,-0.28261398668899235,,,False,0.028942741812865436,0.20800954600787563,-0.24958298386211852,-0.27852572567498396,,,False
741.0,0.020384076604010065,0.19319768242033597,-0.2223081163691874,-0.24269219297319747,,,False,0.029055979154433753,0.21447104045828716,-0.25595769980458144,-0.2850136789590152,,,False
742.0,0.021376257207304017,0.2747218557107044,-0.30537281987478526,-0.3267490770820893,,,False,0.02912943682420338,0.2233560085929093,-0.265325155314499,-0.2944545921387024,,,False
743.0,0.019909302514619975,0.2307465409953451,-0.26095138907991144,-0.2808606915945314,,,False,0.028716037768826863,0.22094989437880258,-0.2630461515815416,-0.29176218935036846,,,False
744.0,0.01942017015753672,0.2636808181167205,-0.2958967301670786,-0.31531690032461535,,,False,0.02909041047798072,0.22506521840314914,-0.2670668192095401,-0.29615722968752084,,,False
745.0,0.020871256551497908,0.22418949588256293,-0.25403069609267814,-0.27490195264417605,,,False,0.028881665453514727,0.21668757823129112,-0.25871564480476056,-0.2875973102582753,,,False
746.0,0.020779029955842077,0.20986735195130599,-0.2391875683337778,-0.2599665982896199,,,False,0.029159842369614497,0.2151935374149647,-0.25682521909863826,-0.28598506146825275,,,False
747.0,0.01977224914488604,0.17653476226279916,-0.204772481725415,-0.22454473087030105,,,False,0.028990832423320234,0.21987642284281966,-0.26189245600699806,-0.2908832884303183,,,False
748.0,0.0206616337146438,0.25546040422484695,-0.2863140898159368,-0.3069757235305806,,,False,0.029133104733261805,0.21915529466523306,-0.2613336238303243,-0.29046672856358613,,,False
749.0,0.019262180519751787,0.12336213533834484,-0.15144105862729001,-0.1707032391470418,0.0,0.019262180519751787,True,0.029016553653777366,0.2238475771571771,-0.26620162544606,-0.2952181790998374,0.0,0.029016553653777366,True
750.0,0.018565423352428834,0.2853597876834933,-0.3194457506305401,-0.3380111739829689,,,False,0.02875078566356365,0.2179791203007504,-0.2603301011836184,-0.28908088684718203,,,False
751.0,0.01681656954529198,0.3351075528105968,-0.37220042781728124,-0.3890169973625732,,,False,0.02557007151509727,0.2261994314357307,-0.26862605460415184,-0.2941961261192491,,,False
752.0,0.02181173783506385,0.24973226100966547,-0.27847567320656125,-0.3002874110416251,,,False,0.028105557999164643,0.20449397744360798,-0.244240206869333,-0.27234576486849765,,,False
753.0,0.01895214204200979,0.25114212065878944,-0.2832173872513702,-0.30216952929338,,,False,0.028659433101802134,0.20949245614034934,-0.24934375702058575,-0.2780031901223879,,,False
754.0,0.01896091044158016,0.1741899430719652,-0.20396066519849798,-0.22292157564007814,,,False,0.02826715287564152,0.21059030218403044,-0.2507897378157168,-0.2790568906913583,,,False
755.0,0.020833907002625718,0.22929203007518728,-0.2588446821938553,-0.27967858919648103,,,False,0.02862879966046067,0.20256532903687652,-0.2427847121148572,-0.27141351177531786,,,False
756.0,0.0205281680242273,0.20243167454350092,-0.23151471688506264,-0.25204288490928994,,,False,0.028581700098460505,0.2092918829215885,-0.24978284342411267,-0.27836454352257317,,,False
757.0,0.020267115076381487,0.18979704869315991,-0.21918847772628625,-0.23945559280266773,,,False,0.029594047725265527,0.20564071142140955,-0.24618419104176414,-0.27577823876702967,,,False
758.0,0.019827726350996555,0.23004389187253863,-0.26044702510030093,-0.2802747514512975,,,False,0.02960990580021483,0.21704036770497523,-0.25818060186990544,-0.28779050767012027,,,False
759.0,0.01853442176930431,0.25594756713211453,-0.28903070472288783,-0.30756512649219214,0.0,0.01853442176930431,True,0.029059252697219262,0.20999743036161703,-0.2515179551821863,-0.28057720787940554,0.0,0.029059252697219262,True
760.0,0.02015115582110044,0.21579839419978433,-0.24552081044739976,-0.2656719662685002,,,False,0.029332447238333892,0.20922987719298103,-0.25049661574029586,-0.27982906297862975,,,False
761.0,0.021643110112185254,0.07200623988542774,-0.09650517885960888,-0.11814828897179414,,,False,0.02900042073457454,0.2097071260293578,-0.2508935134245781,-0.27989393415915265,,,False
762.0,0.019879781000119445,0.2596712957393473,-0.2911690059079237,-0.31104878690804316,,,False,0.029810288735529322,0.2143979477264578,-0.2554823886364471,-0.28529267737197644,,,False
763.0,0.021334262419739874,0.1472908023630504,-0.17444170067368625,-0.19577596309342613,,,False,0.02959668334109089,0.21254274006444568,-0.2539436282281943,-0.28354031156928516,,,False
764.0,0.022283911375462484,0.08608230755460103,-0.11004663986366298,-0.13233055123912546,,,False,0.02976305563134024,0.21241053598281256,-0.2540252586139082,-0.2837883142452484,,,False
765.0,0.018735496470939278,0.11983853168635776,-0.14830723915967461,-0.1670427356306139,,,False,0.02950652611886867,0.22212100537056784,-0.2643686332945206,-0.29387515941338926,,,False
766.0,0.021268864825158162,0.22495778267096275,-0.25456567718843576,-0.2758345420135939,,,False,0.029628416063969487,0.2214172373791605,-0.2638341926880756,-0.2934626087520451,,,False
767.0,0.020304944453992113,0.18854872037235884,-0.21780746967414766,-0.23811241412813977,,,False,0.02938669098579788,0.2142047457930527,-0.25662175264670467,-0.28600844363250255,,,False
768.0,0.020664374470103913,0.19207367919799445,-0.22140080349930336,-0.24206517796940727,,,False,0.029531897335004165,0.22441309273182808,-0.2669439360048679,-0.29647583333987204,,,False
769.0,0.019973722144647377,0.23556636126029268,-0.2664819860706263,-0.28645570821527366,0.0,0.019973722144647377,True,0.02981040279926006,0.21521472287862367,-0.25732852982776433,-0.2871389326270244,0.0,0.02981040279926006,True
770.0,0.020154012025898116,0.2639774815610447,-0.2955447270097652,-0.3156987390356633,,,False,0.029805891019214714,0.2173239133548139,-0.25961003947028116,-0.2894159304894959,,,False
771.0,0.019033273321995503,0.10153166666666578,-0.12965776749408073,-0.14869104081607623,,,False,0.029711127061701925,0.21829805370569147,-0.26067045630032093,-0.29038158336202285,,,False
772.0,0.0205199893519514,0.18586446867167883,-0.21521954421557637,-0.23573953356752778,,,False,0.02975793157118989,0.21500032688864892,-0.25734976723929354,-0.2871076988104834,,,False
773.0,0.021372378778493906,0.2219410057286063,-0.2516471385208132,-0.2730195172993071,,,False,0.02941797729741019,0.22634105048334993,-0.26916914864564867,-0.29858712594305886,,,False
774.0,0.020812836075904062,0.22993149838882843,-0.2604592117119756,-0.2812720477878797,,,False,0.029439733518916322,0.2233434461152868,-0.26609762539482495,-0.2955373589137413,,,False
775.0,0.019776208432987274,0.1180984457572495,-0.14635130697501314,-0.16612751540800041,,,False,0.029900430144408685,0.2289448718224117,-0.27221816870699816,-0.30211859885140685,,,False
776.0,0.018231348126864888,0.34395531650554795,-0.38050864141827745,-0.39873998954514234,,,False,0.029504256793173422,0.22984304153240123,-0.27329541756328213,-0.30279967435645555,,,False
777.0,0.01992620531208983,0.22156578696741733,-0.25226036599530055,-0.2721865713073904,,,False,0.028619832743764118,0.23199110884353558,-0.27547776513843364,-0.30409759788219776,,,False
778.0,0.021130344348371022,0.21113583458646548,-0.24083407482497454,-0.26196441917334556,,,False,0.029480737787922207,0.22259989294665122,-0.26511567240599604,-0.29459641019391825,,,False
779.0,0.02109647454230823,0.3139677103472961,-0.34625083440099824,-0.36734730894330647,0.0,0.02109647454230823,True,0.029235413578589386,0.22569820694593482,-0.26857643578782525,-0.29781184936641464,0.0,0.029235413578589386,True
780.0,0.019063295098460553,0.29613320945220195,-0.33039410804943925,-0.3494574031478998,,,False,0.029600743397183438,0.2080160981023972,-0.25001724693408367,-0.2796179903312671,,,False
781.0,0.02298669469626452,0.12430723451485783,-0.15141565117947506,-0.17440234587573958,,,False,0.02980865756355172,0.21327897780164534,-0.2554707084463822,-0.2852793660099339,,,False
782.0,0.0174799294796516,0.28978352882205505,-0.3257488297990032,-0.3432287592786548,,,False,0.030012764709392514,0.21610733046902816,-0.25833473036387244,-0.28834749507326496,,,False
783.0,0.020577266294307228,0.11561730003580395,-0.142581122503607,-0.16315838879791422,,,False,0.02917581268468794,0.2233240852130309,-0.2661557724745776,-0.29533158515926555,,,False
784.0,0.023055467937701468,0.2681622975295378,-0.2976354922434518,-0.3206909601811533,,,False,0.029190656957870875,0.22230829108485387,-0.26503893688941893,-0.2942295938472898,,,False
785.0,0.0204908439646736,0.2288884543501605,-0.2597762598784591,-0.2802671038431327,,,False,0.02899314527031871,0.21762337343358246,-0.2603275385037221,-0.2893206837740408,,,False
786.0,0.021303742706170192,0.1470511278195485,-0.17472645868592873,-0.19603020139209892,,,False,0.030313517277718083,0.22506581131399792,-0.2675545359468122,-0.2978680532245303,,,False
787.0,0.02290178552810601,0.2916711568206225,-0.322129361707048,-0.345031147235154,,,False,0.0293166574668815,0.23192095273898897,-0.2753041281467764,-0.3046207856136579,,,False
788.0,0.020634584909297093,0.19720732653061182,-0.22702755774314243,-0.24766214265243952,,,False,0.029989056537176262,0.22925170784102977,-0.27238667742534783,-0.3023757339625241,,,False
789.0,0.020452568383458714,0.20931188399570322,-0.239273938678135,-0.2597265070615937,0.0,0.020452568383458714,True,0.02959780011755575,0.22802252774794002,-0.27152395205298846,-0.3011217521705442,0.0,0.02959780011755575,True
790.0,0.020494489491586165,0.2247434837092726,-0.255670485199892,-0.27616497469147816,,,False,0.02964106641783032,0.22952814536340732,-0.27292165438220434,-0.30256272080003466,,,False
791.0,0.020642856742451476,0.22393056319369836,-0.2547335298494799,-0.27537638659193137,,,False,0.029489051545530442,0.22637196741854482,-0.2699299970568371,-0.29941904860236757,,,False
792.0,0.02057854949815019,0.22951793304690205,-0.2601034931046543,-0.2806820426028045,,,False,0.030465477167919808,0.21943137056927894,-0.2626378156709976,-0.2931032928389174,,,False
793.0,0.02022890417054546,0.21686209452201885,-0.24681131616010693,-0.2670402203306524,,,False,0.03015820532760477,0.22363907662012023,-0.2671012451406895,-0.2972594504682943,,,False
794.0,0.02152987806062784,0.20183868456856366,-0.23143847410523238,-0.2529683521658602,,,False,0.030254535772765268,0.22859306194056428,-0.2723478006745063,-0.3026023364472716,,,False
795.0,0.02077161471953698,0.2357677268170422,-0.2672603649390995,-0.28803197965863647,,,False,0.027184993660341383,0.24310893125671196,-0.2876806348380761,-0.3148656284984175,,,False
796.0,0.02151992729203972,0.22494869459362618,-0.25491633544503456,-0.2764362627370743,,,False,0.02872943434240366,0.22581938775510088,-0.26814807678571323,-0.2968775111281169,,,False
797.0,0.021732826015037676,0.2739080930898666,-0.30493693685770895,-0.3266697628727466,,,False,0.02902870780701755,0.22135620443966927,-0.26290784301684433,-0.2919365508238619,,,False
798.0,0.02034440386501979,0.23315830791263806,-0.26446524623977163,-0.2848096501047914,,,False,0.029929159868719468,0.2205286254923004,-0.26193845243553354,-0.291867612304253,,,False
799.0,0.01856634079902153,0.3358852742570701,-0.36862314430045195,-0.3871894850994735,0.0,0.01856634079902153,True,0.02907823210347299,0.22322046723952602,-0.2650226694223939,-0.2941009015258669,0.0,0.02907823210347299,True
800.0,0.02210919729681346,0.16512016362334403,-0.19219855882802794,-0.2143077561248414,,,False,0.02956241911624302,0.22251282563551594,-0.26418536831145584,-0.29374778742769886,,,False
801.0,0.03329853079484427,0.10201699140708857,-0.11430108490630875,-0.14759961570115301,,,False,0.05263756867645304,0.0070540125313273295,-0.016734176042659213,-0.06937174471911225,,,False
802.0,0.021510690329991672,0.132871950590763,-0.15931717475892196,-0.18082786508891363,,,False,0.029081547052750956,0.20680258754027797,-0.2461514899458097,-0.27523303699856067,,,False
803.0,0.021053083501014425,0.20471311242391646,-0.2339143566197483,-0.2549674401207627,,,False,0.030247133558300554,0.21834742785535116,-0.2581061175050827,-0.2883532510633833,,,False
804.0,0.02050352413593509,0.15789164983888246,-0.1863508461011768,-0.2068543702371119,,,False,0.028949878412101726,0.2199261199427124,-0.26081384872085417,-0.2897637271329559,,,False
805.0,0.020523256873731965,0.2051708560687424,-0.23483035727216023,-0.2553536141458922,,,False,0.02985937682300993,0.21296673827425552,-0.2535374119745778,-0.28339678879758773,,,False
806.0,0.021067507327246715,0.20373529144289235,-0.23311790458856868,-0.2541854119158154,,,False,0.02908636134144893,0.2185255660580009,-0.25982440131568085,-0.2889107626571298,,,False
807.0,0.017648521222699665,0.16854267275331092,-0.19987242581704517,-0.21752094703974484,,,False,0.029787499708795795,0.2137372055137831,-0.2549085836928917,-0.2846960834016875,,,False
808.0,0.019657283605442194,0.17956007482993228,-0.20919460334779627,-0.22885188695323846,,,False,0.029819441908939037,0.22024135087719174,-0.26207928651999524,-0.2918987284289343,,,False
809.0,0.020873805581214988,0.2224450193340487,-0.2523824163040788,-0.2732562218852938,0.0,0.020873805581214988,True,0.030239045248836416,0.20788755531686215,-0.24960818452663658,-0.279847229775473,0.0,0.030239045248836416,True
810.0,0.02163055952679316,0.22902610776942264,-0.2589109847008133,-0.28054154422760647,,,False,0.030232616001312773,0.22354778374507595,-0.2659251250007152,-0.29615774100202796,,,False
811.0,0.02243937054600792,0.26691790547797967,-0.2971112831892793,-0.31955065373528724,,,False,0.030023048391216167,0.21228327712137324,-0.2543999434354978,-0.284422991826714,,,False
812.0,0.020614681732903817,0.28465921697099833,-0.3181629571563108,-0.33877763888921464,,,False,0.030439997573099453,0.2204491879699236,-0.2629279814450042,-0.29336797901810363,,,False
813.0,0.021250065578231336,0.31892438095238096,-0.3520584252262857,-0.37330849080451706,,,False,0.030351331599236253,0.2293550297171487,-0.2719749291604354,-0.30232626075967167,,,False
814.0,0.019873324152046817,0.19580305084138908,-0.22660797387478182,-0.24648129802682864,,,False,0.029618540492898915,0.22153941031149177,-0.2646535228898484,-0.2942720633827473,,,False
815.0,0.021028499430719716,0.19072706480486842,-0.2196871834989722,-0.24071568292969192,,,False,0.030504666705454153,0.23114291120658656,-0.2745503011090033,-0.30505496781445746,,,False
816.0,0.01955393976011463,0.17072776118868488,-0.20063459823043278,-0.2201885379905474,,,False,0.030374799405657016,0.2293835445757236,-0.2731160449151435,-0.30349084432080053,,,False
817.0,0.02116087295679686,0.2622704661654126,-0.2933037084206048,-0.3144645813774017,,,False,0.030085736313402556,0.2380666183315416,-0.2819789784843343,-0.31206471479773684,,,False
818.0,0.021191066839121697,0.22672869709989196,-0.257324795726618,-0.2785158625657397,,,False,0.029904199418785082,0.22709226638023516,-0.2707943219495155,-0.3006985213683006,,,False
819.0,0.01815832156522268,0.23312150590762548,-0.26806500416692947,-0.28622332573215215,0.0,0.01815832156522268,True,0.03031828074113857,0.22501258216970865,-0.2686589624482264,-0.29897724318936497,0.0,0.03031828074113857,True
820.0,0.021742774623463468,0.17907852738990274,-0.20775418364244191,-0.22949695826590538,,,False,0.03072297637128535,0.2279408274257055,-0.2715964989038473,-0.30231947527513264,,,False
821.0,0.021082768049289935,0.2169140655209449,-0.2473630864632328,-0.26844585451252273,,,False,0.030807946509726736,0.22873587826709516,-0.27278980935001673,-0.30359775585974347,,,False
822.0,0.021534041268051196,0.31039960472610056,-0.34333941054271927,-0.36487345181077047,,,False,0.030765092944862182,0.23348267454349977,-0.2776914558984944,-0.3084565488433566,,,False
823.0,0.02054799954529185,0.19587932832080052,-0.2256809367536483,-0.24622893629894016,,,False,0.030410901155865866,0.23635835803795058,-0.28067739180282714,-0.311088292958693,,,False
824.0,0.021726372249075143,0.28086239849624,-0.3119325660996534,-0.33365893834872856,,,False,0.030943935719059568,0.23357985678481805,-0.27766934191478587,-0.30861327763384544,,,False
825.0,0.018701192676333744,0.13031662835660476,-0.160289091650725,-0.17899028432705874,,,False,0.03141094365437408,0.2366833823845315,-0.28124853964935426,-0.31265948330372834,,,False
826.0,0.018584746972192423,0.18970329001074024,-0.22119821533490563,-0.23978296230709806,,,False,0.030768257897123785,0.23795755567490046,-0.2832099059353194,-0.3139781638324432,,,False
827.0,0.021934342514023264,0.20165090583601805,-0.23219556455677703,-0.2541299070708003,,,False,0.03109845551139756,0.2267314948084483,-0.27114901888175647,-0.302247474393154,,,False
828.0,0.021696116661892834,0.18784974185463646,-0.21700640683896666,-0.2387025235008595,,,False,0.031200263077336254,0.2373654214106679,-0.28200514182022746,-0.3132054048975637,,,False
829.0,0.020142650598520107,0.21176290834228345,-0.24284584664505393,-0.26298849724357404,0.0,0.020142650598520107,True,0.031096094532760465,0.23648409881847318,-0.2814850305963465,-0.31258112512910696,0.0,0.031096094532760465,True
830.0,0.020077368221148195,0.2437382090941631,-0.27618046604218593,-0.29625783426333413,,,False,0.03091193778613205,0.24104513712853431,-0.2865708659386309,-0.31748280372476295,,,False
831.0,0.02137750014202172,0.22184756247762188,-0.25230870700391334,-0.27368620714593506,,,False,0.030646301864184322,0.23489678195488567,-0.28020147810934326,-0.3108477799735276,,,False
832.0,0.01876287056629672,0.24218552130325696,-0.27591793558012984,-0.29468080614642655,,,False,0.031403590549588245,0.23738791371285198,-0.28251437179120864,-0.3139179623407969,,,False
833.0,0.021541006014440867,0.21623994092373736,-0.24655198820967722,-0.2680929942241181,,,False,0.03095323160102642,0.2421749419978502,-0.28770672043120143,-0.31865995203222786,,,False
834.0,0.023035991447666826,0.20580424346580667,-0.23561532326258144,-0.25865131471024827,,,False,0.03091992850996539,0.23586814321517915,-0.2807685088484767,-0.3116884373584421,,,False
835.0,0.023049823521900048,0.30062090762620836,-0.3323594102303866,-0.35540923375228667,,,False,0.03114297402494337,0.23889984353741356,-0.28411611908945433,-0.3152590931143977,,,False
836.0,0.021199487700799657,0.11924920730397344,-0.1469786485986587,-0.16817813629945835,,,False,0.029551494585869476,0.23493608378087927,-0.27987226101535834,-0.3094237556012278,,,False
837.0,0.022531658597088056,0.20793698532044294,-0.2370454511664865,-0.25957710976357457,,,False,0.030503821940565723,0.22362987826709477,-0.2673763839357306,-0.2978802058762963,,,False
838.0,0.020435870053705785,0.25187917794486103,-0.2848206360055928,-0.3052565060592986,,,False,0.030212006251939427,0.22156584317937558,-0.26523528404403723,-0.29544729029597666,,,False
839.0,0.02122171643752241,0.25721654099534474,-0.2880608212305234,-0.3092825376680458,0.0,0.02122171643752241,True,0.030315952376178512,0.21965467382742426,-0.2631959715627627,-0.2935119239389412,0.0,0.030315952376178512,True
840.0,0.019592294338823257,0.13012533190118092,-0.15988424308707133,-0.1794765374258946,,,False,0.030134215504833528,0.23117368492660073,-0.2752916852308972,-0.3054259007357307,,,False
841.0,0.018206193765365808,0.22864768528463947,-0.2621982583794515,-0.2804044521448173,,,False,0.030208377297410216,0.2264025062656626,-0.2703184331238796,-0.3005268104212898,,,False
842.0,0.02086519210645668,0.1967676022198349,-0.22710603965689108,-0.24797123176334776,,,False,0.030030605878386463,0.23543104296455294,-0.27965245759393004,-0.3096830634723165,,,False
843.0,0.020885762694832388,0.21601651557465035,-0.24707188577947953,-0.2679576484743119,,,False,0.030206539843059987,0.23102302792695903,-0.2750852367272277,-0.30529177657028767,,,False
844.0,0.019826710029836492,0.23150226817042563,-0.263520480392019,-0.28334719042185547,,,False,0.030865307358873384,0.23601766917293077,-0.28011126572233996,-0.31097657308121335,,,False
845.0,0.022034277693042226,0.23231578696741767,-0.26300680886264777,-0.28504108655569,,,False,0.030161104912280745,0.2311351281775857,-0.2752655616807544,-0.30542666659303513,,,False
846.0,0.020510929345984086,0.20568682456140325,-0.23611728203607063,-0.2566282113820547,,,False,0.030167330706528217,0.23565623952738843,-0.27977509539425205,-0.30994242610078027,,,False
847.0,0.017085908768946168,0.23696724453992085,-0.27256511804376765,-0.2896510268127138,,,False,0.029873900484544746,0.2359290282849966,-0.27989222776448097,-0.3097661282490257,,,False
848.0,0.02032389591060993,0.1668935796634436,-0.19702832146313132,-0.21735221737374125,,,False,0.028542931891633816,0.22432230540637144,-0.2675627245775315,-0.2961056564691653,,,False
849.0,0.021254474016589087,0.2503888968850692,-0.2817146053959157,-0.3029690794125048,0.0,0.021254474016589087,True,0.02970687371822417,0.22457907232366514,-0.2669346200528273,-0.2966414937710515,0.0,0.02970687371822417,True
850.0,0.020356870032223473,0.12860849588256243,-0.15830628807892255,-0.17866315811114603,,,False,0.029044488489676612,0.22061376548514014,-0.2626898036028093,-0.2917342920924859,,,False
851.0,0.018817405438596557,0.20349854278553464,-0.23444252307654062,-0.2532599285151372,,,False,0.02941493566356368,0.2254014944504104,-0.26712655486082937,-0.29654149052439305,,,False
852.0,0.01748897580737563,0.26275258145363295,-0.29887390380420936,-0.316362879611585,,,False,0.029248422415562747,0.2239740093089853,-0.2657933716808435,-0.29504179409640624,,,False
853.0,0.019793646617138116,0.18454148585749938,-0.21499770066201773,-0.23479134727915585,,,False,0.02942968607650076,0.22647771858216822,-0.2682980712429632,-0.29772775731946394,,,False
854.0,0.0211985057303975,0.2121450540637298,-0.24290354548286902,-0.2641020512132665,,,False,0.02990485478756416,0.2188760125313269,-0.2604665367793936,-0.29037139156695774,,,False
855.0,0.023047907354696362,0.237454835302541,-0.2677245418857239,-0.2907724492404203,,,False,0.02979622770796042,0.21540123057643973,-0.257039256855763,-0.28683548456372343,,,False
856.0,0.02140258897481806,0.2182553200859284,-0.2486330341214149,-0.27003562309623297,,,False,0.030948434797111846,0.22147718188327817,-0.26341054639332123,-0.2943589811904331,,,False
857.0,0.02217381293412113,0.28034454099534484,-0.31308129813485,-0.3352551110689711,,,False,0.030683206034132993,0.21951430934478933,-0.26223826509548753,-0.2929214711296205,,,False
858.0,0.02090780828499822,0.21779352488363676,-0.24859600826351147,-0.2695038165485097,,,False,0.03067490108187143,0.23826882277121228,-0.2820439846093434,-0.3127188856912148,,,False
859.0,0.021788786095596174,0.1978931389187248,-0.22763094324418198,-0.24941972933977816,0.0,0.021788786095596174,True,0.029561293916338494,0.23343061868958007,-0.2772122046828132,-0.3067734985991517,0.0,0.029561293916338494,True
860.0,0.020158100547201352,0.1652688288578583,-0.19533812994081357,-0.21549623048801492,,,False,0.03025081724907508,0.22708985427855202,-0.2706228236866616,-0.30087364093573665,,,False
861.0,0.019974698546365965,0.14947722126745336,-0.17982148323542113,-0.1997961817817871,,,False,0.030015679955842034,0.23513508664518296,-0.2791246040082872,-0.30914028396412924,,,False
862.0,0.02235281979830539,0.2254650712495513,-0.2557222415134338,-0.2780750613117392,,,False,0.030354013769542887,0.23248041711421275,-0.27644302930889597,-0.30679704307843886,,,False
863.0,0.02201714845208269,0.21271304976727434,-0.24375364060057458,-0.2657707890526573,,,False,0.030295897616660794,0.22510057500894942,-0.26874621058886344,-0.29904210820552424,,,False
864.0,0.02074059299319736,0.24503331292516953,-0.27722691473171374,-0.2979675077249111,,,False,0.029908398061821218,0.21562983924095833,-0.25924577572608193,-0.28915417378790315,,,False
865.0,0.02392687249313763,0.2678301650554954,-0.29970444630642484,-0.3236313187995625,,,False,0.03096566095655806,0.22173180665950487,-0.2651725333237369,-0.296138194280295,,,False
866.0,0.02190575311314008,0.2658402180451122,-0.2974837443328436,-0.31938949744598366,,,False,0.03030973941639814,0.2320640726817027,-0.2761516869359991,-0.30646142635239726,,,False
867.0,0.02220107389783993,0.23224002398854193,-0.26299628445223755,-0.2851973583500775,,,False,0.030755881741854618,0.23715381919083295,-0.2817443785174173,-0.3125002602592719,,,False
868.0,0.02148920899868728,0.2635277060508404,-0.29604990731805053,-0.3175391163167378,,,False,0.029965636398138207,0.239188042248477,-0.28409332002860593,-0.31405895642674414,,,False
869.0,0.02205616377491354,0.2293980791263867,-0.2603574116122119,-0.2824135753871254,0.0,0.02205616377491354,True,0.030169105617018743,0.230710707124954,-0.27530334353553404,-0.3054724491525528,0.0,0.030169105617018743,True
870.0,0.022165308319608612,0.22485347296813402,-0.25573224761170715,-0.27789755593131577,,,False,0.030282536487647727,0.23590277192982312,-0.28033939812133774,-0.31062193460898546,,,False
871.0,0.021521300155149747,0.20872696455424228,-0.23907925247645934,-0.2606005526316091,,,False,0.030755744761308046,0.2387679090583585,-0.28349441612119425,-0.3142501608825023,,,False
872.0,0.0185658069656284,0.09163957536698698,-0.12205717566271335,-0.14062298262834175,,,False,0.030245418841150506,0.23938751378446002,-0.2843651989970272,-0.31461061783817773,,,False
873.0,0.021874240222580332,0.24856861510920097,-0.2804303071766309,-0.30230454739921125,,,False,0.03061664894617494,0.24564585284640036,-0.2908409148233607,-0.32145756376953566,,,False
874.0,0.021581491791383356,0.2632563673469378,-0.2958472288500397,-0.3174287206414231,,,False,0.030803132249075105,0.23656101754385844,-0.28152742359788635,-0.31233055584696146,,,False
875.0,0.020019595003580443,0.16226758646616485,-0.19339713636880496,-0.2134167313723854,,,False,0.03053847308628721,0.24166590798424498,-0.28683333088290225,-0.31737180396918946,,,False
876.0,0.02168842803198484,0.25657057107053255,-0.2888371984437262,-0.310525626475711,,,False,0.030491721907745573,0.23911563157894558,-0.2840460276555836,-0.3145377495633292,,,False
877.0,0.021362842558181327,0.2326412681704257,-0.2639477801105087,-0.28531062266869,,,False,0.030126704727891196,0.25067363945578086,-0.29609668131802575,-0.32622338604591694,,,False
878.0,0.02231000391454835,0.2366521009667017,-0.26779651952983374,-0.2901065234443821,,,False,0.03136223639336444,0.23719092696025618,-0.2822242725481724,-0.31358650894153683,,,False
879.0,0.02218410172216262,0.2251457568922298,-0.25607945963181233,-0.27826356135397495,0.0,0.02218410172216262,True,0.03086555727413781,0.24645203437164204,-0.2920956501641232,-0.322961207438261,0.0,0.03086555727413781,True
880.0,0.01966778779806666,0.15270803079126266,-0.18401178071048208,-0.20367956850854874,,,False,0.030665368216971023,0.2374968446115273,-0.28295633478182813,-0.31362170299879916,,,False
881.0,0.021787162463301202,0.2653472302184028,-0.2978756681561199,-0.3196628306194211,,,False,0.03055877841448862,0.22612223881131258,-0.27129268482790764,-0.30185146324239626,,,False
882.0,0.020975632086764617,0.23637127461510854,-0.2683709720467662,-0.2893466041335308,,,False,0.03155504827604727,0.23741788184747453,-0.2826975149490857,-0.31425256322513295,,,False
883.0,0.022150577092135137,0.23139007268170347,-0.2625650417083623,-0.28471561880049745,,,False,0.031174836324143695,0.23329489473684037,-0.2785128145463463,-0.30968765087049,,,False
884.0,0.022084830236305086,0.24833252309344772,-0.27960809992022967,-0.30169293015653476,,,False,0.030800126935195127,0.2457025904045812,-0.2917021637050646,-0.3225022906402597,,,False
885.0,0.022299924804869364,0.23484956140350807,-0.26609625568007444,-0.2883961804849438,,,False,0.03129421869137128,0.23791808879341056,-0.2836276143103817,-0.31492183300175297,,,False
886.0,0.02151083754564992,0.2182765896885064,-0.24996373942828076,-0.2714745769739307,,,False,0.03091751298424633,0.24472927533118358,-0.29067263526555526,-0.3215901482498016,,,False
887.0,0.02243274798663336,0.2488687207303966,-0.28048767056813434,-0.3029204185547677,,,False,0.031465668017663206,0.23664674221267304,-0.28234596594967626,-0.31381163396733947,,,False
888.0,0.021454859599594256,0.23904076727533036,-0.2710872615515201,-0.29254212115111433,,,False,0.031040391644587717,0.23186630182599197,-0.2775874173723399,-0.3086278090169276,,,False
889.0,0.02189798061701881,0.22348597923379807,-0.25463876695046106,-0.27653674756747987,0.0,0.02189798061701881,True,0.030748690287623837,0.23900205836018446,-0.28472550154584503,-0.31547419183346886,0.0,0.030748690287623837,True
890.0,0.022090418354815677,0.2411359609738624,-0.2726992907526286,-0.2947897091074443,,,False,0.031190514086406496,0.23537236018617877,-0.2806179719834936,-0.3118084860699001,,,False
891.0,0.02205091539921239,0.2298402413175788,-0.26125053964200556,-0.28330145504121795,,,False,0.032085049076858885,0.23804887790905696,-0.283175654913783,-0.3152607039906419,,,False
892.0,0.018802146200023906,0.32860504010025005,-0.36558580173492317,-0.38438794793494707,,,False,0.0311441727473446,0.24955921911922527,-0.2954109465718031,-0.3265551193191477,,,False
893.0,0.021004787462107655,0.2035065721446466,-0.23520247168699387,-0.25620725914910153,,,False,0.03014983860544218,0.25125361224489645,-0.29771447884999863,-0.3278643174554408,,,False
894.0,0.02386518051617137,0.32310321553884647,-0.3566122836884441,-0.3804774642046155,,,False,0.026931742991407104,0.2465178088077321,-0.2924978864350146,-0.3194296294264217,,,False
895.0,0.022493164741019256,0.1697792320085935,-0.19786892082050545,-0.2203620855615247,,,False,0.029593121688148927,0.24827944396705912,-0.2918914341427305,-0.3214845558308794,,,False
896.0,0.020979652883995725,0.2099227454350161,-0.24068816918785824,-0.26166782207185396,,,False,0.02990632889545297,0.23904412280701592,-0.28262348035561957,-0.31252980925107254,,,False
897.0,0.022277060835421914,0.22391364482635048,-0.25504689270184633,-0.27732395353726824,,,False,0.030335554590046554,0.24223229860365073,-0.28598791122072914,-0.3163234658107757,,,False
898.0,0.020646702926960303,0.24620004153240213,-0.2796336253212801,-0.3002803282482404,,,False,0.030495486935791905,0.24060172896526907,-0.2845618011702637,-0.3150572881060556,,,False
899.0,0.021202299243943235,0.20352534837092598,-0.23511732487823273,-0.25631962412217596,0.0,0.021202299243943235,True,0.030446510686836126,0.23563002076619965,-0.2799528600403136,-0.31039937072714974,0.0,0.030446510686836126,True
900.0,0.020508726851653003,0.22949111027568825,-0.2626325996658658,-0.2831413265175188,,,False,0.030168932833273654,0.2446336208378073,-0.28899953847470317,-0.3191684713079768,,,False
901.0,0.034634147750924965,0.1838185062656645,-0.19876864011108097,-0.23340278786200594,,,False,0.05443355590404585,0.012137606516289836,-0.022489867845774267,-0.07692342374982011,,,False
902.0,0.020628572207304074,0.28233998496240403,-0.31551071084274335,-0.3361392830500474,,,False,0.03026026976667867,0.21915133297529438,-0.2602859584430173,-0.29054622820969594,,,False
903.0,0.02230204929048818,0.23286640100250536,-0.2635350436729916,-0.28583709296347976,,,False,0.03088564109857983,0.20533148478338567,-0.2464260980713019,-0.2773117391698817,,,False
904.0,0.022467201475713128,0.2280682388113132,-0.25853887454066726,-0.2810060760163804,,,False,0.030309125160520367,0.218679810239884,-0.2606057650105607,-0.2909148901710811,,,False
905.0,0.02218650151271051,0.2738997343358386,-0.30617619940360363,-0.32836270091631414,,,False,0.031155678408521292,0.22043717293232942,-0.26279118394156686,-0.29394686235008816,,,False
906.0,0.02004472573338112,0.2230972638739692,-0.25536572790886636,-0.2754104536422475,,,False,0.030352867923976568,0.21782809702828362,-0.26079704671007753,-0.2911499146340541,,,False
907.0,0.022066830704141338,0.22112212065878878,-0.2515989384334103,-0.27366576913755164,,,False,0.03074506783924108,0.2250829860365185,-0.26816983135015965,-0.29891489918940073,,,False
908.0,0.022148886510323457,0.10773327533118415,-0.13445735219367894,-0.1566062387040024,,,False,0.030804302850578835,0.2319743057644098,-0.27565764811070415,-0.306461950961283,,,False
909.0,0.020072117468075024,0.27603685571070413,-0.31069884886478494,-0.33077096633285996,0.0,0.020072117468075024,True,0.030614625639694526,0.23251794522019212,-0.2768190648062824,-0.3074336904459769,0.0,0.030614625639694526,True
910.0,0.020700347034849076,0.20634743752237653,-0.23778750067016668,-0.25848784770501576,,,False,0.030873102925766838,0.2463764310776928,-0.2911169304373061,-0.3219900333630729,,,False
911.0,0.021519935542427593,0.21334529180093015,-0.24432325525112703,-0.2658431907935546,,,False,0.030912136417233615,0.23956689795918235,-0.28432933338979455,-0.31524146980702816,,,False
912.0,0.02072835796753794,0.14464586501969134,-0.17487244395142992,-0.19560080191896786,,,False,0.030736496210168274,0.2345875997135681,-0.2792381033052974,-0.3099745995154657,,,False
913.0,0.02116562112065884,0.26998237343358333,-0.30210632899157625,-0.3232719501122351,,,False,0.030861668154911148,0.24997644110275563,-0.2951533322681692,-0.32601500042308035,,,False
914.0,0.02142057313641249,0.24458725456498331,-0.2772106092109167,-0.2986311823473292,,,False,0.030912619804869368,0.24306266344432367,-0.28812671258648265,-0.319039332391352,,,False
915.0,0.02282356902016952,0.2419144085213026,-0.27310611132655793,-0.29592968034672745,,,False,0.03088500040338943,0.23640483709273005,-0.28128056252398675,-0.3121655629273762,,,False
916.0,0.021198468683017113,0.2078134278553519,-0.23865539529831076,-0.25985386398132787,,,False,0.0314423163772527,0.23542707017543713,-0.2805340897313448,-0.3119764061085975,,,False
917.0,0.022782723251581427,0.22385313283207947,-0.25463236867089073,-0.27741509192247216,,,False,0.03161978945578231,0.24577351020408006,-0.2912532952020393,-0.3228730846578216,,,False
918.0,0.021591842963957497,0.20976994522019277,-0.24082141169793075,-0.26241325466188825,,,False,0.030542643243227086,0.24169049230218265,-0.2875783341220001,-0.3181209773652272,,,False
919.0,0.022654629251103953,0.23393039885427774,-0.2651506619689874,-0.28780529122009135,0.0,0.022654629251103953,True,0.03070090405537651,0.24189904618689484,-0.28757051816799056,-0.3182714222233671,0.0,0.03070090405537651,True
920.0,0.0221437668773124,0.24965695954171074,-0.28191759792268023,-0.30406136479999263,,,False,0.030564099970163516,0.2383050311493006,-0.2838647912951653,-0.3144288912653288,,,False
921.0,0.022012547881608835,0.21912778302900013,-0.2506811781416059,-0.27269372602321473,,,False,0.03051075803079134,0.23769366129609598,-0.28311622178846974,-0.3136269798192611,,,False
922.0,0.022577027664399174,0.21982361224489746,-0.2506955792188158,-0.273272606883215,,,False,0.03130495668516531,0.24497135660579886,-0.2903679841711587,-0.32167294085632403,,,False
923.0,0.021646772313521967,0.20412917937701372,-0.23560451638521568,-0.25725128869873765,,,False,0.0313050783148347,0.24841618761188547,-0.29422028420672985,-0.32552536252156455,,,False
924.0,0.022273782042009915,0.24641044718940167,-0.27855471276173743,-0.30082849480374735,,,False,0.031051604681943012,0.23707867096312057,-0.28289869078718066,-0.3139502954691237,,,False
925.0,0.02255712099713575,0.24178260973863153,-0.27364741570470164,-0.2962045367018374,,,False,0.03081940774794134,0.24702367060508246,-0.2932940825060492,-0.32411349025399055,,,False
926.0,0.02033822881250749,0.19395026423200817,-0.2264942887963648,-0.2468325176088723,,,False,0.03086611727354094,0.23392550125313155,-0.27970528641559145,-0.3105714036891324,,,False
927.0,0.02084588951605207,0.18205923952738834,-0.2137261101705591,-0.23457199968661116,,,False,0.0314760251050244,0.24065749552452406,-0.286551508725652,-0.3180275338306764,,,False
928.0,0.022173634667024766,0.2453692817758678,-0.2777105096345086,-0.2998841443015334,,,False,0.03159033829215896,0.25045716040100097,-0.29705222052543717,-0.32864255881759613,,,False
929.0,0.023239568650196996,0.2650182151808091,-0.2969076508799676,-0.3201472195301646,0.0,0.023239568650196996,True,0.031106363311254326,0.24485144468313502,-0.29121911791111577,-0.3223254812223701,0.0,0.031106363311254326,True
930.0,0.019712527153001647,0.2554977024704618,-0.28858826450430275,-0.3083007916573044,,,False,0.031196743788638293,0.23778091228069986,-0.28380469230239697,-0.31500143609103526,,,False
931.0,0.021671209138918734,0.20531579162191127,-0.23661480761427645,-0.2582860167531952,,,False,0.031275355775748914,0.23802574794128034,-0.283982922783493,-0.31525827855924193,,,False
932.0,0.021990673959303098,0.2506186222699599,-0.2826384858747404,-0.3046291598340435,,,False,0.031865046026375465,0.24180518152524033,-0.28766252222749605,-0.3195275682538715,,,False
933.0,0.02187527671858225,0.26957029967776486,-0.30306908943904726,-0.3249443661576295,,,False,0.031066192269960657,0.24570003043322458,-0.2922345938706574,-0.3233007861406181,,,False
934.0,0.021156341614751162,0.22512414249910478,-0.2575667402243394,-0.27872308183909056,,,False,0.03226573086406492,0.23674366988900641,-0.2828587415866434,-0.31512447245070835,,,False
935.0,0.022505545747702582,0.23133644647332513,-0.2625723901036402,-0.2850779358513428,,,False,0.03211972021720977,0.24718282384532628,-0.29380443628845193,-0.3259241565056617,,,False
936.0,0.020333751691132607,0.10909308915145059,-0.1395590772599748,-0.1598928289511074,,,False,0.032240112651271025,0.24604740744718814,-0.29254541668977685,-0.3247855293410479,,,False
937.0,0.021711750608664537,0.2320132570712491,-0.2640485450166633,-0.28576029562532784,,,False,0.03089126026196448,0.2587725968492649,-0.30630659264298127,-0.33719785290494575,,,False
938.0,0.02320586525957752,0.2477196412459709,-0.2794454749277711,-0.3026513401873486,,,False,0.031147693801766352,0.24811625993555186,-0.294853162291191,-0.32600085609295737,,,False
939.0,0.020834168845327683,0.23133336126029336,-0.2641064373056883,-0.28494060615101596,0.0,0.020834168845327683,True,0.03265127123821454,0.23665301002506148,-0.2829050922420863,-0.31555636348030086,0.0,0.03265127123821454,True
940.0,0.021491945586585626,0.23262936161833087,-0.26540249906710345,-0.2868944446536891,,,False,0.03167926164757129,0.24738081095595982,-0.29429725283915,-0.32597651448672127,,,False
941.0,0.022235659687313558,0.24929570712495414,-0.28183926955168515,-0.3040749292389987,,,False,0.031691172472252116,0.25272456032939367,-0.29964603231655806,-0.3313372047888102,,,False
942.0,0.022910179547082132,0.23488892767633268,-0.2663508685220719,-0.28926104806915404,,,False,0.03148038031208977,0.24914022234156677,-0.29588982241423056,-0.32737020272632034,,,False
943.0,0.022489146377849434,0.24624254887217956,-0.27854331610321925,-0.3010324624810687,,,False,0.031474331505549624,0.245244677049766,-0.2918507467511086,-0.32332507825665824,,,False
944.0,0.02103747261308042,0.3231801722162537,-0.3592181942535132,-0.3802556668665936,,,False,0.03187830030134864,0.252794633011098,-0.2994601135443955,-0.33133841384574414,,,False
945.0,0.021359071237021188,0.21150402542069374,-0.24280713740239013,-0.2641662086394113,,,False,0.026830197753311802,0.2573340605084127,-0.3046510102142667,-0.3314812079675785,,,False
946.0,0.02176302788518919,0.262835587182241,-0.2976344061264121,-0.3193974340116013,,,False,0.02975643268110756,0.2225254307196551,-0.26570797828270565,-0.2954644109638132,,,False
947.0,0.020193786333094654,0.23770672144647315,-0.2721548433375788,-0.29234862967067343,,,False,0.029789959150256617,0.23616843107769286,-0.27966221144955106,-0.3094521705998077,,,False
948.0,0.02192290139515457,0.24979500930898688,-0.2829825222671344,-0.30490542366228895,,,False,0.03088412194832324,0.22448668635875263,-0.2673831327870555,-0.29826725473537874,,,False
949.0,0.02400831036281184,0.1652980816326519,-0.1952866560464478,-0.21929496640925963,0.0,0.02400831036281184,True,0.029825444709989324,0.23348574794128032,-0.2771928542732888,-0.30701829898327815,0.0,0.029825444709989324,True
950.0,0.023297656291323576,0.25937228750447466,-0.29138692497058777,-0.31468458126191134,,,False,0.030165834622866705,0.23613662012173153,-0.2794160238134609,-0.30958185843632763,,,False
951.0,0.022008252070056133,0.2055740207662006,-0.23757439472790493,-0.25958264679796106,,,False,0.03027312838345869,0.23488682277121262,-0.27804524095424166,-0.30831836933770035,,,False
952.0,0.021186208887695457,0.20280357321876083,-0.23513594161993517,-0.25632215050763063,,,False,0.02933979751223298,0.2236135105621181,-0.2665387026005177,-0.2958785001127507,,,False
953.0,0.02110249394915867,0.19384111027568904,-0.22620883935770336,-0.24731133330686203,,,False,0.030119929196204875,0.22835891657715573,-0.2709903054698517,-0.3011102346660566,,,False
954.0,0.02202131831662496,0.2325111815252411,-0.26445206351542366,-0.2864733818320486,,,False,0.030156214582885865,0.22486614607948285,-0.2676128351567116,-0.29776904973959745,,,False
955.0,0.02347300428571436,0.2587912176870742,-0.2908595733354687,-0.31433257762118305,,,False,0.031167660557345767,0.22196623881131275,-0.2646884815054588,-0.2958561420628046,,,False
956.0,0.0224621630528703,0.2375686587898307,-0.26975342503571115,-0.29221558808858145,,,False,0.03065429940327008,0.2316544937343347,-0.27575063423019947,-0.30640493363346955,,,False
957.0,0.0223660403329754,0.22533864339419857,-0.2575658859130406,-0.279931926246016,,,False,0.031030134345387317,0.2374593594701023,-0.28169794802020975,-0.31272808236559707,,,False
958.0,0.021921556524048258,0.21758251664876432,-0.24953898645172679,-0.27146054297577504,,,False,0.0307214020646856,0.24335665127103323,-0.288345431705566,-0.3190668337702516,,,False
959.0,0.022990788116123706,0.2002116659505899,-0.23109165436488205,-0.25408244248100575,0.0,0.022990788116123706,True,0.03126184366750212,0.23516689330468893,-0.2800131216177394,-0.3112749652852415,0.0,0.03126184366750212,True
960.0,0.023304942000835493,0.25273170963122027,-0.28494679969498327,-0.30825174169581876,,,False,0.031249383839360323,0.24146030898675086,-0.2865167691112944,-0.31776615295065475,,,False
961.0,0.022448186352190036,0.2128959513068377,-0.244776884810895,-0.267225071163085,,,False,0.031438384920038254,0.24731706552094365,-0.29286491356133026,-0.3243032984813685,,,False
962.0,0.021553004372240225,0.22871804368062967,-0.26133888165850855,-0.2828918860307488,,,False,0.030755223714047097,0.24603280307912484,-0.2914001084726265,-0.3221553321866736,,,False
963.0,0.02266266584795329,0.23082602398854207,-0.2627281943796662,-0.2853908602276195,,,False,0.031196098569638397,0.24579025098460283,-0.29111292128229355,-0.32230901985193194,,,False
964.0,0.022815792009189706,0.23217677873254466,-0.2644693511220462,-0.28728514313123593,,,False,0.03140510756474524,0.2431828467597551,-0.2887822189135145,-0.32018732647825976,,,False
965.0,0.023609248316624976,0.25111526996061484,-0.28309721175179065,-0.3067064600684156,,,False,0.03166589634085215,0.23737467239527255,-0.2829287843974208,-0.31459468073827296,,,False
966.0,0.020691634151450145,0.31521015717865924,-0.35209603173421733,-0.3727876658856675,,,False,0.03181001474221273,0.24038587647690485,-0.2861005376127265,-0.31791055235493926,,,False
967.0,0.02359673339539331,0.2508048116720362,-0.2828924739515543,-0.3064892073469476,,,False,0.03141768512829701,0.24568436877908895,-0.29169785062044234,-0.32311553574873936,,,False
968.0,0.022277151744838353,0.25455775689222965,-0.28785292546544483,-0.3101300772102832,,,False,0.031760734896765785,0.24593797457930375,-0.2916856790733424,-0.3234464139701082,,,False
969.0,0.02342489918367352,0.1442135442176868,-0.17265683185636704,-0.19608173104004056,0.0,0.02342489918367352,True,0.031507283257548646,0.24529434837092584,-0.29143590624391186,-0.3229431895014605,0.0,0.031507283257548646,True
970.0,0.02229581173588735,0.27660886215538794,-0.31056057112896185,-0.3328563828648492,,,False,0.03144968797589209,0.2402624511278183,-0.28649046755413415,-0.31794015553002625,,,False
971.0,0.022132622302184157,0.2398110705334759,-0.2729357166039091,-0.29506833890609324,,,False,0.032293073806540284,0.2414897221625476,-0.28771870646448094,-0.32001178027102123,,,False
972.0,0.02283207941043086,0.2393453469387748,-0.27154478718799935,-0.2943768665984302,,,False,0.03220632982694838,0.23991536161833002,-0.2862139406927124,-0.31842027051966076,,,False
973.0,0.02293286433106584,0.2672751904761897,-0.30053668091522373,-0.32346954524628957,,,False,0.0321796579233799,0.24258635982814,-0.2892013851503205,-0.3213810430737004,,,False
974.0,0.023535112324859775,0.245585240601503,-0.2780860753089294,-0.3016211876337892,,,False,0.032164463338107185,0.2602132853562461,-0.3075038785086628,-0.33966834184676997,,,False
975.0,0.024532312755698837,0.2667802882205513,-0.2981626013886035,-0.32269491414430235,,,False,0.03182277860245858,0.24896565413533667,-0.29579015430053546,-0.32761293290299404,,,False
976.0,0.020988211145124724,0.21678906802720974,-0.2503893009413458,-0.27137751208647054,,,False,0.03173364115228555,0.2500230096670232,-0.2966824123027912,-0.32841605345507674,,,False
977.0,0.021684142632175663,0.2294211639813813,-0.2619117606663817,-0.2835959032985574,,,False,0.03175198347356489,0.25097728284998094,-0.29796399717237626,-0.32971598064594115,,,False
978.0,0.02225320844909895,0.2427647651271026,-0.27587587151363824,-0.2981290799627372,,,False,0.03258866246151093,0.24101271929824403,-0.28767610818787887,-0.3202647706493898,,,False
979.0,0.020533192639336506,0.2571538063014669,-0.2926299630875842,-0.3131631557269207,0.0,0.020533192639336506,True,0.03195236958169234,0.2503005764411015,-0.2974939007337975,-0.32944627031548984,0.0,0.03195236958169234,True
980.0,0.022585383271273463,0.21942778696741772,-0.2517293287942398,-0.2743147120655133,,,False,0.03184540642857142,0.24828686394557684,-0.295242176983332,-0.3270875834119034,,,False
981.0,0.022143016061582643,0.2355601661296089,-0.2681994820818552,-0.2903424981434378,,,False,0.032367519234992315,0.24120903186537634,-0.28791537489212177,-0.3202828941271141,,,False
982.0,0.022416754252297444,0.17646881203007447,-0.20791507371852125,-0.2303318279708187,,,False,0.03208478286788402,0.23777281382026336,-0.2849386442433032,-0.3170234271111872,,,False
983.0,0.024057053377491422,0.20329931471535903,-0.23397788801315922,-0.25803494139065064,,,False,0.03214033442534908,0.24006995381310306,-0.2872209828718034,-0.3193613172971525,,,False
984.0,0.020859099368063072,0.28875030504833493,-0.323553038471712,-0.3444121378397751,,,False,0.031951548545769204,0.2585674160400987,-0.3063574468655015,-0.3383089954112707,,,False
985.0,0.02168397166965036,0.2267830873612595,-0.2600969484769766,-0.281780920146627,,,False,0.032411693808330366,0.2659786072323653,-0.31391159612334285,-0.3463232899316732,,,False
986.0,0.02338375181286556,0.24243283172216126,-0.2746408927624241,-0.29802464457528965,,,False,0.029240677721088515,0.26172615646258346,-0.30947675910033856,-0.3387174368214271,,,False
987.0,0.022279748768349483,0.22292645972072966,-0.2552948541301432,-0.2775746028984927,,,False,0.03135985791860613,0.2425097071249537,-0.28765274736104396,-0.3190126052796501,,,False
988.0,0.021367841946533073,0.235369066595058,-0.2683398157417239,-0.28970765768825696,,,False,0.03211068937403033,0.2410276022198341,-0.2859458120946462,-0.31805650146867653,,,False
989.0,0.023555411324143793,0.24201752058718115,-0.2740972391204822,-0.29765265044462597,0.0,0.023555411324143793,True,0.03213798677109447,0.24126868349444877,-0.28651630207065715,-0.3186542888417516,0.0,0.03213798677109447,True
990.0,0.023244770540040705,0.26451791442892963,-0.29712241968997866,-0.32036719023001936,,,False,0.032139228003938425,0.241343643752236,-0.287186825905888,-0.31932605390982644,,,False
991.0,0.023445340751879762,0.2323914436090217,-0.2644040266192945,-0.2878493673711743,,,False,0.03144250478637073,0.24730658575008815,-0.2937229270391323,-0.325165431825503,,,False
992.0,0.01997426688506987,0.25229843430003474,-0.2876835767706906,-0.3076578436557605,,,False,0.03166491985797831,0.2533836211958456,-0.2998418238425696,-0.3315067437005479,,,False
993.0,0.022690283874567452,0.24540119155030385,-0.2786899109188995,-0.30138019479346695,,,False,0.031687022391693465,0.2413539294665216,-0.2876659441671124,-0.31935296655880585,,,False
994.0,0.023637432691251903,0.24580849373433505,-0.27804260574520445,-0.30168003843645635,,,False,0.03209172949098943,0.2556913519513056,-0.30268608190930774,-0.33477781140029717,,,False
995.0,0.024449454601981224,0.2878886820622967,-0.3204370168199743,-0.3448864714219555,,,False,0.03204252349803077,0.25336263730755304,-0.3007612555791965,-0.33280377907722725,,,False
996.0,0.021910834707602467,0.24733637056928004,-0.2814279989326592,-0.30333883364026165,,,False,0.032202293696741935,0.26335914536340693,-0.31065733681179575,-0.3428596305085377,,,False
997.0,0.022996534391335588,0.22761023272466807,-0.25979128766182513,-0.2827878220531607,,,False,0.03194096485499465,0.25609543859649,-0.303691429916576,-0.33563239477157064,,,False
998.0,0.023305788396586757,0.24985308199069023,-0.28263880600553737,-0.3059445944021241,,,False,0.031419993884115094,0.26146634049409084,-0.30955065251004144,-0.34097064639415653,,,False
999.0,0.023218474883040963,0.23575360401002413,-0.2682468734460915,-0.29146534832913246,0.0,0.023218474883040963,True,0.03218471811672041,0.2555104031507325,-0.303114293207016,-0.3352990113237364,0.0,0.03218471811672041,True
1000.0,0.021338292472252107,0.28354644468313567,-0.3173186644855417,-0.3386569569577938,,,False,0.03157642896765728,0.26395552810597794,-0.3121676906177932,-0.3437441195854505,,,False
