global_cycle,session,raw_cycle,filename,n_points,n_points_ox,n_points_red,E_min,E_max,I_min_mA,I_max_mA,I_mean_mA,Q_ox_mC,Q_red_mC,Q_total_mC
1,0,1,B[N94]_NiC_nit_1M KOH_ vs RHE B_05_CVA_C02.txt,314,314,0,0.99997866,1.5913419,0.0001168581811741406,0.1045812761673981,0.02057455037863874,1.2095980385537084,,1.2095980385537084
2,0,1,B[N94]_NiC_nit_1M KOH_ vs RHE B_05_CVA_C02.txt,313,0,313,1.0096473,1.599992,-0.003558754096434649,0.1252069175243378,0.007895354790828075,,0.4258145172295968,0.4258145172295968
3,0,1,B[N94]_NiC_nit_1M KOH_ vs RHE B_05_CVA_C02.txt,315,315,0,1.0000479,1.5908954,-0.003151125988275138,0.08836312088668352,0.012748550583329538,0.7439557095869527,,0.7439557095869527
4,0,2,B[N94]_NiC_nit_1M KOH_ vs RHE B_05_CVA_C02.txt,312,0,312,1.0096654,1.5999621,-0.006848848071821741,0.1112919811939084,0.005215120803816618,,0.29042830263940855,0.29042830263940855
5,0,2,B[N94]_NiC_nit_1M KOH_ vs RHE B_05_CVA_C02.txt,314,314,0,1.0000119,1.5895481,-0.004999744100496167,0.08147152340238895,0.011874619278845264,0.6852334267567859,,0.6852334267567859
6,0,3,B[N94]_NiC_nit_1M KOH_ vs RHE B_05_CVA_C02.txt,313,0,313,1.0096473,1.5999587,-0.009213744548970068,0.1087865060114341,0.004679823472415428,,0.24070556699098383,0.24070556699098383
7,0,3,B[N94]_NiC_nit_1M KOH_ vs RHE B_05_CVA_C02.txt,314,314,0,1.0000479,1.589681,-0.003819005563855171,0.08055216125711673,0.011552540479885545,0.6778722802901882,,0.6778722802901882
8,0,4,B[N94]_NiC_nit_1M KOH_ vs RHE B_05_CVA_C02.txt,312,0,312,1.0096774,1.5999788,-0.01138631950285607,0.1074224567839077,0.0038924020718539695,,0.21280903387159497,0.21280903387159497
9,0,4,B[N94]_NiC_nit_1M KOH_ vs RHE B_05_CVA_C02.txt,314,314,0,1.0000147,1.5899395,-0.004975306714186445,0.08092669232710192,0.011803006214896505,0.6822320006919522,,0.6822320006919522
10,0,5,B[N94]_NiC_nit_1M KOH_ vs RHE B_05_CVA_C02.txt,313,0,313,1.0097063,1.599951,-0.01352189920398261,0.1090926767346706,0.0038216602993845707,,0.19006188597526044,0.19006188597526044
11,0,5,B[N94]_NiC_nit_1M KOH_ vs RHE B_05_CVA_C02.txt,316,316,0,0.99999642,1.5913459,-0.002175329519169673,0.08461347894372101,0.012156784609910508,0.7010211123034619,,0.7010211123034619
12,0,6,B[N94]_NiC_nit_1M KOH_ vs RHE B_05_CVA_C02.txt,313,0,313,1.009706,1.5999568,-0.01563446044133757,0.1097488745075204,0.0035734164706512457,,0.1751690521016093,0.1751690521016093
13,0,6,B[N94]_NiC_nit_1M KOH_ vs RHE B_05_CVA_C02.txt,314,314,0,0.99999923,1.5895206,-0.003139909822493792,0.08061321229302842,0.011933682131254963,0.695122110171147,,0.695122110171147
14,0,7,B[N94]_NiC_nit_1M KOH_ vs RHE B_05_CVA_C02.txt,312,0,312,1.0097286,1.5999691,-0.01772216879509739,0.1083711022511125,0.003013539486707422,,0.16059199205244906,0.16059199205244906
15,0,7,B[N94]_NiC_nit_1M KOH_ vs RHE B_05_CVA_C02.txt,317,317,0,1.0000319,1.5902498,-0.002358756194492648,0.0833084045257455,0.012263169209261914,0.7114091086924925,,0.7114091086924925
16,0,8,B[N94]_NiC_nit_1M KOH_ vs RHE B_05_CVA_C02.txt,313,0,313,1.0097063,1.5999546,-0.01976780396330885,0.112059192650992,0.0031811160216298514,,0.15100235741946585,0.15100235741946585
17,0,8,B[N94]_NiC_nit_1M KOH_ vs RHE B_05_CVA_C02.txt,316,316,0,1.0000046,1.5901821,-0.002118774472778156,0.08380657527706525,0.012617809624884013,0.7229947193233425,,0.7229947193233425
18,0,9,B[N94]_NiC_nit_1M KOH_ vs RHE B_05_CVA_C02.txt,312,0,312,1.0097315,1.5999731,-0.02180267490872324,0.1122113762325362,0.002696035273763455,,0.1411519207859122,0.1411519207859122
19,0,9,B[N94]_NiC_nit_1M KOH_ vs RHE B_05_CVA_C02.txt,320,320,0,0.99999613,1.5911576,-0.001766683217803284,0.08683653829958327,0.013070442443329982,0.7441942659089646,,0.7441942659089646
20,0,10,B[N94]_NiC_nit_1M KOH_ vs RHE B_05_CVA_C02.txt,312,0,312,1.0097357,1.5999768,-0.02386934927217377,0.1106924708518717,0.0025203588163255526,,0.13084552621610082,0.13084552621610082
21,0,10,B[N94]_NiC_nit_1M KOH_ vs RHE B_05_CVA_C02.txt,319,319,0,1.0000092,1.5906733,-0.006427377641487597,0.08576357311637345,0.013152834684235318,0.7519932528935436,,0.7519932528935436
22,0,11,B[N94]_NiC_nit_1M KOH_ vs RHE B_05_CVA_C02.txt,313,0,313,1.0096794,1.6000032,-0.02583568559476897,0.1164111526722602,0.0027197390798103355,,0.12147160475859696,0.12147160475859696
23,0,11,B[N94]_NiC_nit_1M KOH_ vs RHE B_05_CVA_C02.txt,319,319,0,1.0000069,1.5896733,-0.001722933195227989,0.08417178552845128,0.013192337916330649,0.75524582416961,,0.75524582416961
24,0,12,B[N94]_NiC_nit_1M KOH_ vs RHE B_05_CVA_C02.txt,312,0,312,1.0096513,1.5999528,-0.02784884920937486,0.1114000865879157,0.0021870571359973766,,0.11090504329888491,0.11090504329888491
25,0,12,B[N94]_NiC_nit_1M KOH_ vs RHE B_05_CVA_C02.txt,320,320,0,1.0000075,1.5903987,-0.01079409344432256,0.08495482700760137,0.013595778822944628,0.773015499301569,,0.773015499301569
26,0,13,B[N94]_NiC_nit_1M KOH_ vs RHE B_05_CVA_C02.txt,312,0,312,1.0096554,1.5999554,-0.03046724683553481,0.1124496875291174,0.002000249643416677,,0.09975583821049971,0.09975583821049971
27,0,13,B[N94]_NiC_nit_1M KOH_ vs RHE B_05_CVA_C02.txt,322,322,0,1.0000125,1.5905436,-0.01121649059156577,0.08731181404136512,0.013883839909437156,0.7851690172359906,,0.7851690172359906
28,0,14,B[N94]_NiC_nit_1M KOH_ vs RHE B_05_CVA_C02.txt,313,0,313,1.0096654,1.6000444,-0.03235760657825446,0.1257287859916687,0.00224588429609653,,0.09102867886689539,0.09102867886689539
29,0,14,B[N94]_NiC_nit_1M KOH_ vs RHE B_05_CVA_C02.txt,318,318,0,1.000025,1.589965,-0.01002618770248124,0.08661547494500721,0.013865244199015952,0.7962503008865318,,0.7962503008865318
30,0,15,B[N94]_NiC_nit_1M KOH_ vs RHE B_05_CVA_C02.txt,313,0,313,1.0096573,1.5999914,-0.03374379112638323,0.115655478413986,0.002087119617529417,,0.0839588810816296,0.0839588810816296
31,0,15,B[N94]_NiC_nit_1M KOH_ vs RHE B_05_CVA_C02.txt,321,321,0,0.99995792,1.5904576,-0.003212918424590816,0.08768357272845911,0.014074550356191512,0.8089916403306214,,0.8089916403306214
32,0,16,B[N94]_NiC_nit_1M KOH_ vs RHE B_05_CVA_C02.txt,312,0,312,1.0097136,1.5999548,-0.03568086313578051,0.1137892684720932,0.0015136328932884423,,0.07061609910834643,0.07061609910834643
33,0,16,B[N94]_NiC_nit_1M KOH_ vs RHE B_05_CVA_C02.txt,321,321,0,1.0000163,1.590263,-0.0008337737156584729,0.08741473709600078,0.014323307258026443,0.8217847808271429,,0.8217847808271429
34,0,17,B[N94]_NiC_nit_1M KOH_ vs RHE B_05_CVA_C02.txt,313,0,313,1.0096573,1.5999695,-0.03753025857983058,0.119869497321222,0.0017595256616839425,,0.06392990682732187,0.06392990682732187
35,0,17,B[N94]_NiC_nit_1M KOH_ vs RHE B_05_CVA_C02.txt,320,320,0,1.0000073,1.5894992,-0.00657871765239787,0.08559327561621125,0.01473233369004002,0.8248572680061635,,0.8248572680061635
36,0,18,B[N94]_NiC_nit_1M KOH_ vs RHE B_05_CVA_C02.txt,313,0,313,1.0096494,1.600001,-0.03947250848580797,0.1202619969844818,0.0015917308562647307,,0.05331312271670494,0.05331312271670494
37,0,18,B[N94]_NiC_nit_1M KOH_ vs RHE B_05_CVA_C02.txt,321,321,0,0.99994999,1.5894829,-0.0008141756206253847,0.08562879183841576,0.014568720071278695,0.8364116077288261,,0.8364116077288261
38,0,19,B[N94]_NiC_nit_1M KOH_ vs RHE B_05_CVA_C02.txt,312,0,312,1.0096494,1.599948,-0.04139808320195026,0.1177206681668754,0.0010298054974648867,,0.04142752240996969,0.04142752240996969
39,0,19,B[N94]_NiC_nit_1M KOH_ vs RHE B_05_CVA_C02.txt,321,321,0,0.99994999,1.5904495,-0.002857906697803024,0.08862971413955445,0.014947496358587647,0.8557009973941201,,0.8557009973941201
40,0,20,B[N94]_NiC_nit_1M KOH_ vs RHE B_05_CVA_C02.txt,313,0,313,1.0096774,1.5999516,-0.04342303651166124,0.1202671205543953,0.0012408033507225887,,0.03287555456402797,0.03287555456402797
41,0,20,B[N94]_NiC_nit_1M KOH_ vs RHE B_05_CVA_C02.txt,319,319,0,0.99999917,1.5911101,-0.00226735434262082,0.0904079470259136,0.015353184790792852,0.8737927227186778,,0.8737927227186778
42,0,21,B[N94]_NiC_nit_1M KOH_ vs RHE B_05_CVA_C02.txt,313,0,313,1.0096494,1.5999675,-0.04543006201643462,0.1180027350783348,0.0010613436296779038,,0.022332312795657772,0.022332312795657772
43,0,21,B[N94]_NiC_nit_1M KOH_ vs RHE B_05_CVA_C02.txt,322,322,0,0.99994999,1.5910895,-0.001294320103867601,0.09107193599554586,0.015513879239065312,0.8859058444274707,,0.8859058444274707
44,0,22,B[N94]_NiC_nit_1M KOH_ vs RHE B_05_CVA_C02.txt,313,0,313,1.0096794,1.5999911,-0.04740702567608879,0.1188491657376289,0.000951682657435662,,0.015509433967212131,0.015509433967212131
45,0,22,B[N94]_NiC_nit_1M KOH_ vs RHE B_05_CVA_C02.txt,322,322,0,1.0000316,1.590812,-0.006161848604679106,0.08962958001352961,0.015990984266657036,0.8912379398793042,,0.8912379398793042
46,0,23,B[N94]_NiC_nit_1M KOH_ vs RHE B_05_CVA_C02.txt,313,0,313,1.0096573,1.5999694,-0.04941387919281959,0.117355940296598,0.0006924620847317889,,0.0006510321822137668,0.0006510321822137668
47,0,23,B[N94]_NiC_nit_1M KOH_ vs RHE B_05_CVA_C02.txt,321,321,0,0.99999291,1.5908005,-0.003219282347708949,0.09027332454999426,0.015945402310276104,0.9042235442150149,,0.9042235442150149
48,0,24,B[N94]_NiC_nit_1M KOH_ vs RHE B_05_CVA_C02.txt,312,0,312,1.0097079,1.5999511,-0.05142029186825769,0.1161507637220982,0.0002083245403800866,,-0.007124636269312527,-0.007124636269312527
49,0,24,B[N94]_NiC_nit_1M KOH_ vs RHE B_05_CVA_C02.txt,322,322,0,1.000012,1.5905474,-0.002692572574596857,0.08979649618945018,0.016243391460872537,0.9151702759801783,,0.9151702759801783
50,0,25,B[N94]_NiC_nit_1M KOH_ vs RHE B_05_CVA_C02.txt,313,0,313,1.0096895,1.5999575,-0.05455102420132561,0.1177474734899788,0.000446469940070491,,-0.01428524432723217,-0.01428524432723217
51,0,25,B[N94]_NiC_nit_1M KOH_ vs RHE B_05_CVA_C02.txt,318,318,0,1.0000074,1.5899397,-0.001616126468434238,0.08845609516227193,0.015990479621481188,0.9223888018764413,,0.9223888018764413
52,0,26,B[N94]_NiC_nit_1M KOH_ vs RHE B_05_CVA_C02.txt,312,0,312,1.0096573,1.59995,-0.05644433494200235,0.1162922075208352,-0.00011412582520436477,,-0.02629886674668019,-0.02629886674668019
53,0,26,B[N94]_NiC_nit_1M KOH_ vs RHE B_05_CVA_C02.txt,319,319,0,0.99999124,1.5896536,-0.002698501397389919,0.08792028549522493,0.016347127613582226,0.9318051104498697,,0.9318051104498697
54,0,27,B[N94]_NiC_nit_1M KOH_ vs RHE B_05_CVA_C02.txt,313,0,313,1.0096594,1.5999634,-0.05790937353973899,0.1216140300669568,0.0001729243277994588,,-0.030983202580524834,-0.030983202580524834
55,0,27,B[N94]_NiC_nit_1M KOH_ vs RHE B_05_CVA_C02.txt,317,317,0,1.0000191,1.5898377,-0.007703004767083459,0.08859647078941635,0.016459623484767268,0.9453843824124875,,0.9453843824124875
56,0,28,B[N94]_NiC_nit_1M KOH_ vs RHE B_05_CVA_C02.txt,312,0,312,1.0096713,1.5999491,-0.05965441634010293,0.1183553011715408,-0.0003884052229889369,,-0.04292480981930375,-0.04292480981930375
57,0,28,B[N94]_NiC_nit_1M KOH_ vs RHE B_05_CVA_C02.txt,317,317,0,1.000016,1.5902199,-0.008123474359950603,0.0897611123537223,0.016601836365162236,0.9596562424131649,,0.9596562424131649
58,0,29,B[N94]_NiC_nit_1M KOH_ vs RHE B_05_CVA_C02.txt,313,0,313,1.0096494,1.6000205,-0.06170752426812887,0.1210308125161605,-0.00018746218530480308,,-0.05210305108767051,-0.05210305108767051
59,0,30,B[N94]_NiC_nit_1M KOH_ vs RHE B_05_CVA_C02.txt,317,317,0,0.99999046,1.5896082,-0.003773504868149757,0.09029927073383108,0.016885247979819804,0.9660398556023033,,0.9660398556023033
60,0,30,B[N94]_NiC_nit_1M KOH_ vs RHE B_05_CVA_C02.txt,313,0,313,1.0096532,1.6000087,-0.06374237095516766,0.1202683672308922,-0.0003468691864723414,,-0.06227992565742413,-0.06227992565742413
61,0,30,B[N94]_NiC_nit_1M KOH_ vs RHE B_05_CVA_C02.txt,318,318,0,0.9999944,1.5897321,-0.004636435381447278,0.09263079950767296,0.017168262935982375,0.9791350676496987,,0.9791350676496987
62,0,31,B[N94]_NiC_nit_1M KOH_ vs RHE B_05_CVA_C02.txt,313,0,313,1.0097034,1.5999635,-0.06584346967107468,0.122012410312891,-0.00046412114704019096,,-0.06900409259016779,-0.06900409259016779
63,0,31,B[N94]_NiC_nit_1M KOH_ vs RHE B_05_CVA_C02.txt,322,322,0,1.0000052,1.5899471,-0.002148510695075281,0.09380328095385226,0.017701620910357384,0.9935719416060022,,0.9935719416060022
64,0,32,B[N94]_NiC_nit_1M KOH_ vs RHE B_05_CVA_C02.txt,313,0,313,1.0096494,1.5999575,-0.06788738782042747,0.1227566028094809,-0.0005807620507708767,,-0.07612850752394855,-0.07612850752394855
65,0,32,B[N94]_NiC_nit_1M KOH_ vs RHE B_05_CVA_C02.txt,320,320,0,0.99994999,1.5909138,-0.001556938365287024,0.09540698403372216,0.017576320869882374,1.013212256747889,,1.013212256747889
66,0,33,B[N94]_NiC_nit_1M KOH_ vs RHE B_05_CVA_C02.txt,313,0,313,1.0096632,1.6000186,-0.06994208028129784,0.1208360175723613,-0.0008063776324109859,,-0.08910990572653281,-0.08910990572653281
67,0,33,B[N94]_NiC_nit_1M KOH_ vs RHE B_05_CVA_C02.txt,318,318,0,0.99999237,1.5909199,-0.00281530893407762,0.09703625571942308,0.01778056369716075,1.0258753257575939,,1.0258753257575939
68,0,34,B[N94]_NiC_nit_1M KOH_ vs RHE B_05_CVA_C02.txt,312,0,312,1.0097401,1.5999837,-0.07219916695963391,0.1215000222437084,-0.0012642567003905503,,-0.09531642338896139,-0.09531642338896139
69,0,34,B[N94]_NiC_nit_1M KOH_ vs RHE B_05_CVA_C02.txt,317,317,0,1.0000062,1.5898066,-0.00401119280528898,0.09907411337106152,0.01795771990381147,1.0274374558146186,,1.0274374558146186
70,0,35,B[N94]_NiC_nit_1M KOH_ vs RHE B_05_CVA_C02.txt,313,0,313,1.0096693,1.6000187,-0.07400510573590513,0.1204694389028753,-0.0010563025618826425,,-0.10473518085351137,-0.10473518085351137
71,0,35,B[N94]_NiC_nit_1M KOH_ vs RHE B_05_CVA_C02.txt,318,318,0,1.0000308,1.5909042,-0.007953853220290824,0.1009181434852997,0.018272815625925212,1.0488065860522273,,1.0488065860522273
72,0,36,B[N94]_NiC_nit_1M KOH_ vs RHE B_05_CVA_C02.txt,313,0,313,1.0096495,1.5999594,-0.07756853995256119,0.1201264140722544,-0.0012446059119697267,,-0.1154997663011898,-0.1154997663011898
73,0,36,B[N94]_NiC_nit_1M KOH_ vs RHE B_05_CVA_C02.txt,323,323,0,0.99994999,1.5900242,-0.003258810469040849,0.1023849614760479,0.018463051883913076,1.0511326315629264,,1.0511326315629264
74,0,37,B[N94]_NiC_nit_1M KOH_ vs RHE B_05_CVA_C02.txt,312,0,312,1.0097582,1.6000001,-0.07823391213939321,0.1223393610368173,-0.0017598770316046358,,-0.12472329018911457,-0.12472329018911457
75,0,37,B[N94]_NiC_nit_1M KOH_ vs RHE B_05_CVA_C02.txt,322,322,0,0.99996078,1.5903906,-0.002565906159756908,0.1042960706685063,0.01871686057413603,1.064912980978736,,1.064912980978736
76,0,38,B[N94]_NiC_nit_1M KOH_ vs RHE B_05_CVA_C02.txt,313,0,313,1.0096693,1.6000029,-0.08110745070014813,0.1211020648479462,-0.0015514715481161248,,-0.13425415050659106,-0.13425415050659106
77,0,38,B[N94]_NiC_nit_1M KOH_ vs RHE B_05_CVA_C02.txt,318,318,0,1.0000027,1.5904,-0.003566999780014166,0.1056686292141107,0.018608527796665143,1.078495653691555,,1.078495653691555
78,0,39,B[N94]_NiC_nit_1M KOH_ vs RHE B_05_CVA_C02.txt,313,0,313,1.0096654,1.5999554,-0.08280988710703441,0.1204147368021631,-0.0017181193415189786,,-0.1438050573408782,-0.1438050573408782
79,0,39,B[N94]_NiC_nit_1M KOH_ vs RHE B_05_CVA_C02.txt,318,318,0,1.0000272,1.5911994,-0.008268280769698322,0.1079436801980345,0.018901549914133037,1.0951971262105205,,1.0951971262105205
80,0,40,B[N94]_NiC_nit_1M KOH_ vs RHE B_05_CVA_C02.txt,313,0,313,1.0096495,1.5999534,-0.08482949962680575,0.1203112803558086,-0.0018820984245325712,,-0.1534574424640892,-0.1534574424640892
81,0,41,B[N94]_NiC_nit_1M KOH_ vs RHE B_05_CVA_C02.txt,318,318,0,1.0000024,1.5909846,-0.006701405567582697,0.1095974213948999,0.019172298008873625,1.1068973123461452,,1.1068973123461452
82,0,41,B[N94]_NiC_nit_1M KOH_ vs RHE B_05_CVA_C02.txt,313,0,313,1.0096896,1.5999515,-0.08707083609599875,0.1205961164896902,-0.0020046973953712606,,-0.16089232139368134,-0.16089232139368134
83,0,41,B[N94]_NiC_nit_1M KOH_ vs RHE B_05_CVA_C02.txt,319,319,0,1.000012,1.591061,-0.003014325871360295,0.1121473590418818,0.01942320984630769,1.1181700515517483,,1.1181700515517483
84,0,42,B[N94]_NiC_nit_1M KOH_ vs RHE B_05_CVA_C02.txt,313,0,313,1.0096794,1.5999693,-0.08915468562004314,0.1238331041582252,-0.002168669519229801,,-0.17097041908091087,-0.17097041908091087
85,0,42,B[N94]_NiC_nit_1M KOH_ vs RHE B_05_CVA_C02.txt,318,318,0,1.0000051,1.5912175,-0.002626257927410981,0.113410939192315,0.01953370385631375,1.133903614661542,,1.133903614661542
86,0,43,B[N94]_NiC_nit_1M KOH_ vs RHE B_05_CVA_C02.txt,312,0,312,1.0097479,1.5999905,-0.09179881578670912,0.1239584586743649,-0.0026439677435869035,,-0.1774022351665546,-0.1774022351665546
87,0,43,B[N94]_NiC_nit_1M KOH_ vs RHE B_05_CVA_C02.txt,320,320,0,0.99995053,1.5912237,-0.004429956756908701,0.1147182186912468,0.019593129920222354,1.1454422937708957,,1.1454422937708957
88,0,44,B[N94]_NiC_nit_1M KOH_ vs RHE B_05_CVA_C02.txt,312,0,312,1.0097514,1.6000268,-0.09333512880954976,0.1274768023027311,-0.0027433801182986293,,-0.18387404814421052,-0.18387404814421052
89,0,44,B[N94]_NiC_nit_1M KOH_ vs RHE B_05_CVA_C02.txt,318,318,0,1.0000122,1.5911373,-0.008883397156993551,0.1161515538458167,0.019968045489032034,1.1550566485506863,,1.1550566485506863
90,0,45,B[N94]_NiC_nit_1M KOH_ vs RHE B_05_CVA_C02.txt,312,0,312,1.0097346,1.5999782,-0.09581322148099151,0.1211095160671642,-0.002966666858120015,,-0.19611609993519205,-0.19611609993519205
91,0,45,B[N94]_NiC_nit_1M KOH_ vs RHE B_05_CVA_C02.txt,318,318,0,0.99998671,1.590698,-0.0006633930528519285,0.1178611763780517,0.01990512153607162,1.162680289673831,,1.162680289673831
92,0,46,B[N94]_NiC_nit_1M KOH_ vs RHE B_05_CVA_C02.txt,313,0,313,1.0096514,1.5999986,-0.09771844997420098,0.1240869818822197,-0.0027346138157802002,,-0.2049012475159724,-0.2049012475159724
93,0,46,B[N94]_NiC_nit_1M KOH_ vs RHE B_05_CVA_C02.txt,320,320,0,0.9999885,1.5909866,-0.003478119149804115,0.1188942516590286,0.02067342803964921,1.1789138418123872,,1.1789138418123872
94,0,47,B[N94]_NiC_nit_1M KOH_ vs RHE B_05_CVA_C02.txt,313,0,313,1.0096534,1.5999888,-0.1018315535763434,0.1241885295704654,-0.0028610699182828173,,-0.21210250591174315,-0.21210250591174315
95,0,47,B[N94]_NiC_nit_1M KOH_ vs RHE B_05_CVA_C02.txt,318,318,0,1.0000119,1.5909351,-0.008490878033141289,0.1200464391922011,0.020630815574189006,1.1887980140010401,,1.1887980140010401
96,0,48,B[N94]_NiC_nit_1M KOH_ vs RHE B_05_CVA_C02.txt,312,0,312,1.009743,1.5999873,-0.1020615355664281,0.1219975530139861,-0.0034041320271791732,,-0.2222687448048792,-0.2222687448048792
97,0,48,B[N94]_NiC_nit_1M KOH_ vs RHE B_05_CVA_C02.txt,322,322,0,0.99999326,1.5913235,-0.002683196496218444,0.1215630449930578,0.021086206375563004,1.204605426634009,,1.204605426634009
98,0,49,B[N94]_NiC_nit_1M KOH_ vs RHE B_05_CVA_C02.txt,312,0,312,1.0097464,1.5999904,-0.1041408963117991,0.1213313911495537,-0.0035490479345763994,,-0.2307745151639496,-0.2307745151639496
99,0,49,B[N94]_NiC_nit_1M KOH_ vs RHE B_05_CVA_C02.txt,319,319,0,0.99995005,1.5908155,-0.004499078847150853,0.1228367766752361,0.020885229863805685,1.2118601005985854,,1.2118601005985854
100,0,50,B[N94]_NiC_nit_1M KOH_ vs RHE B_05_CVA_C02.txt,313,0,313,1.0097027,1.6000164,-0.1067360840879827,0.125022366642952,-0.0033132191207575954,,-0.24026402626476262,-0.24026402626476262
101,0,50,B[N94]_NiC_nit_1M KOH_ vs RHE B_05_CVA_C02.txt,317,317,0,1.000011,1.5900178,-0.002876210433896631,0.1243661973233512,0.02097670974721455,1.2145553211988735,,1.2145553211988735
102,0,51,B[N94]_NiC_nit_1M KOH_ vs RHE B_05_CVA_C02.txt,312,0,312,1.0091314,1.5999756,-0.1099084791961473,0.1250667379548149,-0.003814125788084142,,-0.25137164478102897,-0.25137164478102897
103,0,51,B[N94]_NiC_nit_1M KOH_ vs RHE B_05_CVA_C02.txt,320,320,0,1.000034,1.5900904,-0.002069035549621648,0.1255240193291121,0.021372448225633132,1.225979528943556,,1.225979528943556
104,0,52,B[N94]_NiC_nit_1M KOH_ vs RHE B_05_CVA_C02.txt,313,0,313,1.0090514,1.5999553,-0.1108423706459304,0.122885816609082,-0.003581100540448694,,-0.25945706002589036,-0.25945706002589036
105,0,52,B[N94]_NiC_nit_1M KOH_ vs RHE B_05_CVA_C02.txt,316,316,0,0.99998945,1.5901804,-0.003028411030148469,0.1265874231013842,0.021404591029117362,1.2386313286187454,,1.2386313286187454
106,0,53,B[N94]_NiC_nit_1M KOH_ vs RHE B_05_CVA_C02.txt,313,0,313,1.0090514,1.599995,-0.1128485707400646,0.1227350678849728,-0.0037453393025213702,,-0.26981284852384096,-0.26981284852384096
107,0,53,B[N94]_NiC_nit_1M KOH_ vs RHE B_05_CVA_C02.txt,321,321,0,1.0000106,1.5908117,-0.008451255969703197,0.1285647436563799,0.021922722468013515,1.256944150616728,,1.256944150616728
108,0,54,B[N94]_NiC_nit_1M KOH_ vs RHE B_05_CVA_C02.txt,313,0,313,1.0090475,1.6000162,-0.114826597877902,0.1262373642429061,-0.0038351606561913467,,-0.27608355893207986,-0.27608355893207986
109,0,54,B[N94]_NiC_nit_1M KOH_ vs RHE B_05_CVA_C02.txt,324,324,0,1.0000793,1.5912155,-0.005914602428674698,0.1297023617765236,0.022177297516840742,1.271385666590971,,1.271385666590971
110,0,55,B[N94]_NiC_nit_1M KOH_ vs RHE B_05_CVA_C02.txt,312,0,312,1.0091265,1.5999737,-0.1156913904656478,0.1246432716379293,-0.004439849475981334,,-0.288388575547826,-0.288388575547826
111,0,55,B[N94]_NiC_nit_1M KOH_ vs RHE B_05_CVA_C02.txt,319,319,0,1.0000291,1.5898354,-0.00233799939308918,0.1329112659060595,0.022118192289796067,1.271419289899341,,1.271419289899341
112,0,56,B[N94]_NiC_nit_1M KOH_ vs RHE B_05_CVA_C02.txt,312,0,312,1.0091295,1.5999757,-0.1193467309281788,0.1233572618414955,-0.0045704016957635665,,-0.2961879897499674,-0.2961879897499674
113,0,56,B[N94]_NiC_nit_1M KOH_ vs RHE B_05_CVA_C02.txt,321,321,0,0.9999944,1.5900099,-0.001609073330958687,0.1324400414374765,0.022457933232802825,1.2848927768888125,,1.2848927768888125
114,0,57,B[N94]_NiC_nit_1M KOH_ vs RHE B_05_CVA_C02.txt,313,0,313,1.0090514,1.6000103,-0.1211907374308394,0.1248791766879351,-0.004288600706536403,,-0.3026916956519659,-0.3026916956519659
115,0,57,B[N94]_NiC_nit_1M KOH_ vs RHE B_05_CVA_C02.txt,320,320,0,0.99998707,1.5896785,-0.00221851235255599,0.1355463006545423,0.0227882762249685,1.2932317031939415,,1.2932317031939415
116,0,58,B[N94]_NiC_nit_1M KOH_ vs RHE B_05_CVA_C02.txt,313,0,313,1.0090514,1.5999829,-0.1256363084262718,0.1262415153500824,-0.004454304461187183,,-0.31235437601179183,-0.31235437601179183
117,0,58,B[N94]_NiC_nit_1M KOH_ vs RHE B_05_CVA_C02.txt,316,316,0,1.0000088,1.589512,-0.00918157778393764,0.1367423583702405,0.022983487951595973,1.3048926167567667,,1.3048926167567667
118,0,59,B[N94]_NiC_nit_1M KOH_ vs RHE B_05_CVA_C02.txt,312,0,312,1.0091636,1.6000057,-0.1261973951057387,0.1240738080370993,-0.004968017103454932,,-0.3198324909629484,-0.3198324909629484
119,0,59,B[N94]_NiC_nit_1M KOH_ vs RHE B_05_CVA_C02.txt,318,318,0,0.99996603,1.5900823,-0.006010059732943773,0.1383829760202628,0.022760684667957325,1.323170387358525,,1.323170387358525
120,0,60,B[N94]_NiC_nit_1M KOH_ vs RHE B_05_CVA_C02.txt,313,0,313,1.0090554,1.5999848,-0.1288987825589047,0.1246244704917721,-0.004714215618628666,,-0.3277418303426645,-0.3277418303426645
121,0,60,B[N94]_NiC_nit_1M KOH_ vs RHE B_05_CVA_C02.txt,317,317,0,1.0000005,1.5904019,-0.006996659251550838,0.1389102336876848,0.023163335767699137,1.3396165002920153,,1.3396165002920153
122,0,61,B[N94]_NiC_nit_1M KOH_ vs RHE B_05_CVA_C02.txt,313,0,313,1.0090514,1.6000078,-0.1306785024988584,0.1289573337720789,-0.004775842387158182,,-0.332250517554889,-0.332250517554889
123,0,61,B[N94]_NiC_nit_1M KOH_ vs RHE B_05_CVA_C02.txt,316,316,0,1.0000039,1.5897844,-0.006978975947607657,0.1401328256776098,0.023362344900321335,1.3442798324104133,,1.3442798324104133
124,0,62,B[N94]_NiC_nit_1M KOH_ vs RHE B_05_CVA_C02.txt,313,0,313,1.0090514,1.5999947,-0.1327009225050257,0.1272671026704102,-0.005013303128515184,,-0.34588080459282994,-0.34588080459282994
125,0,62,B[N94]_NiC_nit_1M KOH_ vs RHE B_05_CVA_C02.txt,314,314,0,0.99999714,1.5905095,-0.005158493361834972,0.141317336466692,0.02331325539994489,1.3632350237016169,,1.3632350237016169
126,0,63,B[N94]_NiC_nit_1M KOH_ vs RHE B_05_CVA_C02.txt,313,0,313,1.0090834,1.6000102,-0.1343573030560304,0.1268084766748157,-0.005185482294717459,,-0.3558536122946343,-0.3558536122946343
127,0,63,B[N94]_NiC_nit_1M KOH_ vs RHE B_05_CVA_C02.txt,317,317,0,1.0000139,1.5913094,-0.003897041853633709,0.1416698225364348,0.023847614763688282,1.3819046979504586,,1.3819046979504586
128,0,64,B[N94]_NiC_nit_1M KOH_ vs RHE B_05_CVA_C02.txt,313,0,313,1.009101,1.6000102,-0.1363216469782111,0.1262570023536682,-0.00529906322868586,,-0.3633409240093535,-0.3633409240093535
129,0,64,B[N94]_NiC_nit_1M KOH_ vs RHE B_05_CVA_C02.txt,318,318,0,1.0000048,1.5898856,-0.002460220786319536,0.1428813743427062,0.024182833656600743,1.3794693775703728,,1.3794693775703728
130,0,65,B[N94]_NiC_nit_1M KOH_ vs RHE B_05_CVA_C02.txt,313,0,313,1.0091019,1.5999514,-0.1384655732330859,0.1255456100663412,-0.005477062620504218,,-0.37353410519155145,-0.37353410519155145
131,0,65,B[N94]_NiC_nit_1M KOH_ vs RHE B_05_CVA_C02.txt,321,321,0,1.0000042,1.5908998,-0.002630191908048637,0.1440001021031447,0.02462645210039838,1.4017475688424212,,1.4017475688424212
132,0,66,B[N94]_NiC_nit_1M KOH_ vs RHE B_05_CVA_C02.txt,313,0,313,1.0090536,1.6000063,-0.1403242817416073,0.1262301673059878,-0.0056091959328803025,,-0.3814467154232093,-0.3814467154232093
133,0,66,B[N94]_NiC_nit_1M KOH_ vs RHE B_05_CVA_C02.txt,316,316,0,0.99999368,1.5903744,-0.004358443586776659,0.1450275735805944,0.024186457237392087,1.4070933471546412,,1.4070933471546412
134,0,67,B[N94]_NiC_nit_1M KOH_ vs RHE B_05_CVA_C02.txt,313,0,313,1.0090514,1.5999748,-0.141722437474652,0.1272979503416496,-0.005800498904278185,,-0.3927408414707209,-0.3927408414707209
135,0,67,B[N94]_NiC_nit_1M KOH_ vs RHE B_05_CVA_C02.txt,317,317,0,0.99999189,1.590492,-0.004293872416019438,0.1463875299318889,0.02453366135291749,1.4211500229443066,,1.4211500229443066
136,0,68,B[N94]_NiC_nit_1M KOH_ vs RHE B_05_CVA_C02.txt,313,0,313,1.0090536,1.6000005,-0.1441340995677272,0.1276738527028456,-0.005954831608553994,,-0.40209957689013087,-0.40209957689013087
137,0,68,B[N94]_NiC_nit_1M KOH_ vs RHE B_05_CVA_C02.txt,317,317,0,0.99999499,1.5902841,-0.005045732948929071,0.1474273631378933,0.02454215503095356,1.4316944340974083,,1.4316944340974083
138,0,69,B[N94]_NiC_nit_1M KOH_ vs RHE B_05_CVA_C02.txt,313,0,313,1.0090536,1.6000158,-0.1458155226952795,0.1278401456125404,-0.006084258100953218,,-0.40965828184716324,-0.40965828184716324
139,0,69,B[N94]_NiC_nit_1M KOH_ vs RHE B_05_CVA_C02.txt,316,316,0,1.0000055,1.5897843,-0.00779921053485437,0.1483678388283822,0.024679233330343175,1.4366572193871425,,1.4366572193871425
140,0,70,B[N94]_NiC_nit_1M KOH_ vs RHE B_05_CVA_C02.txt,313,0,313,1.0090536,1.5999846,-0.1497951560080193,0.1277195030580394,-0.0063024967731258276,,-0.4226059474500986,-0.4226059474500986
141,0,70,B[N94]_NiC_nit_1M KOH_ vs RHE B_05_CVA_C02.txt,316,316,0,1.0000056,1.5913721,-0.00831475954813262,0.149464816767451,0.025202677628987678,1.466773609583023,,1.466773609583023
142,0,71,B[N94]_NiC_nit_1M KOH_ vs RHE B_05_CVA_C02.txt,313,0,313,1.0090536,1.5999807,-0.1519994785036038,0.1268956355102684,-0.006371647137434163,,-0.42696084926377964,-0.42696084926377964
143,0,71,B[N94]_NiC_nit_1M KOH_ vs RHE B_05_CVA_C02.txt,314,314,0,0.99998862,1.5895233,-0.003101806777218982,0.1505387002360763,0.024988161123963525,1.460166540667993,,1.460166540667993
144,0,72,B[N94]_NiC_nit_1M KOH_ vs RHE B_05_CVA_C02.txt,312,0,312,1.0091405,1.599987,-0.1517007091376934,0.1251217256630621,-0.006983983174993333,,-0.43969653978867523,-0.43969653978867523
145,0,72,B[N94]_NiC_nit_1M KOH_ vs RHE B_05_CVA_C02.txt,317,317,0,0.99998891,1.5906959,-0.001775300682653004,0.1512215880365568,0.025508657233281894,1.4823565548322721,,1.4823565548322721
146,0,73,B[N94]_NiC_nit_1M KOH_ vs RHE B_05_CVA_C02.txt,312,0,312,1.0091456,1.5999919,-0.1537136416451106,0.1256096807441541,-0.007169979683203078,,-0.4506440311303872,-0.4506440311303872
147,0,73,B[N94]_NiC_nit_1M KOH_ vs RHE B_05_CVA_C02.txt,316,316,0,0.99999368,1.5895801,-0.002978985585893199,0.1523279509838482,0.02556710681779925,1.48409305257504,,1.48409305257504
148,0,74,B[N94]_NiC_nit_1M KOH_ vs RHE B_05_CVA_C02.txt,313,0,313,1.0090554,1.5999866,-0.1563635748815467,0.1290015698747431,-0.006853937906358717,,-0.4560787015868164,-0.4560787015868164
149,0,74,B[N94]_NiC_nit_1M KOH_ vs RHE B_05_CVA_C02.txt,316,316,0,1.0000032,1.5899801,-0.007298090774565946,0.1535678175509192,0.025763743347229327,1.5002226219378338,,1.5002226219378338
150,0,75,B[N94]_NiC_nit_1M KOH_ vs RHE B_05_CVA_C02.txt,313,0,313,1.0090554,1.5999807,-0.1582280136241185,0.1270728571259457,-0.0070101602366419765,,-0.4652452693360458,-0.4652452693360458
151,0,75,B[N94]_NiC_nit_1M KOH_ vs RHE B_05_CVA_C02.txt,316,316,0,1.0000015,1.5899763,-0.007255326258018613,0.1542568687016368,0.026041050075367483,1.5120246008490326,,1.5120246008490326
152,0,76,B[N94]_NiC_nit_1M KOH_ vs RHE B_05_CVA_C02.txt,313,0,313,1.0090536,1.5999826,-0.1597905585935324,0.1281721868916696,-0.007174857024846784,,-0.47560521592523286,-0.47560521592523286
153,0,76,B[N94]_NiC_nit_1M KOH_ vs RHE B_05_CVA_C02.txt,317,317,0,0.9999944,1.590194,-0.005673202841232225,0.1549370444410567,0.026319240412861628,1.5248652213178535,,1.5248652213178535
154,0,77,B[N94]_NiC_nit_1M KOH_ vs RHE B_05_CVA_C02.txt,313,0,313,1.0090536,1.5999942,-0.1622591889534917,0.1282181245801239,-0.007387138269559778,,-0.48812168497944003,-0.48812168497944003
155,0,77,B[N94]_NiC_nit_1M KOH_ vs RHE B_05_CVA_C02.txt,319,319,0,1.0000013,1.5900526,-0.007104207709845569,0.15647013069951,0.026550082798739418,1.5357563492137063,,1.5357563492137063
156,0,78,B[N94]_NiC_nit_1M KOH_ vs RHE B_05_CVA_C02.txt,313,0,313,1.0090554,1.599961,-0.1634313909370314,0.1278232744206549,-0.0075502542615676176,,-0.4970868758716318,-0.4970868758716318
157,0,78,B[N94]_NiC_nit_1M KOH_ vs RHE B_05_CVA_C02.txt,319,319,0,1.0000035,1.5894784,-0.008043927233666183,0.1599371720076168,0.026754780420326685,1.5416191410841102,,1.5416191410841102
158,0,79,B[N94]_NiC_nit_1M KOH_ vs RHE B_05_CVA_C02.txt,313,0,313,1.0090554,1.5999805,-0.1651312401318236,0.1287759558662124,-0.007654822043315034,,-0.5034465194819286,-0.5034465194819286
159,0,79,B[N94]_NiC_nit_1M KOH_ vs RHE B_05_CVA_C02.txt,316,316,0,0.99999809,1.5907602,-0.005309087631758302,0.1599472887570756,0.026936967413413903,1.5660104959558374,,1.5660104959558374
160,0,80,B[N94]_NiC_nit_1M KOH_ vs RHE B_05_CVA_C02.txt,313,0,313,1.0090554,1.5999609,-0.1668488390898216,0.12849620130399,-0.007886053297127634,,-0.5174703853310255,-0.5174703853310255
161,0,80,B[N94]_NiC_nit_1M KOH_ vs RHE B_05_CVA_C02.txt,316,316,0,1.0000019,1.5903684,-0.007490213587880136,0.1616889121986083,0.027114060824632805,1.5744455269427953,,1.5744455269427953
162,0,81,B[N94]_NiC_nit_1M KOH_ vs RHE B_05_CVA_C02.txt,313,0,313,1.0090554,1.5999688,-0.1682699308824236,0.1287889529181561,-0.008055399889460958,,-0.5272362258475058,-0.5272362258475058
163,0,81,B[N94]_NiC_nit_1M KOH_ vs RHE B_05_CVA_C02.txt,315,315,0,0.99999398,1.5896528,-0.004785241947198905,0.1622218824091322,0.027057333198790376,1.5761320423944352,,1.5761320423944352
164,0,82,B[N94]_NiC_nit_1M KOH_ vs RHE B_05_CVA_C02.txt,313,0,313,1.0090554,1.5999531,-0.1726176899623338,0.1282071957121724,-0.008232961791048578,,-0.5378690819125187,-0.5378690819125187
165,0,82,B[N94]_NiC_nit_1M KOH_ vs RHE B_05_CVA_C02.txt,316,316,0,1.0000048,1.5911603,-0.007765772032805471,0.1629030993476171,0.027559642246718512,1.6090259402737777,,1.6090259402737777
166,0,83,B[N94]_NiC_nit_1M KOH_ vs RHE B_05_CVA_C02.txt,313,0,313,1.0090554,1.5999649,-0.1739032754850327,0.1283647729002911,-0.008269095682444624,,-0.5399206692723224,-0.5399206692723224
167,0,83,B[N94]_NiC_nit_1M KOH_ vs RHE B_05_CVA_C02.txt,315,315,0,1.0000051,1.5900663,-0.007468003991313962,0.1634220591494175,0.027893411339844142,1.6094359963296507,,1.6094359963296507
168,0,84,B[N94]_NiC_nit_1M KOH_ vs RHE B_05_CVA_C02.txt,313,0,313,1.0090554,1.5999666,-0.175130809597829,0.1282545159692348,-0.008450519260389852,,-0.5509288907359187,-0.5509288907359187
169,0,84,B[N94]_NiC_nit_1M KOH_ vs RHE B_05_CVA_C02.txt,316,316,0,0.9999944,1.589584,-0.00494104864386221,0.1643535160227305,0.027939293490676705,1.6173000366778665,,1.6173000366778665
170,0,85,B[N94]_NiC_nit_1M KOH_ vs RHE B_05_CVA_C02.txt,313,0,313,1.0090554,1.5999957,-0.1765777203536949,0.1292471756105837,-0.008603602575810975,,-0.5605904512067407,-0.5605904512067407
171,0,85,B[N94]_NiC_nit_1M KOH_ vs RHE B_05_CVA_C02.txt,316,316,0,0.99999815,1.5903759,-0.005628788727335632,0.1651162840358082,0.028272739837807648,1.6355488100505762,,1.6355488100505762
172,0,86,B[N94]_NiC_nit_1M KOH_ vs RHE B_05_CVA_C02.txt,313,0,313,1.0090554,1.5999765,-0.1777781999401722,0.1291887918892114,-0.008813342824022973,,-0.5723973828352052,-0.5723973828352052
173,0,86,B[N94]_NiC_nit_1M KOH_ vs RHE B_05_CVA_C02.txt,319,319,0,1.0000038,1.5911582,-0.006270338908176534,0.1655532102837391,0.028554116418250647,1.6559329285425368,,1.6559329285425368
174,0,87,B[N94]_NiC_nit_1M KOH_ vs RHE B_05_CVA_C02.txt,313,0,313,1.0090554,1.5999589,-0.1792876616962866,0.1285446920293438,-0.008978272476823703,,-0.5825644671921809,-0.5825644671921809
175,0,87,B[N94]_NiC_nit_1M KOH_ vs RHE B_05_CVA_C02.txt,316,316,0,0.99999511,1.5902565,-0.00496724659266571,0.1653746983751587,0.028424635576457906,1.658786129107369,,1.658786129107369
176,0,88,B[N94]_NiC_nit_1M KOH_ vs RHE B_05_CVA_C02.txt,313,0,313,1.0090554,1.5999609,-0.1808941296916049,0.1293076390157573,-0.009102536164893649,,-0.5898121722791264,-0.5898121722791264
177,0,88,B[N94]_NiC_nit_1M KOH_ vs RHE B_05_CVA_C02.txt,316,316,0,1.0000066,1.5901819,-0.008281986539562552,0.1673375104995811,0.028769089856598623,1.6727390775609186,,1.6727390775609186
178,0,89,B[N94]_NiC_nit_1M KOH_ vs RHE B_05_CVA_C02.txt,313,0,313,1.0090574,1.5999844,-0.1819292648634492,0.129035641317782,-0.009277647024987996,,-0.6007859864301823,-0.6007859864301823
179,0,89,B[N94]_NiC_nit_1M KOH_ vs RHE B_05_CVA_C02.txt,316,316,0,0.99999994,1.5913579,-0.005408469225383468,0.1680968976930051,0.029239650677721957,1.6954176979341071,,1.6954176979341071
180,0,90,B[N94]_NiC_nit_1M KOH_ vs RHE B_05_CVA_C02.txt,313,0,313,1.0090574,1.5999588,-0.1832156241209058,0.1289231582828188,-0.00942818399664722,,-0.6092753597472822,-0.6092753597472822
181,0,90,B[N94]_NiC_nit_1M KOH_ vs RHE B_05_CVA_C02.txt,316,316,0,0.99999899,1.5898701,-0.00620980269741267,0.1692823161810664,0.029055620906703574,1.6939483001598945,,1.6939483001598945
182,0,91,B[N94]_NiC_nit_1M KOH_ vs RHE B_05_CVA_C02.txt,313,0,313,1.0090554,1.5999706,-0.1846016883674704,0.1288804081471069,-0.009556362851184127,,-0.6171698741870306,-0.6171698741870306
183,0,91,B[N94]_NiC_nit_1M KOH_ vs RHE B_05_CVA_C02.txt,316,316,0,0.99999642,1.5912464,-0.005682324258876714,0.1701412334242998,0.02939468429432343,1.7216290709054394,,1.7216290709054394
184,0,92,B[N94]_NiC_nit_1M KOH_ vs RHE B_05_CVA_C02.txt,312,0,312,1.0091118,1.5999638,-0.1864516626119865,0.1304721839371182,-0.010154972404791017,,-0.6283351683827146,-0.6283351683827146
185,0,92,B[N94]_NiC_nit_1M KOH_ vs RHE B_05_CVA_C02.txt,316,316,0,0.99998701,1.5899622,-0.00160839356506471,0.1705085167188307,0.029471072538978026,1.721237523683209,,1.721237523683209
186,0,93,B[N94]_NiC_nit_1M KOH_ vs RHE B_05_CVA_C02.txt,313,0,313,1.0090574,1.5999688,-0.1873164416393189,0.1295577783299526,-0.009897307245938392,,-0.6377096282300774,-0.6377096282300774
187,0,93,B[N94]_NiC_nit_1M KOH_ vs RHE B_05_CVA_C02.txt,316,316,0,1.0000015,1.5911621,-0.006205109879374504,0.1712194052273501,0.02987899585849397,1.745558860739756,,1.745558860739756
188,0,94,B[N94]_NiC_nit_1M KOH_ vs RHE B_05_CVA_C02.txt,313,0,313,1.0090595,1.5999627,-0.1881826055726755,0.1298837401765454,-0.010093202273754341,,-0.6492777361229692,-0.6492777361229692
189,0,94,B[N94]_NiC_nit_1M KOH_ vs RHE B_05_CVA_C02.txt,317,317,0,1.0000017,1.5909894,-0.005620213784277441,0.1721785243689047,0.030100460975114922,1.7516693693476424,,1.7516693693476424
190,0,95,B[N94]_NiC_nit_1M KOH_ vs RHE B_05_CVA_C02.txt,312,0,312,1.0091356,1.5999823,-0.1902763330494328,0.1280056048523295,-0.010746942195146051,,-0.6632066982803554,-0.6632066982803554
191,0,95,B[N94]_NiC_nit_1M KOH_ vs RHE B_05_CVA_C02.txt,316,316,0,1.0000004,1.5907543,-0.003639335019720927,0.1727797972956509,0.03014654296758951,1.7638218795328746,,1.7638218795328746
192,0,96,B[N94]_NiC_nit_1M KOH_ vs RHE B_05_CVA_C02.txt,313,0,313,1.0090595,1.5999548,-0.1904389202129471,0.1308405658473135,-0.01051068605239773,,-0.6740954017497167,-0.6740954017497167
193,0,96,B[N94]_NiC_nit_1M KOH_ vs RHE B_05_CVA_C02.txt,319,319,0,1.0000129,1.591352,-0.007827304396778353,0.1731201262116787,0.030723482932022126,1.7814023375041674,,1.7814023375041674
194,0,97,B[N94]_NiC_nit_1M KOH_ vs RHE B_05_CVA_C02.txt,313,0,313,1.0090613,1.5999528,-0.1914864945773278,0.1308927244466284,-0.01064296723308657,,-0.682213186569267,-0.682213186569267
195,0,97,B[N94]_NiC_nit_1M KOH_ vs RHE B_05_CVA_C02.txt,316,316,0,1.0000148,1.5912775,-0.007297971431398764,0.1738525283061647,0.031010166180215105,1.7944966964593383,,1.7944966964593383
196,0,98,B[N94]_NiC_nit_1M KOH_ vs RHE B_05_CVA_C02.txt,313,0,313,1.0090595,1.5999804,-0.1946553052555311,0.1310219660084293,-0.010788711285527636,,-0.6905800987658443,-0.6905800987658443
197,0,98,B[N94]_NiC_nit_1M KOH_ vs RHE B_05_CVA_C02.txt,316,316,0,1.0000137,1.5908836,-0.006369295326294377,0.1743076964045915,0.030968658190358947,1.803214418737256,,1.803214418737256
198,0,99,B[N94]_NiC_nit_1M KOH_ vs RHE B_05_CVA_C02.txt,313,0,313,1.0090613,1.5999882,-0.1961586928891184,0.1302831503360167,-0.010989125577087672,,-0.7029438936329553,-0.7029438936329553
199,0,99,B[N94]_NiC_nit_1M KOH_ vs RHE B_05_CVA_C02.txt,314,314,0,1.0000126,1.5895504,-0.005729883334909876,0.1750263729418209,0.031074260873968352,1.801316686745547,,1.801316686745547
200,0,100,B[N94]_NiC_nit_1M KOH_ vs RHE B_05_CVA_C02.txt,313,0,313,1.0090613,1.5999509,-0.196905931918034,0.1303424977737924,-0.01116533067502226,,-0.7133268037195589,-0.7133268037195589
201,0,101,B[N94]_NiC_nit_1M KOH_ vs RHE B_05_CVA_C02.txt,319,319,0,0.99998349,1.5913477,-0.0005428477672554492,0.1769327125343274,0.033084104993691375,1.9136932357864065,,1.9136932357864065
202,0,101,B[N94]_NiC_nit_1M KOH_ vs RHE B_05_CVA_C02.txt,312,0,312,1.0090634,1.5999529,-0.202356325647955,0.1378138680011034,-0.01029772018757659,,-0.638049290826207,-0.638049290826207
203,0,101,B[N94]_NiC_nit_1M KOH_ vs RHE B_05_CVA_C02.txt,314,314,0,1.0000055,1.5894924,-0.006363597063517051,0.1762438954631707,0.03215135819081185,1.8762159857059832,,1.8762159857059832
204,0,102,B[N94]_NiC_nit_1M KOH_ vs RHE B_05_CVA_C02.txt,313,0,313,1.0090613,1.5999506,-0.2030738054268673,0.1377395572869673,-0.010183048546731936,,-0.6577567334363752,-0.6577567334363752
205,0,102,B[N94]_NiC_nit_1M KOH_ vs RHE B_05_CVA_C02.txt,315,315,0,1.0000091,1.5911957,-0.005778809400418625,0.1763938121747888,0.03264537102760013,1.9042889708185102,,1.9042889708185102
206,0,103,B[N94]_NiC_nit_1M KOH_ vs RHE B_05_CVA_C02.txt,312,0,312,1.0091116,1.5999618,-0.2039772282083724,0.1392908812296101,-0.010900425666945907,,-0.6740415127182828,-0.6740415127182828
207,0,103,B[N94]_NiC_nit_1M KOH_ vs RHE B_05_CVA_C02.txt,314,314,0,0.99999797,1.5895743,-0.002971826208522543,0.1768412394524339,0.0324565315546796,1.8952253201977252,,1.8952253201977252
208,0,104,B[N94]_NiC_nit_1M KOH_ vs RHE B_05_CVA_C02.txt,313,0,313,1.0090655,1.6000247,-0.2036257625738767,0.1407730239241016,-0.01065123336058972,,-0.6866151898582754,-0.6866151898582754
209,0,104,B[N94]_NiC_nit_1M KOH_ vs RHE B_05_CVA_C02.txt,314,314,0,1.0000184,1.5902898,-0.006542850337508652,0.1783455003401268,0.03271114179433743,1.9130371344178974,,1.9130371344178974
210,0,105,B[N94]_NiC_nit_1M KOH_ vs RHE B_05_CVA_C02.txt,313,0,313,1.0090613,1.6000404,-0.203696266471879,0.1458139717578888,-0.01079195635732787,,-0.6963734322541802,-0.6963734322541802
211,0,105,B[N94]_NiC_nit_1M KOH_ vs RHE B_05_CVA_C02.txt,318,318,0,1.0000141,1.5902901,-0.00772199864150025,0.1772067949509388,0.03329650218346047,1.9240883168544824,,1.9240883168544824
212,0,106,B[N94]_NiC_nit_1M KOH_ vs RHE B_05_CVA_C02.txt,313,0,313,1.0090634,1.6000403,-0.2041957619441481,0.1458776146173477,-0.011045092511852707,,-0.7112679694781809,-0.7112679694781809
213,0,106,B[N94]_NiC_nit_1M KOH_ vs RHE B_05_CVA_C02.txt,318,318,0,1.0000162,1.5907937,-0.007213452337857555,0.1795172837063491,0.03330488127623052,1.9386881980887711,,1.9386881980887711
214,0,107,B[N94]_NiC_nit_1M KOH_ vs RHE B_05_CVA_C02.txt,312,0,312,1.0090673,1.5999544,-0.2043933470660435,0.1378707242138844,-0.011751094529421321,,-0.7243515209692426,-0.7243515209692426
215,0,107,B[N94]_NiC_nit_1M KOH_ vs RHE B_05_CVA_C02.txt,314,314,0,1.0000198,1.5896133,-0.006057319059771929,0.1792004645532002,0.03328718943844054,1.9391025547026461,,1.9391025547026461
216,0,108,B[N94]_NiC_nit_1M KOH_ vs RHE B_05_CVA_C02.txt,313,0,313,1.0090693,1.5999695,-0.2045278318846107,0.1400501394401423,-0.01147121039350481,,-0.7349848746453116,-0.7349848746453116
217,0,108,B[N94]_NiC_nit_1M KOH_ vs RHE B_05_CVA_C02.txt,317,317,0,1.0000123,1.5901703,-0.006128341363122063,0.1800719683493035,0.03381965560609048,1.9543511194435939,,1.9543511194435939
218,0,109,B[N94]_NiC_nit_1M KOH_ vs RHE B_05_CVA_C02.txt,313,0,313,1.0090693,1.6000206,-0.2043824118198385,0.1411171008063397,-0.011648267603856342,,-0.7462021903345919,-0.7462021903345919
219,0,109,B[N94]_NiC_nit_1M KOH_ vs RHE B_05_CVA_C02.txt,317,317,0,1.0000178,1.5901723,-0.005971629327783987,0.1799672982256815,0.03376927940800557,1.9659569048139074,,1.9659569048139074
220,0,110,B[N94]_NiC_nit_1M KOH_ vs RHE B_05_CVA_C02.txt,313,0,313,1.0090693,1.6000227,-0.2043146144580748,0.1413688970648724,-0.011797057592098242,,-0.7551337513036199,-0.7551337513036199
221,0,110,B[N94]_NiC_nit_1M KOH_ vs RHE B_05_CVA_C02.txt,317,317,0,1.0000125,1.5902702,-0.004620504860455787,0.1795050292473999,0.033993546158226556,1.976291736954641,,1.976291736954641
222,0,111,B[N94]_NiC_nit_1M KOH_ vs RHE B_05_CVA_C02.txt,313,0,313,1.0090715,1.6000206,-0.2037381634024054,0.1411597135922183,-0.012128701989571222,,-0.7746864425340473,-0.7746864425340473
223,0,111,B[N94]_NiC_nit_1M KOH_ vs RHE B_05_CVA_C02.txt,314,314,0,1.0000097,1.5898901,-0.004367565270513296,0.177757419844307,0.03394916946246207,1.97776856148172,,1.97776856148172
224,0,112,B[N94]_NiC_nit_1M KOH_ vs RHE B_05_CVA_C02.txt,313,0,313,1.0090734,1.6000403,-0.2038752371837935,0.146539494395256,-0.012351813448128345,,-0.7893575024926648,-0.7893575024926648
225,0,112,B[N94]_NiC_nit_1M KOH_ vs RHE B_05_CVA_C02.txt,316,316,0,1.0000179,1.5895106,-0.005797261255793273,0.1794448236067367,0.03434993754354961,1.9887242358396715,,1.9887242358396715
226,0,113,B[N94]_NiC_nit_1M KOH_ vs RHE B_05_CVA_C02.txt,313,0,313,1.0090793,1.6000108,-0.2035055344682504,0.1414595423860752,-0.01242595955178041,,-0.7922460448870343,-0.7922460448870343
227,0,113,B[N94]_NiC_nit_1M KOH_ vs RHE B_05_CVA_C02.txt,317,317,0,1.0000154,1.589782,-0.005034649118897505,0.1775657139204645,0.0346483408629358,2.0002644116972013,,2.0002644116972013
228,0,114,B[N94]_NiC_nit_1M KOH_ vs RHE B_05_CVA_C02.txt,313,0,313,1.0090734,1.6000324,-0.203452070066052,0.1423328071832657,-0.01255307042426275,,-0.8005023490557566,-0.8005023490557566
229,0,114,B[N94]_NiC_nit_1M KOH_ vs RHE B_05_CVA_C02.txt,317,317,0,1.0000125,1.5906124,-0.003924136407052477,0.1796781279058973,0.03463553889960922,2.021056592338152,,2.021056592338152
230,0,115,B[N94]_NiC_nit_1M KOH_ vs RHE B_05_CVA_C02.txt,313,0,313,1.0090793,1.6000127,-0.2029938389482214,0.1415157016852628,-0.012761363150317845,,-0.8124814634402713,-0.8124814634402713
231,0,115,B[N94]_NiC_nit_1M KOH_ vs RHE B_05_CVA_C02.txt,317,317,0,1.0000072,1.5909122,-0.003352646133862436,0.1773486361182401,0.035048921129149924,2.0325078852126994,,2.0325078852126994
232,0,116,B[N94]_NiC_nit_1M KOH_ vs RHE B_05_CVA_C02.txt,313,0,313,1.0090876,1.6000127,-0.2024630110215844,0.141783823461636,-0.012945570853032677,,-0.8233045992210184,-0.8233045992210184
233,0,116,B[N94]_NiC_nit_1M KOH_ vs RHE B_05_CVA_C02.txt,313,313,0,1.0000142,1.5897701,-0.004803484407602809,0.1766185854521094,0.034628489779999806,2.0281705947749944,,2.0281705947749944
234,0,117,B[N94]_NiC_nit_1M KOH_ vs RHE B_05_CVA_C02.txt,313,0,313,1.0090854,1.6000205,-0.2016282136132972,0.1421606793351793,-0.01311345974470252,,-0.83323584914962,-0.83323584914962
235,0,117,B[N94]_NiC_nit_1M KOH_ vs RHE B_05_CVA_C02.txt,317,317,0,1.0000111,1.5907182,-0.005055991001427174,0.1762586245530181,0.035000833965766275,2.045161014636955,,2.045161014636955
236,0,118,B[N94]_NiC_nit_1M KOH_ vs RHE B_05_CVA_C02.txt,313,0,313,1.0090876,1.6000186,-0.201044612504516,0.1415942735646081,-0.01326841596296411,,-0.8426083440454716,-0.8426083440454716
237,0,118,B[N94]_NiC_nit_1M KOH_ vs RHE B_05_CVA_C02.txt,317,317,0,1.0000082,1.5899801,-0.004937124617684363,0.1758006484426815,0.035139510897146405,2.0456415177700484,,2.0456415177700484
238,0,119,B[N94]_NiC_nit_1M KOH_ vs RHE B_05_CVA_C02.txt,313,0,313,1.0090876,1.6000384,-0.2003341894985774,0.1455975919961929,-0.013374851053619161,,-0.8500265844960473,-0.8500265844960473
239,0,119,B[N94]_NiC_nit_1M KOH_ vs RHE B_05_CVA_C02.txt,317,317,0,1.0000055,1.5895244,-0.004771665585311974,0.1752947212253737,0.03541875770021199,2.047383100857015,,2.047383100857015
240,0,120,B[N94]_NiC_nit_1M KOH_ vs RHE B_05_CVA_C02.txt,313,0,313,1.0090894,1.6000324,-0.199703228667818,0.1421164274215698,-0.01356190295295431,,-0.8604090353921234,-0.8604090353921234
241,0,120,B[N94]_NiC_nit_1M KOH_ vs RHE B_05_CVA_C02.txt,317,317,0,1.0000063,1.5903182,-0.003021292615633666,0.1744614199864261,0.03562661332997968,2.061978233576068,,2.061978233576068
242,0,121,B[N94]_NiC_nit_1M KOH_ vs RHE B_05_CVA_C02.txt,313,0,313,1.0090894,1.6000186,-0.1987262016945346,0.1417448031513584,-0.013653448325920357,,-0.8654654331514783,-0.8654654331514783
243,0,121,B[N94]_NiC_nit_1M KOH_ vs RHE B_05_CVA_C02.txt,317,317,0,1.0000005,1.5912983,-0.0032447951404675,0.1739139642802767,0.03562145016038651,2.080342779647386,,2.080342779647386
244,0,122,B[N94]_NiC_nit_1M KOH_ vs RHE B_05_CVA_C02.txt,313,0,313,1.0090975,1.599999,-0.1977094334793854,0.1417554503549701,-0.013755941722446416,,-0.8711570407168056,-0.8711570407168056
245,0,122,B[N94]_NiC_nit_1M KOH_ vs RHE B_05_CVA_C02.txt,317,317,0,1.0000008,1.5913004,-0.003901664581563741,0.1733837106903131,0.03586023464500654,2.083729528878841,,2.083729528878841
246,0,123,B[N94]_NiC_nit_1M KOH_ vs RHE B_05_CVA_C02.txt,313,0,313,1.0091009,1.6000009,-0.1971457569147661,0.1422705319912536,-0.013845175633891838,,-0.8769916157056459,-0.8769916157056459
247,0,123,B[N94]_NiC_nit_1M KOH_ vs RHE B_05_CVA_C02.txt,317,317,0,0.99999624,1.5902007,-0.003869098178776249,0.1724942640877352,0.03564748167473954,2.0737637439971843,,2.0737637439971843
248,0,124,B[N94]_NiC_nit_1M KOH_ vs RHE B_05_CVA_C02.txt,313,0,313,1.0091004,1.6000009,-0.195514628720904,0.1425841768150744,-0.013937035713470151,,-0.8824627617894447,-0.8824627617894447
249,0,124,B[N94]_NiC_nit_1M KOH_ vs RHE B_05_CVA_C02.txt,315,315,0,1.0000038,1.5907953,-0.00662161922082305,0.171487193417637,0.03526510169315384,2.0833983526349074,,2.0833983526349074
250,0,125,B[N94]_NiC_nit_1M KOH_ vs RHE B_05_CVA_C02.txt,313,0,313,1.0091009,1.5999949,-0.1940552325889173,0.1409883045631906,-0.014000155631340544,,-0.885559093851277,-0.885559093851277
251,0,125,B[N94]_NiC_nit_1M KOH_ vs RHE B_05_CVA_C02.txt,318,318,0,1.0000033,1.5896125,-0.005591266489911678,0.171086294388592,0.035699293628391214,2.0728913547259364,,2.0728913547259364
252,0,126,B[N94]_NiC_nit_1M KOH_ vs RHE B_05_CVA_C02.txt,313,0,313,1.0090967,1.6000127,-0.1909162484594136,0.1419443028404358,-0.014053015069115521,,-0.8890345451204079,-0.8890345451204079
253,0,126,B[N94]_NiC_nit_1M KOH_ vs RHE B_05_CVA_C02.txt,318,318,0,0.99999917,1.5904084,-0.006699894089251757,0.1699550897336554,0.03564867008834366,2.0818419755743145,,2.0818419755743145
254,0,127,B[N94]_NiC_nit_1M KOH_ vs RHE B_05_CVA_C02.txt,313,0,313,1.0091007,1.6000087,-0.1898057986286781,0.1422031635175578,-0.014048955235538485,,-0.8892150624478418,-0.8892150624478418
255,0,127,B[N94]_NiC_nit_1M KOH_ vs RHE B_05_CVA_C02.txt,318,318,0,1.0000031,1.5905952,-0.005529939209657681,0.168961750619024,0.03548652910983173,2.083988793686078,,2.083988793686078
256,0,128,B[N94]_NiC_nit_1M KOH_ vs RHE B_05_CVA_C02.txt,313,0,313,1.0091006,1.599995,-0.1885808710371405,0.1414477637280585,-0.014046019555836021,,-0.8881546213173525,-0.8881546213173525
257,0,128,B[N94]_NiC_nit_1M KOH_ vs RHE B_05_CVA_C02.txt,318,318,0,1.000003,1.5901966,-0.00614090470354195,0.1687036158217574,0.03542688876488293,2.07789533669767,,2.07789533669767
258,0,129,B[N94]_NiC_nit_1M KOH_ vs RHE B_05_CVA_C02.txt,313,0,313,1.0090967,1.5999969,-0.1874894905137081,0.1412453599598096,-0.014074510820728943,,-0.8898334544556661,-0.8898334544556661
259,0,129,B[N94]_NiC_nit_1M KOH_ vs RHE B_05_CVA_C02.txt,318,318,0,0.99999917,1.5913924,-0.005728060551716596,0.1677389442197075,0.03583090111014614,2.087352127083715,,2.087352127083715
260,0,130,B[N94]_NiC_nit_1M KOH_ vs RHE B_05_CVA_C02.txt,312,0,312,1.0091003,1.5999531,-0.1862212514150308,0.1386585691943765,-0.014622727925846393,,-0.8944226957522445,-0.8944226957522445
261,0,130,B[N94]_NiC_nit_1M KOH_ vs RHE B_05_CVA_C02.txt,318,318,0,1.0000029,1.5906985,-0.006503889337182045,0.1671155812503171,0.035587167280540365,2.076324388446878,,2.076324388446878
262,0,131,B[N94]_NiC_nit_1M KOH_ vs RHE B_05_CVA_C02.txt,313,0,313,1.0091016,1.599999,-0.1847593270117813,0.140610055755014,-0.014015514959672404,,-0.8863080179025739,-0.8863080179025739
263,0,131,B[N94]_NiC_nit_1M KOH_ vs RHE B_05_CVA_C02.txt,318,318,0,1.0000036,1.5912924,-0.006813806015998125,0.1661933214613586,0.035656328419994075,2.082370702893413,,2.082370702893413
264,0,132,B[N94]_NiC_nit_1M KOH_ vs RHE B_05_CVA_C02.txt,312,0,312,1.0091053,1.5999527,-0.1836008810613627,0.1380635198826591,-0.014494260300132141,,-0.8866498242191069,-0.8866498242191069
265,0,132,B[N94]_NiC_nit_1M KOH_ vs RHE B_05_CVA_C02.txt,318,318,0,1.0000079,1.5909966,-0.007428590365199619,0.1660957039927248,0.03536270203192369,2.075702714488663,,2.075702714488663
266,0,133,B[N94]_NiC_nit_1M KOH_ vs RHE B_05_CVA_C02.txt,313,0,313,1.0090964,1.5999969,-0.1822832489668378,0.1404942436062772,-0.013949865850472068,,-0.8819816206270148,-0.8819816206270148
267,0,133,B[N94]_NiC_nit_1M KOH_ vs RHE B_05_CVA_C02.txt,318,318,0,0.99999893,1.5906342,-0.006143214894742094,0.1659004073583881,0.03514673505076619,2.0655440171606476,,2.0655440171606476
268,0,134,B[N94]_NiC_nit_1M KOH_ vs RHE B_05_CVA_C02.txt,312,0,312,1.0090958,1.5999479,-0.1809264504540797,0.1380941444635391,-0.014455600237902244,,-0.8843984424514854,-0.8843984424514854
269,0,134,B[N94]_NiC_nit_1M KOH_ vs RHE B_05_CVA_C02.txt,321,321,0,0.99999833,1.591085,-0.007735282648354769,0.1650372170580818,0.035843424699187304,2.067209619297437,,2.067209619297437
270,0,135,B[N94]_NiC_nit_1M KOH_ vs RHE B_05_CVA_C02.txt,312,0,312,1.009101,1.5999504,-0.1796669944481567,0.1389457702028507,-0.014300359462907138,,-0.8752134240807086,-0.8752134240807086
271,0,135,B[N94]_NiC_nit_1M KOH_ vs RHE B_05_CVA_C02.txt,321,321,0,1.0000035,1.5902927,-0.00804710853844881,0.1652427348330288,0.03562689796090677,2.057493512255259,,2.057493512255259
272,0,136,B[N94]_NiC_nit_1M KOH_ vs RHE B_05_CVA_C02.txt,312,0,312,1.0090996,1.59995,-0.1784070434641024,0.137431757182491,-0.014233904440873931,,-0.8712583857486198,-0.8712583857486198
273,0,136,B[N94]_NiC_nit_1M KOH_ vs RHE B_05_CVA_C02.txt,321,321,0,1.0000015,1.5901383,-0.008113292045891285,0.1645728008899097,0.035570533220304505,2.0477976067495787,,2.0477976067495787
274,0,137,B[N94]_NiC_nit_1M KOH_ vs RHE B_05_CVA_C02.txt,312,0,312,1.0091053,1.5999546,-0.1775663740001994,0.1369471052225602,-0.014246423962815448,,-0.8717229051726231,-0.8717229051726231
275,0,137,B[N94]_NiC_nit_1M KOH_ vs RHE B_05_CVA_C02.txt,321,321,0,1.0000079,1.589994,-0.007299266861873155,0.1639961730255812,0.03527832593141572,2.0416286235942342,,2.0416286235942342
276,0,138,B[N94]_NiC_nit_1M KOH_ vs RHE B_05_CVA_C02.txt,312,0,312,1.0091054,1.5999573,-0.1766940411301361,0.1368882801869641,-0.014184121185519677,,-0.8679097803964513,-0.8679097803964513
277,0,138,B[N94]_NiC_nit_1M KOH_ vs RHE B_05_CVA_C02.txt,317,317,0,1.0000076,1.5898374,-0.009186863899230955,0.1638697380853376,0.03469205153594943,2.033646542578588,,2.033646542578588
278,0,139,B[N94]_NiC_nit_1M KOH_ vs RHE B_05_CVA_C02.txt,312,0,312,1.0090954,1.5999601,-0.1762039459175062,0.13625678318468,-0.01413545833182574,,-0.8650080829786772,-0.8650080829786772
279,0,139,B[N94]_NiC_nit_1M KOH_ vs RHE B_05_CVA_C02.txt,316,316,0,1.0000143,1.5909889,-0.009417670429684222,0.1635460431877989,0.034844500613921865,2.043386239564286,,2.043386239564286
280,0,140,B[N94]_NiC_nit_1M KOH_ vs RHE B_05_CVA_C02.txt,312,0,312,1.0090996,1.5999489,-0.1742991302778893,0.1355649235844612,-0.013960506002935297,,-0.8543924347401026,-0.8543924347401026
281,0,140,B[N94]_NiC_nit_1M KOH_ vs RHE B_05_CVA_C02.txt,318,318,0,1.0000015,1.5913303,-0.007294563090671663,0.1639266803077595,0.034855311616314624,2.044096021401166,,2.044096021401166
282,0,141,B[N94]_NiC_nit_1M KOH_ vs RHE B_05_CVA_C02.txt,312,0,312,1.0091035,1.5999582,-0.1716559928692538,0.1353543112675348,-0.013865091220358557,,-0.8487679116602969,-0.8487679116602969
283,0,141,B[N94]_NiC_nit_1M KOH_ vs RHE B_05_CVA_C02.txt,316,316,0,1.0000153,1.5913894,-0.00711023950134404,0.1634076565182623,0.034964534870698435,2.039960127074138,,2.039960127074138
284,0,142,B[N94]_NiC_nit_1M KOH_ vs RHE B_05_CVA_C02.txt,312,0,312,1.0091062,1.5999566,-0.1725766078992458,0.1347729003299838,-0.01387953972785158,,-0.8495337839669875,-0.8495337839669875
285,0,142,B[N94]_NiC_nit_1M KOH_ vs RHE B_05_CVA_C02.txt,317,317,0,1.0000087,1.5896351,-0.008444209583103657,0.1631430645019942,0.03459013306658305,2.0164049312250296,,2.0164049312250296
286,0,143,B[N94]_NiC_nit_1M KOH_ vs RHE B_05_CVA_C02.txt,312,0,312,1.0091075,1.599959,-0.1697651283438277,0.1352488143576513,-0.013655608699121205,,-0.8362973678265542,-0.8362973678265542
287,0,143,B[N94]_NiC_nit_1M KOH_ vs RHE B_05_CVA_C02.txt,319,319,0,1.0000218,1.590793,-0.009034705976955604,0.1627594055759789,0.03504839356214505,2.0217699005585312,,2.0217699005585312
288,0,144,B[N94]_NiC_nit_1M KOH_ vs RHE B_05_CVA_C02.txt,312,0,312,1.0091056,1.5999596,-0.168696145441749,0.1345538005910134,-0.0137063318849665,,-0.8394392446269511,-0.8394392446269511
289,0,144,B[N94]_NiC_nit_1M KOH_ vs RHE B_05_CVA_C02.txt,316,316,0,1.0000144,1.590893,-0.006911592827544499,0.162596106010551,0.034591098226013806,2.018732149385867,,2.018732149385867
290,0,145,B[N94]_NiC_nit_1M KOH_ vs RHE B_05_CVA_C02.txt,312,0,312,1.0090975,1.5999553,-0.1678056076447527,0.1339701848461273,-0.01367765060911843,,-0.837370840382202,-0.837370840382202
291,0,145,B[N94]_NiC_nit_1M KOH_ vs RHE B_05_CVA_C02.txt,320,320,0,1.0000054,1.5913966,-0.006798621034925886,0.162707968807073,0.034981562742369306,2.021621661773317,,2.021621661773317
292,0,146,B[N94]_NiC_nit_1M KOH_ vs RHE B_05_CVA_C02.txt,312,0,312,1.0091102,1.5999569,-0.1668593630264752,0.1352987700830333,-0.013516372160652818,,-0.8280798406414276,-0.8280798406414276
293,0,146,B[N94]_NiC_nit_1M KOH_ vs RHE B_05_CVA_C02.txt,319,319,0,1.0000174,1.5904942,-0.006873402663416309,0.162222744468226,0.03506190146192607,2.0068261196666772,,2.0068261196666772
294,0,147,B[N94]_NiC_nit_1M KOH_ vs RHE B_05_CVA_C02.txt,312,0,312,1.0090996,1.5999637,-0.166041807761421,0.1351349651813507,-0.01348443997709363,,-0.8262559690036435,-0.8262559690036435
295,0,147,B[N94]_NiC_nit_1M KOH_ vs RHE B_05_CVA_C02.txt,319,319,0,1.0000247,1.5913936,-0.007657281854855175,0.1621942399401763,0.034869861360474465,2.0110839358786174,,2.0110839358786174
296,0,148,B[N94]_NiC_nit_1M KOH_ vs RHE B_05_CVA_C02.txt,312,0,312,1.0091035,1.599952,-0.1654335438392001,0.1341701407606402,-0.013442582542767078,,-0.8236474950557041,-0.8236474950557041
297,0,148,B[N94]_NiC_nit_1M KOH_ vs RHE B_05_CVA_C02.txt,316,316,0,1.000016,1.5915846,-0.006891579859320719,0.1622050524072041,0.034464018737433856,2.012547856369679,,2.012547856369679
298,0,149,B[N94]_NiC_nit_1M KOH_ vs RHE B_05_CVA_C02.txt,312,0,312,1.0091035,1.5999616,-0.1645744559865139,0.1345445808283118,-0.013336934197654705,,-0.8174750339748565,-0.8174750339748565
299,0,149,B[N94]_NiC_nit_1M KOH_ vs RHE B_05_CVA_C02.txt,316,316,0,1.0000193,1.5911967,-0.008240887326084911,0.1623579397850489,0.034232016304124785,2.004147006087105,,2.004147006087105
300,0,150,B[N94]_NiC_nit_1M KOH_ vs RHE B_05_CVA_C02.txt,312,0,312,1.0090975,1.599966,-0.1640213092147258,0.1336446564371993,-0.013311979041483612,,-0.8158576774991404,-0.8158576774991404
301,0,150,B[N94]_NiC_nit_1M KOH_ vs RHE B_05_CVA_C02.txt,319,319,0,1.0000224,1.5912403,-0.00849900201428682,0.1622124503552556,0.034598210493429295,2.0008625104374693,,2.0008625104374693
302,0,151,B[N94]_NiC_nit_1M KOH_ vs RHE B_05_CVA_C02.txt,312,0,312,1.0090954,1.5999553,-0.1631782071949678,0.1337819695472717,-0.013216303622485851,,-0.8100816852157915,-0.8100816852157915
303,0,151,B[N94]_NiC_nit_1M KOH_ vs RHE B_05_CVA_C02.txt,320,320,0,1.0000035,1.5903367,-0.007023174921050673,0.1623424164084835,0.03487069844296179,1.9862207172576096,,1.9862207172576096
304,0,152,B[N94]_NiC_nit_1M KOH_ vs RHE B_05_CVA_C02.txt,312,0,312,1.0090996,1.5999691,-0.162901537493422,0.1342040468007326,-0.013242477346965202,,-0.8116814200396757,-0.8116814200396757
305,0,152,B[N94]_NiC_nit_1M KOH_ vs RHE B_05_CVA_C02.txt,319,319,0,1.0000107,1.5898393,-0.007799376101632199,0.1624434146840431,0.03440364215306875,1.9777074383985254,,1.9777074383985254
306,0,153,B[N94]_NiC_nit_1M KOH_ vs RHE B_05_CVA_C02.txt,312,0,312,1.0090996,1.5999728,-0.1623489990908582,0.1335533080916655,-0.013158106897540905,,-0.8066794186394548,-0.8066794186394548
307,0,153,B[N94]_NiC_nit_1M KOH_ vs RHE B_05_CVA_C02.txt,319,319,0,1.0000068,1.5901939,-0.008328866174754996,0.1623424130607135,0.034476879751729125,1.981888960832723,,1.981888960832723
308,0,154,B[N94]_NiC_nit_1M KOH_ vs RHE B_05_CVA_C02.txt,312,0,312,1.0090954,1.5999637,-0.1617787336001147,0.1329861694858185,-0.013123658987328764,,-0.804501340050859,-0.804501340050859
309,0,154,B[N94]_NiC_nit_1M KOH_ vs RHE B_05_CVA_C02.txt,316,316,0,1.0000043,1.5903367,-0.00747598788108339,0.1626620447608806,0.0338261889406613,1.9807891682191363,,1.9807891682191363
310,0,155,B[N94]_NiC_nit_1M KOH_ vs RHE B_05_CVA_C02.txt,312,0,312,1.0090936,1.5999643,-0.1615223635200533,0.1339244140045981,-0.013073753765162786,,-0.801701932902093,-0.801701932902093
311,0,155,B[N94]_NiC_nit_1M KOH_ vs RHE B_05_CVA_C02.txt,316,316,0,1.0000135,1.5901002,-0.00721577097038735,0.1629700689284639,0.033960839675794705,1.975895671122942,,1.975895671122942
312,0,156,B[N94]_NiC_nit_1M KOH_ vs RHE B_05_CVA_C02.txt,312,0,312,1.0090975,1.5999627,-0.1607246407314289,0.1338702769473541,-0.013016456054497891,,-0.7982909104430748,-0.7982909104430748
313,0,156,B[N94]_NiC_nit_1M KOH_ vs RHE B_05_CVA_C02.txt,319,319,0,1.0000106,1.5900967,-0.008651624234127145,0.1629605447257732,0.034435908523993496,1.9756923736443066,,1.9756923736443066
314,0,157,B[N94]_NiC_nit_1M KOH_ vs RHE B_05_CVA_C02.txt,312,0,312,1.0090894,1.5999647,-0.1605972233228388,0.1327506903381575,-0.012937433923325687,,-0.7934357979796326,-0.7934357979796326
315,0,157,B[N94]_NiC_nit_1M KOH_ vs RHE B_05_CVA_C02.txt,316,316,0,1.0000129,1.5905341,-0.006918846766361217,0.1633434787543702,0.03403634611333265,1.9778966870276555,,1.9778966870276555
316,0,158,B[N94]_NiC_nit_1M KOH_ vs RHE B_05_CVA_C02.txt,312,0,312,1.0090954,1.5999706,-0.1603818096017199,0.1326622523558446,-0.012916826270910588,,-0.792210983179938,-0.792210983179938
317,0,158,B[N94]_NiC_nit_1M KOH_ vs RHE B_05_CVA_C02.txt,319,319,0,1.0000125,1.5895923,-0.00741709417973957,0.1632436970529538,0.03417004437891397,1.962402962906324,,1.962402962906324
318,0,159,B[N94]_NiC_nit_1M KOH_ vs RHE B_05_CVA_C02.txt,312,0,312,1.0090915,1.5999707,-0.1598931436696269,0.1319328252321635,-0.013016119863384615,,-0.7979693691980919,-0.7979693691980919
319,0,159,B[N94]_NiC_nit_1M KOH_ vs RHE B_05_CVA_C02.txt,316,316,0,1.0000118,1.5905919,-0.006839362105819383,0.163492619179394,0.033869580219996615,1.9711545501622891,,1.9711545501622891
320,0,160,B[N94]_NiC_nit_1M KOH_ vs RHE B_05_CVA_C02.txt,312,0,312,1.0090936,1.5999721,-0.1597041313861582,0.1328592880776054,-0.012993798561503924,,-0.7967780996308381,-0.7967780996308381
321,0,160,B[N94]_NiC_nit_1M KOH_ vs RHE B_05_CVA_C02.txt,316,316,0,1.0000125,1.5903381,-0.009288091274599238,0.1637346615381485,0.03391661305806867,1.9730677596035018,,1.9730677596035018
322,0,161,B[N94]_NiC_nit_1M KOH_ vs RHE B_05_CVA_C02.txt,312,0,312,1.0090755,1.5999736,-0.159271509082029,0.1317375467435734,-0.012868004187295284,,-0.7894197348191941,-0.7894197348191941
323,0,161,B[N94]_NiC_nit_1M KOH_ vs RHE B_05_CVA_C02.txt,319,319,0,1.0000246,1.5914826,-0.007596825493410952,0.1641456138316237,0.034344264554920456,1.98547242761069,,1.98547242761069
324,0,162,B[N94]_NiC_nit_1M KOH_ vs RHE B_05_CVA_C02.txt,312,0,312,1.0090755,1.599974,-0.1589218793208271,0.1315679634745055,-0.012868128726089388,,-0.7892900470472985,-0.7892900470472985
325,0,162,B[N94]_NiC_nit_1M KOH_ vs RHE B_05_CVA_C02.txt,319,319,0,1.0000219,1.5902435,-0.007921042712405332,0.1643637449691957,0.034243713593228975,1.9705055352609466,,1.9705055352609466
326,0,163,B[N94]_NiC_nit_1M KOH_ vs RHE B_05_CVA_C02.txt,312,0,312,1.0090936,1.5999694,-0.1588266316520215,0.1332123603671789,-0.012867433669189375,,-0.7893197034102173,-0.7893197034102173
327,0,163,B[N94]_NiC_nit_1M KOH_ vs RHE B_05_CVA_C02.txt,322,322,0,1.0000178,1.5913345,-0.00791598010497789,0.1647018316861435,0.03479939653196054,1.9805007083731323,,1.9805007083731323
328,0,164,B[N94]_NiC_nit_1M KOH_ vs RHE B_05_CVA_C02.txt,312,0,312,1.0090996,1.5999656,-0.1582650711541216,0.1318237472598146,-0.01290753187105154,,-0.7914890393917882,-0.7914890393917882
329,0,164,B[N94]_NiC_nit_1M KOH_ vs RHE B_05_CVA_C02.txt,319,319,0,1.0000231,1.5905942,-0.007590380148030831,0.1649152600489723,0.03410076409044515,1.9694710590753544,,1.9694710590753544
330,0,165,B[N94]_NiC_nit_1M KOH_ vs RHE B_05_CVA_C02.txt,312,0,312,1.0090936,1.5999768,-0.1586337934467941,0.1317358033524619,-0.01290663922969774,,-0.7916658248556209,-0.7916658248556209
331,0,165,B[N94]_NiC_nit_1M KOH_ vs RHE B_05_CVA_C02.txt,316,316,0,1.000005,1.5908359,-0.006617029469349972,0.16529678063683,0.03396069167089516,1.9756556078659513,,1.9756556078659513
332,0,166,B[N94]_NiC_nit_1M KOH_ vs RHE B_05_CVA_C02.txt,312,0,312,1.0090894,1.5999694,-0.1581936524821326,0.1328235130757093,-0.01281971480783899,,-0.786436240411602,-0.786436240411602
333,0,166,B[N94]_NiC_nit_1M KOH_ vs RHE B_05_CVA_C02.txt,319,319,0,1.0000108,1.5904974,-0.008268115110695362,0.1659425657957841,0.03424613519951747,1.975063835834,,1.975063835834
334,0,167,B[N94]_NiC_nit_1M KOH_ vs RHE B_05_CVA_C02.txt,312,0,312,1.0090936,1.5999693,-0.1582739689859647,0.1320050857961177,-0.012813793242758255,,-0.785972258889196,-0.785972258889196
335,0,167,B[N94]_NiC_nit_1M KOH_ vs RHE B_05_CVA_C02.txt,319,319,0,1.0000075,1.5894922,-0.008144899232623477,0.1662928497671119,0.03424807765259227,1.9645051256043877,,1.9645051256043877
336,0,168,B[N94]_NiC_nit_1M KOH_ vs RHE B_05_CVA_C02.txt,312,0,312,1.0090954,1.5999715,-0.1579169744306073,0.1327252372717246,-0.012799783806210111,,-0.7852407675176225,-0.7852407675176225
337,0,168,B[N94]_NiC_nit_1M KOH_ vs RHE B_05_CVA_C02.txt,319,319,0,1.0000145,1.590099,-0.007690935366554186,0.1667759814847041,0.03428340159133877,1.9729953059977805,,1.9729953059977805
338,0,169,B[N94]_NiC_nit_1M KOH_ vs RHE B_05_CVA_C02.txt,312,0,312,1.0090954,1.5999713,-0.1578403136546529,0.1319388712827974,-0.012846185619686258,,-0.7879846167799959,-0.7879846167799959
339,0,169,B[N94]_NiC_nit_1M KOH_ vs RHE B_05_CVA_C02.txt,316,316,0,1.0000188,1.5905614,-0.007038554254298418,0.1671153852988203,0.03436671110010646,1.9779250911848172,,1.9779250911848172
340,0,170,B[N94]_NiC_nit_1M KOH_ vs RHE B_05_CVA_C02.txt,312,0,312,1.0090894,1.5999645,-0.1576712137118263,0.1328935757988975,-0.012880651770648361,,-0.7900515439227731,-0.7900515439227731
341,0,170,B[N94]_NiC_nit_1M KOH_ vs RHE B_05_CVA_C02.txt,319,319,0,1.0000154,1.5908964,-0.00821308436570689,0.1675787260944883,0.034248100639575785,1.9806907959732727,,1.9806907959732727
342,0,171,B[N94]_NiC_nit_1M KOH_ vs RHE B_05_CVA_C02.txt,312,0,312,1.0090954,1.5999724,-0.1578041480296749,0.131639879785086,-0.01291336152580861,,-0.7918242369057039,-0.7918242369057039
343,0,171,B[N94]_NiC_nit_1M KOH_ vs RHE B_05_CVA_C02.txt,315,315,0,1.0000228,1.5900891,-0.007420211890712403,0.168103310960795,0.033807512383300535,1.974534550761126,,1.974534550761126
344,0,172,B[N94]_NiC_nit_1M KOH_ vs RHE B_05_CVA_C02.txt,312,0,312,1.0090915,1.5999749,-0.1576940826572613,0.132889109286102,-0.012805602905187272,,-0.785630461402409,-0.785630461402409
345,0,172,B[N94]_NiC_nit_1M KOH_ vs RHE B_05_CVA_C02.txt,316,316,0,1.0000105,1.5902392,-0.007129950848008902,0.1685481809876809,0.03399813595538215,1.9785203325933836,,1.9785203325933836
346,0,173,B[N94]_NiC_nit_1M KOH_ vs RHE B_05_CVA_C02.txt,312,0,312,1.0090936,1.5999781,-0.1578466177738576,0.1322947416986737,-0.01290284577392101,,-0.7915536691014882,-0.7915536691014882
347,0,173,B[N94]_NiC_nit_1M KOH_ vs RHE B_05_CVA_C02.txt,318,318,0,1.0000218,1.5898328,-0.007659045117907229,0.1691869603770133,0.03450914393212667,1.9784327179543353,,1.9784327179543353
348,0,174,B[N94]_NiC_nit_1M KOH_ vs RHE B_05_CVA_C02.txt,312,0,312,1.0090894,1.599961,-0.1574735785858338,0.1322645992040634,-0.012918309521769783,,-0.7922391126444203,-0.7922391126444203
349,0,174,B[N94]_NiC_nit_1M KOH_ vs RHE B_05_CVA_C02.txt,318,318,0,1.0000144,1.590085,-0.00796338522923179,0.1696575157239024,0.03461395464567178,1.9817158201912701,,1.9817158201912701
350,0,175,B[N94]_NiC_nit_1M KOH_ vs RHE B_05_CVA_C02.txt,312,0,312,1.0090996,1.5999781,-0.1579206415200323,0.1323165706225802,-0.012940994496552687,,-0.793822399911441,-0.793822399911441
351,0,175,B[N94]_NiC_nit_1M KOH_ vs RHE B_05_CVA_C02.txt,315,315,0,1.0000114,1.5901346,-0.006801715619595989,0.1700791227075338,0.03406700372347616,1.9866242221569645,,1.9866242221569645
352,0,176,B[N94]_NiC_nit_1M KOH_ vs RHE B_05_CVA_C02.txt,312,0,312,1.0090954,1.5999712,-0.1575467427953974,0.1324135642021129,-0.012900032141212076,,-0.791199836028065,-0.791199836028065
353,0,176,B[N94]_NiC_nit_1M KOH_ vs RHE B_05_CVA_C02.txt,316,316,0,1.0000087,1.5910378,-0.00677420442494063,0.1705663334840499,0.03407344325812035,1.9945262764874956,,1.9945262764874956
354,0,177,B[N94]_NiC_nit_1M KOH_ vs RHE B_05_CVA_C02.txt,312,0,312,1.0090936,1.5999707,-0.1578240557937015,0.1331361421407795,-0.01301427834276013,,-0.7980705173250635,-0.7980705173250635
355,0,177,B[N94]_NiC_nit_1M KOH_ vs RHE B_05_CVA_C02.txt,317,317,0,1.0000066,1.5911026,-0.00723864297227314,0.1712904680138547,0.03435098501408964,1.9954822877528837,,1.9954822877528837
356,0,178,B[N94]_NiC_nit_1M KOH_ vs RHE B_05_CVA_C02.txt,312,0,312,1.0091015,1.5999644,-0.1575955342330038,0.1321547357808976,-0.013059328306616321,,-0.8005924433518871,-0.8005924433518871
357,0,178,B[N94]_NiC_nit_1M KOH_ vs RHE B_05_CVA_C02.txt,315,315,0,1.0000128,1.5895802,-0.00680684885010123,0.1717151367330114,0.03415736379782856,1.9801483630347665,,1.9801483630347665
358,0,179,B[N94]_NiC_nit_1M KOH_ vs RHE B_05_CVA_C02.txt,312,0,312,1.0090936,1.5999721,-0.1577508326508315,0.1328008300379702,-0.013070238538497718,,-0.8013605710957564,-0.8013605710957564
359,0,179,B[N94]_NiC_nit_1M KOH_ vs RHE B_05_CVA_C02.txt,319,319,0,1.0000111,1.5899923,-0.006737000586268319,0.1737817202054599,0.03475060612405154,1.9877512416003875,,1.9877512416003875
360,0,180,B[N94]_NiC_nit_1M KOH_ vs RHE B_05_CVA_C02.txt,312,0,312,1.0090634,1.5999608,-0.1576303999839453,0.1325784623622894,-0.013117483054987247,,-0.8041614685586741,-0.8041614685586741
361,0,180,B[N94]_NiC_nit_1M KOH_ vs RHE B_05_CVA_C02.txt,317,317,0,1.0000306,1.5896821,-0.007739393486796567,0.1738414841810858,0.03462115043827475,1.9884771072602552,,1.9884771072602552
362,0,181,B[N94]_NiC_nit_1M KOH_ vs RHE B_05_CVA_C02.txt,312,0,312,1.0090936,1.5999676,-0.1577452569486244,0.1321048431098461,-0.013080600005961581,,-0.8018037752958279,-0.8018037752958279
363,0,181,B[N94]_NiC_nit_1M KOH_ vs RHE B_05_CVA_C02.txt,318,318,0,1.00002,1.589937,-0.007069697358498467,0.173971416416026,0.0345664197708763,1.9958319255546875,,1.9958319255546875
364,0,182,B[N94]_NiC_nit_1M KOH_ vs RHE B_05_CVA_C02.txt,312,0,312,1.0090734,1.5999719,-0.1580689719869333,0.1332896990995658,-0.013059707236612766,,-0.800857574250903,-0.800857574250903
365,0,182,B[N94]_NiC_nit_1M KOH_ vs RHE B_05_CVA_C02.txt,319,319,0,1.0000246,1.5912311,-0.007528005877421015,0.1748110976667323,0.03522621092627124,2.011003597221994,,2.011003597221994
366,0,183,B[N94]_NiC_nit_1M KOH_ vs RHE B_05_CVA_C02.txt,312,0,312,1.0091015,1.5999608,-0.1578519519378476,0.1327265782112425,-0.01311546685187655,,-0.8040416388607093,-0.8040416388607093
367,0,183,B[N94]_NiC_nit_1M KOH_ vs RHE B_05_CVA_C02.txt,318,318,0,1.0000247,1.591491,-0.007208300687904873,0.1750499427049244,0.03504805536186251,2.015565833498443,,2.015565833498443
368,0,184,B[N94]_NiC_nit_1M KOH_ vs RHE B_05_CVA_C02.txt,312,0,312,1.0090996,1.5999672,-0.1579645845539626,0.1326822885652867,-0.013146109574549349,,-0.8057904639458822,-0.8057904639458822
369,0,184,B[N94]_NiC_nit_1M KOH_ vs RHE B_05_CVA_C02.txt,319,319,0,1.0000122,1.5902934,-0.006699815230368597,0.1763268218121081,0.034835753739165996,2.00389451910808,,2.00389451910808
370,0,185,B[N94]_NiC_nit_1M KOH_ vs RHE B_05_CVA_C02.txt,312,0,312,1.0091015,1.5999666,-0.15826143316027,0.1328708787516848,-0.01319520166739852,,-0.8087697971288323,-0.8087697971288323
371,0,185,B[N94]_NiC_nit_1M KOH_ vs RHE B_05_CVA_C02.txt,319,319,0,1.0000235,1.5912422,-0.00713956896215677,0.1770151507649196,0.035060540352079415,2.0181320262545994,,2.0181320262545994
372,0,186,B[N94]_NiC_nit_1M KOH_ vs RHE B_05_CVA_C02.txt,312,0,312,1.0091035,1.5999635,-0.1580583563302347,0.1341566568197206,-0.013153917322813572,,-0.8066472344363878,-0.8066472344363878
373,0,186,B[N94]_NiC_nit_1M KOH_ vs RHE B_05_CVA_C02.txt,315,315,0,1.0000176,1.590629,-0.007659023834599404,0.177816777339813,0.03527463745484757,2.017895970933315,,2.017895970933315
374,0,187,B[N94]_NiC_nit_1M KOH_ vs RHE B_05_CVA_C02.txt,312,0,312,1.0091035,1.5999578,-0.1582546999264824,0.1331988619433506,-0.013156215395160046,,-0.8065874755876467,-0.8065874755876467
375,0,187,B[N94]_NiC_nit_1M KOH_ vs RHE B_05_CVA_C02.txt,319,319,0,1.0000151,1.5913403,-0.006690213767336875,0.1779094558571361,0.03536731683171516,2.0238441890886976,,2.0238441890886976
376,0,188,B[N94]_NiC_nit_1M KOH_ vs RHE B_05_CVA_C02.txt,312,0,312,1.0090894,1.5999585,-0.1582409409388537,0.1340916752815247,-0.013282600496755404,,-0.81420082150141,-0.81420082150141
377,0,188,B[N94]_NiC_nit_1M KOH_ vs RHE B_05_CVA_C02.txt,319,319,0,1.0000145,1.5909389,-0.007578892953461036,0.178938744485289,0.03534486298661556,2.0208319330377496,,2.0208319330377496
378,0,189,B[N94]_NiC_nit_1M KOH_ vs RHE B_05_CVA_C02.txt,312,0,312,1.0090996,1.5999557,-0.1582459259220124,0.1335093398456988,-0.013315732333230178,,-0.8160894105247115,-0.8160894105247115
379,0,189,B[N94]_NiC_nit_1M KOH_ vs RHE B_05_CVA_C02.txt,319,319,0,1.0000142,1.5909514,-0.00690387302707135,0.1793962160868099,0.035281181830673226,2.0248885084401547,,2.0248885084401547
380,0,190,B[N94]_NiC_nit_1M KOH_ vs RHE B_05_CVA_C02.txt,312,0,312,1.0090975,1.5999633,-0.1587982616934793,0.1333518225786294,-0.013310386711110466,,-0.815754508857774,-0.815754508857774
381,0,190,B[N94]_NiC_nit_1M KOH_ vs RHE B_05_CVA_C02.txt,318,318,0,1.0000184,1.5899372,-0.006894909466306373,0.1800759792382181,0.03504814216034657,2.0174922145242506,,2.0174922145242506
382,0,191,B[N94]_NiC_nit_1M KOH_ vs RHE B_05_CVA_C02.txt,312,0,312,1.0090595,1.5999566,-0.1589004495555422,0.133833910136119,-0.013396457894924385,,-0.8209931670923678,-0.8209931670923678
383,0,191,B[N94]_NiC_nit_1M KOH_ vs RHE B_05_CVA_C02.txt,318,318,0,1.0000305,1.5898445,-0.008019877675299845,0.1805830223348583,0.035227001529794584,2.0194540196699635,,2.0194540196699635
384,0,192,B[N94]_NiC_nit_1M KOH_ vs RHE B_05_CVA_C02.txt,312,0,312,1.0090693,1.5999675,-0.1591059571585984,0.1342230188410452,-0.013449993648883777,,-0.8242291222524725,-0.8242291222524725
385,0,192,B[N94]_NiC_nit_1M KOH_ vs RHE B_05_CVA_C02.txt,315,315,0,1.0000182,1.5894964,-0.006786724759472743,0.1813279692266341,0.03513280939406176,2.020890131731089,,2.020890131731089
386,0,193,B[N94]_NiC_nit_1M KOH_ vs RHE B_05_CVA_C02.txt,312,0,312,1.0090954,1.5999691,-0.1595952617656957,0.1346237689256669,-0.013427335337953834,,-0.8228461723213378,-0.8228461723213378
387,0,193,B[N94]_NiC_nit_1M KOH_ vs RHE B_05_CVA_C02.txt,319,319,0,1.0000035,1.5905362,-0.00661001526561629,0.1823471196348451,0.03553686536817991,2.0394198472801732,,2.0394198472801732
388,0,194,B[N94]_NiC_nit_1M KOH_ vs RHE B_05_CVA_C02.txt,312,0,312,1.0091015,1.5999531,-0.1593643590625176,0.1343941992769639,-0.013445089569343597,,-0.823729618936572,-0.823729618936572
389,0,194,B[N94]_NiC_nit_1M KOH_ vs RHE B_05_CVA_C02.txt,322,322,0,1.0000112,1.5900358,-0.006747955498606784,0.1829865601600336,0.03586940975503329,2.03253163803251,,2.03253163803251
390,0,195,B[N94]_NiC_nit_1M KOH_ vs RHE B_05_CVA_C02.txt,312,0,312,1.0090975,1.5999606,-0.1595819603702766,0.1351579586890611,-0.013543046622958558,,-0.829792280048987,-0.829792280048987
391,0,195,B[N94]_NiC_nit_1M KOH_ vs RHE B_05_CVA_C02.txt,318,318,0,1.0000211,1.5897485,-0.008272789443205846,0.1834279733102326,0.03524413546904015,2.0342416747374035,,2.0342416747374035
392,0,196,B[N94]_NiC_nit_1M KOH_ vs RHE B_05_CVA_C02.txt,312,0,312,1.0091015,1.5999585,-0.1596970547816635,0.1350242220693163,-0.013564719031648752,,-0.8309504887139905,-0.8309504887139905
393,0,196,B[N94]_NiC_nit_1M KOH_ vs RHE B_05_CVA_C02.txt,319,319,0,1.0000196,1.5911973,-0.007769379568727419,0.1844466327066876,0.035737939569307695,2.059013850106432,,2.059013850106432
394,0,197,B[N94]_NiC_nit_1M KOH_ vs RHE B_05_CVA_C02.txt,312,0,312,1.0090536,1.5999511,-0.1600709210468825,0.135827215350404,-0.01348226134826151,,-0.8264462695574677,-0.8264462695574677
395,0,197,B[N94]_NiC_nit_1M KOH_ vs RHE B_05_CVA_C02.txt,318,318,0,1.0000185,1.5906309,-0.006671364154263476,0.1852011451338891,0.03572792127636302,2.056034087387028,,2.056034087387028
396,0,198,B[N94]_NiC_nit_1M KOH_ vs RHE B_05_CVA_C02.txt,312,0,312,1.0091015,1.5999601,-0.1605218171321483,0.1344784511761232,-0.01356488582456564,,-0.8312186849263107,-0.8312186849263107
397,0,198,B[N94]_NiC_nit_1M KOH_ vs RHE B_05_CVA_C02.txt,316,316,0,1.0000075,1.5910873,-0.008156779260995489,0.1860749785621447,0.035161008107138646,2.0620345447323123,,2.0620345447323123
398,0,199,B[N94]_NiC_nit_1M KOH_ vs RHE B_05_CVA_C02.txt,312,0,312,1.0090975,1.599962,-0.1606807286448928,0.1350534066211342,-0.013586165456568482,,-0.8324821684629352,-0.8324821684629352
399,0,199,B[N94]_NiC_nit_1M KOH_ vs RHE B_05_CVA_C02.txt,319,319,0,1.0000114,1.5908384,-0.006756123388186097,0.1872859760468288,0.0359669703912367,2.0657910856728603,,2.0657910856728603
400,0,200,B[N94]_NiC_nit_1M KOH_ vs RHE B_05_CVA_C02.txt,312,0,312,1.0091075,1.5999581,-0.1607326002418337,0.1351581553618111,-0.013569105804298718,,-0.8312691945029014,-0.8312691945029014
401,0,201,B[N94]_NiC_nit_1M KOH_ vs RHE B_05_CVA_C02.txt,319,319,0,0.99998367,1.5898747,-0.002483085253961308,0.1932706711434018,0.03901221092454373,2.244282176748633,,2.244282176748633
402,0,201,B[N94]_NiC_nit_1M KOH_ vs RHE B_05_CVA_C02.txt,313,0,313,1.0091022,1.5999827,-0.1616335107201459,0.1490876247053561,-0.009671698383276991,,-0.6308683349107935,-0.6308683349107935
403,0,201,B[N94]_NiC_nit_1M KOH_ vs RHE B_05_CVA_C02.txt,320,320,0,1.0000046,1.5904675,-0.007449549157172441,0.1894956577706486,0.03732175191575603,2.1531562157804434,,2.1531562157804434
404,0,202,B[N94]_NiC_nit_1M KOH_ vs RHE B_05_CVA_C02.txt,313,0,313,1.0091026,1.599967,-0.1616710323770292,0.1480083446139873,-0.01006964008177505,,-0.6541961195517392,-0.6541961195517392
405,0,202,B[N94]_NiC_nit_1M KOH_ vs RHE B_05_CVA_C02.txt,321,321,0,1.000005,1.5899786,-0.007203076783891621,0.1900941217477805,0.03741585879096981,2.1519600615942185,,2.1519600615942185
406,0,203,B[N94]_NiC_nit_1M KOH_ vs RHE B_05_CVA_C02.txt,313,0,313,1.0091023,1.5999866,-0.161755080014494,0.1505264685205789,-0.009962153854329086,,-0.6486420690034315,-0.6486420690034315
407,0,203,B[N94]_NiC_nit_1M KOH_ vs RHE B_05_CVA_C02.txt,317,317,0,1.0000049,1.5903723,-0.006894626189023256,0.1907539170604546,0.036853080356931724,2.162156976848594,,2.162156976848594
408,0,204,B[N94]_NiC_nit_1M KOH_ vs RHE B_05_CVA_C02.txt,313,0,313,1.0090975,1.5999726,-0.1618866486264972,0.1513771887706674,-0.010008394008024826,,-0.6516611729274696,-0.6516611729274696
409,0,204,B[N94]_NiC_nit_1M KOH_ vs RHE B_05_CVA_C02.txt,318,318,0,1.0000117,1.5900645,-0.007611189844707641,0.1911068377598999,0.03745340036494215,2.158213941350897,,2.158213941350897
410,0,205,B[N94]_NiC_nit_1M KOH_ vs RHE B_05_CVA_C02.txt,313,0,313,1.0091017,1.5999647,-0.1622265147983178,0.1517864365292629,-0.010151429104837873,,-0.6605951984303569,-0.6605951984303569
411,0,205,B[N94]_NiC_nit_1M KOH_ vs RHE B_05_CVA_C02.txt,317,317,0,1.0000043,1.5897942,-0.006209814665554508,0.1915231662317296,0.03690837768652185,2.151143884772772,,2.151143884772772
412,0,206,B[N94]_NiC_nit_1M KOH_ vs RHE B_05_CVA_C02.txt,312,0,312,1.0090876,1.5999868,-0.1628529023198544,0.1523160492220232,-0.01077061942260317,,-0.6687145833502527,-0.6687145833502527
413,0,206,B[N94]_NiC_nit_1M KOH_ vs RHE B_05_CVA_C02.txt,321,321,0,1.0000139,1.5896763,-0.007237515092128888,0.1922021432439145,0.03795553924844563,2.154930055804597,,2.154930055804597
414,0,207,B[N94]_NiC_nit_1M KOH_ vs RHE B_05_CVA_C02.txt,313,0,313,1.0091043,1.5999764,-0.1623194703360373,0.1532772886364353,-0.010358073069096753,,-0.6735000840703472,-0.6735000840703472
415,0,207,B[N94]_NiC_nit_1M KOH_ vs RHE B_05_CVA_C02.txt,320,320,0,1.0000068,1.5908623,-0.007959924638271332,0.1931035668124732,0.037456954692199826,2.174716834743374,,2.174716834743374
416,0,208,B[N94]_NiC_nit_1M KOH_ vs RHE B_05_CVA_C02.txt,313,0,313,1.0091006,1.5999626,-0.1626103861074695,0.1542739751546278,-0.010334528581489855,,-0.6726582522879264,-0.6726582522879264
417,0,208,B[N94]_NiC_nit_1M KOH_ vs RHE B_05_CVA_C02.txt,320,320,0,1.000003,1.5905702,-0.008329661563038826,0.1938367553482885,0.03764479848544712,2.1735776351904135,,2.1735776351904135
418,0,209,B[N94]_NiC_nit_1M KOH_ vs RHE B_05_CVA_C02.txt,313,0,313,1.0090514,1.5999703,-0.1627064448960378,0.1548672185643859,-0.01045656958429657,,-0.6798251600932852,-0.6798251600932852
419,0,209,B[N94]_NiC_nit_1M KOH_ vs RHE B_05_CVA_C02.txt,318,318,0,1.0000188,1.5906602,-0.008221371383923648,0.1948143114440763,0.037848222162420654,2.183324444658428,,2.183324444658428
420,0,210,B[N94]_NiC_nit_1M KOH_ vs RHE B_05_CVA_C02.txt,313,0,313,1.0090996,1.5999645,-0.1629241716501595,0.1564423415971838,-0.01039731336276741,,-0.676634823829892,-0.676634823829892
421,0,210,B[N94]_NiC_nit_1M KOH_ vs RHE B_05_CVA_C02.txt,318,318,0,1.0000083,1.5899662,-0.007174780269941464,0.1953654331010184,0.03780510706031698,2.176062169783293,,2.176062169783293
422,0,211,B[N94]_NiC_nit_1M KOH_ vs RHE B_05_CVA_C02.txt,313,0,313,1.0090514,1.5999664,-0.1631390433655744,0.1565188493417657,-0.010578724675505831,,-0.6879377895097291,-0.6879377895097291
423,0,211,B[N94]_NiC_nit_1M KOH_ vs RHE B_05_CVA_C02.txt,317,317,0,1.0000108,1.5910552,-0.006653075372534151,0.1956618376635362,0.03798534419729306,2.188641564430369,,2.188641564430369
424,0,212,B[N94]_NiC_nit_1M KOH_ vs RHE B_05_CVA_C02.txt,312,0,312,1.0090954,1.599966,-0.163349269336299,0.1555088554940571,-0.011142877755766405,,-0.691274713675736,-0.691274713675736
425,0,212,B[N94]_NiC_nit_1M KOH_ vs RHE B_05_CVA_C02.txt,318,318,0,1.0000029,1.5897721,-0.007500332407653333,0.1979695908949841,0.03798737978447897,2.1875715235298574,,2.1875715235298574
426,0,213,B[N94]_NiC_nit_1M KOH_ vs RHE B_05_CVA_C02.txt,312,0,312,1.0090693,1.5999695,-0.1636749814032197,0.1573809403926134,-0.010931999222317837,,-0.6791337251209157,-0.6791337251209157
427,0,213,B[N94]_NiC_nit_1M KOH_ vs RHE B_05_CVA_C02.txt,321,321,0,1.0000173,1.5895721,-0.007416906547458732,0.1985165272027878,0.03840803783732302,2.183424599680739,,2.183424599680739
428,0,214,B[N94]_NiC_nit_1M KOH_ vs RHE B_05_CVA_C02.txt,312,0,312,1.0091035,1.5999612,-0.1637617821347959,0.1573625488037412,-0.01121485930988995,,-0.6958626122571406,-0.6958626122571406
429,0,214,B[N94]_NiC_nit_1M KOH_ vs RHE B_05_CVA_C02.txt,322,322,0,1.0000147,1.5908778,-0.006587707198889597,0.1993132106808635,0.03880808047141645,2.2035841892572994,,2.2035841892572994
430,0,215,B[N94]_NiC_nit_1M KOH_ vs RHE B_05_CVA_C02.txt,312,0,312,1.0090915,1.5999678,-0.1640321928405968,0.1577791668474671,-0.011231918508497375,,-0.6969856588035109,-0.6969856588035109
431,0,215,B[N94]_NiC_nit_1M KOH_ vs RHE B_05_CVA_C02.txt,319,319,0,1.0000192,1.5907423,-0.007504383826421365,0.199799780211162,0.03845695732646277,2.2046160344532364,,2.2046160344532364
432,0,216,B[N94]_NiC_nit_1M KOH_ vs RHE B_05_CVA_C02.txt,312,0,312,1.0090915,1.5999571,-0.1640415083627254,0.1581603894415109,-0.011329120448318797,,-0.7027423975115522,-0.7027423975115522
433,0,216,B[N94]_NiC_nit_1M KOH_ vs RHE B_05_CVA_C02.txt,319,319,0,1.0000045,1.5908619,-0.007738754703578626,0.2011465672032395,0.038293861832842904,2.2137159678674316,,2.2137159678674316
434,0,217,B[N94]_NiC_nit_1M KOH_ vs RHE B_05_CVA_C02.txt,312,0,312,1.0090554,1.5999535,-0.1643995648768115,0.1589308356245358,-0.011315894010577516,,-0.7021442377206885,-0.7021442377206885
435,0,217,B[N94]_NiC_nit_1M KOH_ vs RHE B_05_CVA_C02.txt,318,318,0,1.0000237,1.5894897,-0.0077490716108254,0.2018593300078542,0.03831040332452947,2.1953556369423883,,2.1953556369423883
436,0,218,B[N94]_NiC_nit_1M KOH_ vs RHE B_05_CVA_C02.txt,312,0,312,1.0090936,1.5999538,-0.1645586622390497,0.1583823079758502,-0.011534062502132032,,-0.7149642469293787,-0.7149642469293787
437,0,218,B[N94]_NiC_nit_1M KOH_ vs RHE B_05_CVA_C02.txt,322,322,0,1.0000103,1.5906678,-0.007983926550618234,0.2023354630650914,0.03915144799659397,2.2144436653995347,,2.2144436653995347
438,0,219,B[N94]_NiC_nit_1M KOH_ vs RHE B_05_CVA_C02.txt,312,0,312,1.0091035,1.599961,-0.1619318397614773,0.15957988392223,-0.011490481808950124,,-0.7126659605007494,-0.7126659605007494
439,0,219,B[N94]_NiC_nit_1M KOH_ vs RHE B_05_CVA_C02.txt,318,318,0,1.0000178,1.5910579,-0.007901625785355769,0.202865836626489,0.03883315381127124,2.2281349854776757,,2.2281349854776757
440,0,220,B[N94]_NiC_nit_1M KOH_ vs RHE B_05_CVA_C02.txt,312,0,312,1.0090954,1.5999527,-0.1649687278542777,0.1594984419643879,-0.011519709180178828,,-0.7144226908150473,-0.7144226908150473
441,0,220,B[N94]_NiC_nit_1M KOH_ vs RHE B_05_CVA_C02.txt,319,319,0,1.0000193,1.5908494,-0.006894096369958587,0.2036355470906772,0.03878813793807597,2.2208637250688796,,2.2208637250688796
442,0,221,B[N94]_NiC_nit_1M KOH_ vs RHE B_05_CVA_C02.txt,313,0,313,1.0091017,1.600015,-0.1648807100442709,0.1630249344136403,-0.011107307873765843,,-0.7213238632980242,-0.7213238632980242
443,0,221,B[N94]_NiC_nit_1M KOH_ vs RHE B_05_CVA_C02.txt,320,320,0,1.0000043,1.590856,-0.008901765570044518,0.2046424889714311,0.03849666078097984,2.225172441722516,,2.225172441722516
444,0,222,B[N94]_NiC_nit_1M KOH_ vs RHE B_05_CVA_C02.txt,312,0,312,1.0091087,1.5999537,-0.16518488608468,0.159408290969564,-0.011655364794051128,,-0.7223705352087086,-0.7223705352087086
445,0,222,B[N94]_NiC_nit_1M KOH_ vs RHE B_05_CVA_C02.txt,319,319,0,1.0000112,1.5899541,-0.007412001956254244,0.2055833188921857,0.03848860214826496,2.21808065122401,,2.21808065122401
446,0,223,B[N94]_NiC_nit_1M KOH_ vs RHE B_05_CVA_C02.txt,313,0,313,1.0091016,1.5999558,-0.165846304344916,0.1628753798811329,-0.011280868887550564,,-0.7315453485505448,-0.7315453485505448
447,0,223,B[N94]_NiC_nit_1M KOH_ vs RHE B_05_CVA_C02.txt,320,320,0,1.0000042,1.5897639,-0.007542460225522518,0.2053807991790927,0.038745895021218245,2.2155352084162843,,2.2155352084162843
448,0,224,B[N94]_NiC_nit_1M KOH_ vs RHE B_05_CVA_C02.txt,312,0,312,1.0091075,1.5999556,-0.1657818738836061,0.1594004232598385,-0.011940179907593515,,-0.7392722273901164,-0.7392722273901164
449,0,224,B[N94]_NiC_nit_1M KOH_ vs RHE B_05_CVA_C02.txt,318,318,0,1.0000262,1.5904579,-0.006963008422065875,0.2061839028603965,0.03884699130485825,2.230500286085207,,2.230500286085207
450,0,225,B[N94]_NiC_nit_1M KOH_ vs RHE B_05_CVA_C02.txt,313,0,313,1.0091016,1.5999635,-0.1657261536792395,0.1622342570968294,-0.01130172404871892,,-0.7329711525786403,-0.7329711525786403
451,0,225,B[N94]_NiC_nit_1M KOH_ vs RHE B_05_CVA_C02.txt,320,320,0,1.0000036,1.5904619,-0.008626850321888924,0.2070200817273831,0.03838577360280464,2.2341151094799865,,2.2341151094799865
452,0,226,B[N94]_NiC_nit_1M KOH_ vs RHE B_05_CVA_C02.txt,313,0,313,1.0090514,1.5999714,-0.1662707481316045,0.1643728804977043,-0.011477253507155645,,-0.7439849923070125,-0.7439849923070125
453,0,226,B[N94]_NiC_nit_1M KOH_ vs RHE B_05_CVA_C02.txt,318,318,0,1.0000175,1.5904559,-0.008434177020235994,0.2078322518346853,0.03915753293958734,2.2351436076801185,,2.2351436076801185
454,0,227,B[N94]_NiC_nit_1M KOH_ vs RHE B_05_CVA_C02.txt,313,0,313,1.009101,1.5999564,-0.1665600510145306,0.1622680150296376,-0.011600988042772747,,-0.7503507818523393,-0.7503507818523393
455,0,227,B[N94]_NiC_nit_1M KOH_ vs RHE B_05_CVA_C02.txt,320,320,0,1.0000035,1.5899581,-0.009784423746168612,0.209371899936782,0.038989394121162216,2.230674559543929,,2.230674559543929
456,0,228,B[N94]_NiC_nit_1M KOH_ vs RHE B_05_CVA_C02.txt,313,0,313,1.0091013,1.5999596,-0.1665650654614996,0.1632017499726752,-0.011645594247945602,,-0.7533964420994961,-0.7533964420994961
457,0,228,B[N94]_NiC_nit_1M KOH_ vs RHE B_05_CVA_C02.txt,320,320,0,1.0000039,1.5902698,-0.00915377214550972,0.2099434552505812,0.03911450961492542,2.2414054041488343,,2.2414054041488343
458,0,229,B[N94]_NiC_nit_1M KOH_ vs RHE B_05_CVA_C02.txt,312,0,312,1.0090954,1.5999556,-0.1670466653061066,0.1606800219287039,-0.012169485411788635,,-0.7529989814483661,-0.7529989814483661
459,0,229,B[N94]_NiC_nit_1M KOH_ vs RHE B_05_CVA_C02.txt,315,315,0,1.0000136,1.589572,-0.0090056944754906,0.2123998745410285,0.03844240137401472,2.23411635434077,,2.23411635434077
460,0,230,B[N94]_NiC_nit_1M KOH_ vs RHE B_05_CVA_C02.txt,312,0,312,1.0091037,1.5999504,-0.1673872329357428,0.1595669726327973,-0.012313744345628494,,-0.7614169375542601,-0.7614169375542601
461,0,230,B[N94]_NiC_nit_1M KOH_ vs RHE B_05_CVA_C02.txt,316,316,0,1.0000173,1.5912334,-0.006773376189434091,0.2111216149662778,0.0388674802253982,2.260940700798723,,2.260940700798723
462,0,231,B[N94]_NiC_nit_1M KOH_ vs RHE B_05_CVA_C02.txt,312,0,312,1.0091029,1.5999496,-0.1677127015287786,0.1601067602026218,-0.012331826399264346,,-0.7624708441170733,-0.7624708441170733
463,0,231,B[N94]_NiC_nit_1M KOH_ vs RHE B_05_CVA_C02.txt,317,317,0,1.0000055,1.5906658,-0.009909153915941715,0.2125614898351234,0.0388009347703109,2.2605994037420976,,2.2605994037420976
464,0,232,B[N94]_NiC_nit_1M KOH_ vs RHE B_05_CVA_C02.txt,313,0,313,1.0091013,1.5999675,-0.1678108287807488,0.1639005489971326,-0.011705584156427163,,-0.7571560211823578,-0.7571560211823578
465,0,232,B[N94]_NiC_nit_1M KOH_ vs RHE B_05_CVA_C02.txt,320,320,0,1.0000039,1.589972,-0.008065563626587391,0.2131429444723294,0.03921109780797775,2.2536485248882996,,2.2536485248882996
466,0,233,B[N94]_NiC_nit_1M KOH_ vs RHE B_05_CVA_C02.txt,313,0,313,1.0091039,1.5999794,-0.1681916873347614,0.1638022499515656,-0.01188649980578208,,-0.7678015654936916,-0.7678015654936916
467,0,233,B[N94]_NiC_nit_1M KOH_ vs RHE B_05_CVA_C02.txt,320,320,0,1.0000063,1.5905539,-0.007409457117319107,0.2137151457931856,0.039079535302687,2.2629993497338883,,2.2629993497338883
468,0,234,B[N94]_NiC_nit_1M KOH_ vs RHE B_05_CVA_C02.txt,313,0,313,1.0091009,1.5999558,-0.1684505921888316,0.164045410959617,-0.01192314590357272,,-0.7702432268739711,-0.7702432268739711
469,0,234,B[N94]_NiC_nit_1M KOH_ vs RHE B_05_CVA_C02.txt,320,320,0,1.0000033,1.5895799,-0.007455760724437634,0.21450639231049,0.03933745142167417,2.254468438776027,,2.254468438776027
470,0,235,B[N94]_NiC_nit_1M KOH_ vs RHE B_05_CVA_C02.txt,312,0,312,1.0091006,1.5999477,-0.1686302304915182,0.1612901297211646,-0.012626174396499176,,-0.7801930976323587,-0.7801930976323587
471,0,235,B[N94]_NiC_nit_1M KOH_ vs RHE B_05_CVA_C02.txt,317,317,0,1.000003,1.59026,-0.009748787619173528,0.2155642479491533,0.03870361136205726,2.2609206193315385,,2.2609206193315385
472,0,236,B[N94]_NiC_nit_1M KOH_ vs RHE B_05_CVA_C02.txt,312,0,312,1.0091037,1.5999513,-0.1693962764189783,0.1599809059074946,-0.012766785243419905,,-0.7883433228290421,-0.7883433228290421
473,0,236,B[N94]_NiC_nit_1M KOH_ vs RHE B_05_CVA_C02.txt,317,317,0,1.0000061,1.5912578,-0.007816186842873052,0.2157558879499115,0.03876474225358398,2.280292567579255,,2.280292567579255
474,0,237,B[N94]_NiC_nit_1M KOH_ vs RHE B_05_CVA_C02.txt,312,0,312,1.0090554,1.5999529,-0.1696051216432548,0.1611614683642983,-0.012863240893910962,,-0.7942237057243414,-0.7942237057243414
475,0,237,B[N94]_NiC_nit_1M KOH_ vs RHE B_05_CVA_C02.txt,318,318,0,1.0000213,1.5908579,-0.008334886405224867,0.2161834177900914,0.03929747691579272,2.276660599019774,,2.276660599019774
476,0,238,B[N94]_NiC_nit_1M KOH_ vs RHE B_05_CVA_C02.txt,313,0,313,1.0091004,1.5999596,-0.1717062270750596,0.163850608403268,-0.012345239954787195,,-0.7951007737455893,-0.7951007737455893
477,0,238,B[N94]_NiC_nit_1M KOH_ vs RHE B_05_CVA_C02.txt,320,320,0,1.0000038,1.5908519,-0.008189656771719456,0.2173954814428818,0.03924272628164364,2.2793940381574775,,2.2793940381574775
478,0,239,B[N94]_NiC_nit_1M KOH_ vs RHE B_05_CVA_C02.txt,313,0,313,1.0090975,1.5999523,-0.171436368869037,0.1625979805122248,-0.012315923539219138,,-0.7930603450047936,-0.7930603450047936
479,0,239,B[N94]_NiC_nit_1M KOH_ vs RHE B_05_CVA_C02.txt,315,315,0,1.0000176,1.5905678,-0.007613416968120471,0.2179489873264907,0.039285437432172075,2.2815863384247397,,2.2815863384247397
480,0,240,B[N94]_NiC_nit_1M KOH_ vs RHE B_05_CVA_C02.txt,312,0,312,1.0091015,1.5999488,-0.1718128932274107,0.1596596369147301,-0.01301385226720646,,-0.8028554898375152,-0.8028554898375152
481,0,240,B[N94]_NiC_nit_1M KOH_ vs RHE B_05_CVA_C02.txt,317,317,0,1.0000041,1.5900757,-0.008077654987573624,0.219085077210047,0.03919849676724227,2.2790310508435003,,2.2790310508435003
482,0,241,B[N94]_NiC_nit_1M KOH_ vs RHE B_05_CVA_C02.txt,312,0,312,1.0091037,1.599948,-0.1721003795212533,0.1602741554379459,-0.013004687171025498,,-0.8024380124653452,-0.8024380124653452
483,0,241,B[N94]_NiC_nit_1M KOH_ vs RHE B_05_CVA_C02.txt,318,318,0,1.0000182,1.5894775,-0.007815927292944657,0.2203345235623928,0.039454251078398055,2.2744479455953086,,2.2744479455953086
484,0,242,B[N94]_NiC_nit_1M KOH_ vs RHE B_05_CVA_C02.txt,313,0,313,1.0090991,1.5999794,-0.1721647701455886,0.1632785210790841,-0.012425052991048922,,-0.8001140663266844,-0.8001140663266844
485,0,242,B[N94]_NiC_nit_1M KOH_ vs RHE B_05_CVA_C02.txt,320,320,0,1.0000017,1.5898601,-0.008206203579902649,0.2207090104886065,0.039718517865534604,2.2878183067316638,,2.2878183067316638
486,0,243,B[N94]_NiC_nit_1M KOH_ vs RHE B_05_CVA_C02.txt,312,0,312,1.0090983,1.5999477,-0.1724905179262342,0.1615907666087151,-0.013138585944259509,,-0.8106051653644444,-0.8106051653644444
487,0,243,B[N94]_NiC_nit_1M KOH_ vs RHE B_05_CVA_C02.txt,320,320,0,1.0000008,1.590758,-0.008053473196923733,0.220990841528856,0.039413158387910305,2.2962485556743633,,2.2962485556743633
488,0,244,B[N94]_NiC_nit_1M KOH_ vs RHE B_05_CVA_C02.txt,312,0,312,1.0091023,1.5999504,-0.1724362415905567,0.1614977753892235,-0.013200119003547983,,-0.8141363681037044,-0.8141363681037044
489,0,244,B[N94]_NiC_nit_1M KOH_ vs RHE B_05_CVA_C02.txt,320,320,0,1.0000048,1.5904578,-0.007537369150668383,0.2229400867835339,0.03994096932599296,2.303071589300633,,2.303071589300633
490,0,245,B[N94]_NiC_nit_1M KOH_ vs RHE B_05_CVA_C02.txt,312,0,312,1.0091033,1.5999521,-0.1730448269623581,0.1616275043537219,-0.013248565163880231,,-0.817237541923035,-0.817237541923035
491,0,245,B[N94]_NiC_nit_1M KOH_ vs RHE B_05_CVA_C02.txt,320,320,0,1.0000056,1.5901735,-0.006823988165706396,0.222937907060166,0.03987741715261131,2.302122982939648,,2.302122982939648
492,0,246,B[N94]_NiC_nit_1M KOH_ vs RHE B_05_CVA_C02.txt,313,0,313,1.0091033,1.5999753,-0.1735636856074096,0.1635412521984265,-0.012791998408630711,,-0.8218714863805788,-0.8218714863805788
493,0,246,B[N94]_NiC_nit_1M KOH_ vs RHE B_05_CVA_C02.txt,321,321,0,1.0000056,1.5907675,-0.008435935713350773,0.2244336073128155,0.04025716453639027,2.3101447975881113,,2.3101447975881113
494,0,247,B[N94]_NiC_nit_1M KOH_ vs RHE B_05_CVA_C02.txt,312,0,312,1.0090981,1.5999494,-0.1736583633403761,0.1620575121045111,-0.013336617949915244,,-0.8222728475556419,-0.8222728475556419
495,0,247,B[N94]_NiC_nit_1M KOH_ vs RHE B_05_CVA_C02.txt,321,321,0,1.0000006,1.5909655,-0.0078129218891263,0.2240402767802783,0.04016190660633407,2.319484182529918,,2.319484182529918
496,0,248,B[N94]_NiC_nit_1M KOH_ vs RHE B_05_CVA_C02.txt,313,0,313,1.0091029,1.5999675,-0.1739524474957923,0.1638608406419337,-0.012801609771079223,,-0.8226348693567744,-0.8226348693567744
497,0,248,B[N94]_NiC_nit_1M KOH_ vs RHE B_05_CVA_C02.txt,320,320,0,1.0000055,1.5896797,-0.008277477696537971,0.226229363851326,0.04018388743982741,2.308868019048593,,2.308868019048593
498,0,249,B[N94]_NiC_nit_1M KOH_ vs RHE B_05_CVA_C02.txt,313,0,313,1.0091033,1.5999892,-0.174228919892541,0.1647734013588531,-0.0129403192847923,,-0.8309967092759728,-0.8309967092759728
499,0,249,B[N94]_NiC_nit_1M KOH_ vs RHE B_05_CVA_C02.txt,318,318,0,1.0000056,1.5908315,-0.007364509804376779,0.2269875818969556,0.0399911939975969,2.321061604436252,,2.321061604436252
500,0,250,B[N94]_NiC_nit_1M KOH_ vs RHE B_05_CVA_C02.txt,312,0,312,1.0091028,1.5999476,-0.1747805871479695,0.1623755863308904,-0.013616816901063528,,-0.8392234378349142,-0.8392234378349142
501,0,250,B[N94]_NiC_nit_1M KOH_ vs RHE B_05_CVA_C02.txt,319,319,0,1.0000054,1.5896287,-0.007982198148965836,0.227804239909428,0.04020075841408857,2.311069483630464,,2.311069483630464
502,0,251,B[N94]_NiC_nit_1M KOH_ vs RHE B_05_CVA_C02.txt,313,0,313,1.0090981,1.6000286,-0.1748629176027414,0.1657976019889751,-0.01304089475950735,,-0.8375556607890087,-0.8375556607890087
503,0,251,B[N94]_NiC_nit_1M KOH_ vs RHE B_05_CVA_C02.txt,320,320,0,1.0000006,1.5902559,-0.009701059199869633,0.2282054943767946,0.04005557450135501,2.322566460268901,,2.322566460268901
504,0,252,B[N94]_NiC_nit_1M KOH_ vs RHE B_05_CVA_C02.txt,313,0,313,1.0091006,1.5999576,-0.1746916958271072,0.1648685932159424,-0.013068813052682596,,-0.8386636427975059,-0.8386636427975059
505,0,252,B[N94]_NiC_nit_1M KOH_ vs RHE B_05_CVA_C02.txt,323,323,0,1.000003,1.5901657,-0.006861534435302019,0.2290165575475854,0.040836174120097414,2.3285748404996993,,2.3285748404996993
506,0,253,B[N94]_NiC_nit_1M KOH_ vs RHE B_05_CVA_C02.txt,313,0,313,1.0091027,1.5999675,-0.1749271395320102,0.1645430459276489,-0.013104897004623731,,-0.8410685020577983,-0.8410685020577983
507,0,253,B[N94]_NiC_nit_1M KOH_ vs RHE B_05_CVA_C02.txt,320,320,0,1.0000057,1.5900617,-0.008040108717978,0.2293458214516622,0.04050513778996166,2.3295528188390207,,2.3295528188390207
508,0,254,B[N94]_NiC_nit_1M KOH_ vs RHE B_05_CVA_C02.txt,313,0,313,1.0091027,1.5999714,-0.1754010993054522,0.1651246284550807,-0.013118555787629178,,-0.8417843405499021,-0.8417843405499021
509,0,254,B[N94]_NiC_nit_1M KOH_ vs RHE B_05_CVA_C02.txt,317,317,0,1.0000052,1.5905577,-0.007749297737103443,0.2299077672831766,0.040126862000019276,2.340696238275963,,2.340696238275963
510,0,255,B[N94]_NiC_nit_1M KOH_ vs RHE B_05_CVA_C02.txt,313,0,313,1.0091023,1.5999595,-0.1754117818276626,0.1657302415241366,-0.013194011874149548,,-0.8459340526667729,-0.8459340526667729
511,0,255,B[N94]_NiC_nit_1M KOH_ vs RHE B_05_CVA_C02.txt,320,320,0,1.0000049,1.5901579,-0.008409207686781883,0.2299200020584815,0.04036773176592779,2.3371790218406567,,2.3371790218406567
512,0,256,B[N94]_NiC_nit_1M KOH_ vs RHE B_05_CVA_C02.txt,313,0,313,1.0091027,1.5999595,-0.1757322014362659,0.1645947879423266,-0.01325491718268664,,-0.8496982986971272,-0.8496982986971272
513,0,256,B[N94]_NiC_nit_1M KOH_ vs RHE B_05_CVA_C02.txt,320,320,0,1.0000052,1.5900736,-0.01033107377588749,0.2311317683386536,0.0403980385035765,2.338455384613101,,2.338455384613101
514,0,257,B[N94]_NiC_nit_1M KOH_ vs RHE B_05_CVA_C02.txt,313,0,313,1.0090979,1.5999832,-0.1758007686221899,0.1653465641305801,-0.013375352999721986,,-0.856529410366917,-0.856529410366917
515,0,257,B[N94]_NiC_nit_1M KOH_ vs RHE B_05_CVA_C02.txt,317,317,0,1.0000004,1.5902579,-0.008815854787826538,0.2318653822315078,0.04029812789880381,2.344078407812591,,2.344078407812591
516,0,258,B[N94]_NiC_nit_1M KOH_ vs RHE B_05_CVA_C02.txt,313,0,313,1.0090981,1.5999655,-0.1764008478893411,0.1660033412601636,-0.01331526506196286,,-0.8533627319008547,-0.8533627319008547
517,0,258,B[N94]_NiC_nit_1M KOH_ vs RHE B_05_CVA_C02.txt,320,320,0,1.0000006,1.5905637,-0.009947337210178375,0.2325175038714651,0.041015097753687106,2.3496455791064466,,2.3496455791064466
518,0,259,B[N94]_NiC_nit_1M KOH_ vs RHE B_05_CVA_C02.txt,312,0,312,1.0090976,1.5999486,-0.1763305452946193,0.1626873177289963,-0.013993110144644568,,-0.8615948719661428,-0.8615948719661428
519,0,259,B[N94]_NiC_nit_1M KOH_ vs RHE B_05_CVA_C02.txt,317,317,0,1.0,1.5899798,-0.01005933992564678,0.2330679277042882,0.040372331033465846,2.3501208690990953,,2.3501208690990953
520,0,260,B[N94]_NiC_nit_1M KOH_ vs RHE B_05_CVA_C02.txt,313,0,313,1.0090973,1.5999813,-0.1763991653281454,0.165707410029743,-0.01345400096170473,,-0.8613694333228505,-0.8613694333228505
521,0,260,B[N94]_NiC_nit_1M KOH_ vs RHE B_05_CVA_C02.txt,320,320,0,0.99999988,1.5896598,-0.009733513928949831,0.2341389310873918,0.0406662091485689,2.3543997729354826,,2.3543997729354826
522,0,261,B[N94]_NiC_nit_1M KOH_ vs RHE B_05_CVA_C02.txt,313,0,313,1.0090979,1.5999695,-0.1767577488212773,0.1660895389707191,-0.013466852957465233,,-0.8625244214635244,-0.8625244214635244
523,0,261,B[N94]_NiC_nit_1M KOH_ vs RHE B_05_CVA_C02.txt,320,320,0,1.0000004,1.5902499,-0.007970742881298065,0.2348823041735497,0.0406530701894508,2.3580420444095784,,2.3580420444095784
524,0,262,B[N94]_NiC_nit_1M KOH_ vs RHE B_05_CVA_C02.txt,313,0,313,1.0091004,1.5999516,-0.1771498432084244,0.1652598400478777,-0.013674531898396082,,-0.8745350268161525,-0.8745350268161525
525,0,262,B[N94]_NiC_nit_1M KOH_ vs RHE B_05_CVA_C02.txt,320,320,0,1.0000038,1.5898618,-0.00814977360119963,0.2354924428602203,0.04070176664707072,2.3586083983469126,,2.3586083983469126
526,0,263,B[N94]_NiC_nit_1M KOH_ vs RHE B_05_CVA_C02.txt,313,0,313,1.0090976,1.5999634,-0.1774992955194665,0.1649116118964941,-0.013637210172534702,,-0.8726543202030965,-0.8726543202030965
527,0,263,B[N94]_NiC_nit_1M KOH_ vs RHE B_05_CVA_C02.txt,317,317,0,1.0,1.5908536,-0.007903287187218666,0.2362836479175234,0.04091944536652537,2.38145761377874,,2.38145761377874
528,0,264,B[N94]_NiC_nit_1M KOH_ vs RHE B_05_CVA_C02.txt,313,0,313,1.0091023,1.5999556,-0.1775038717193509,0.166832481065522,-0.013531667136761287,,-0.8668005306322202,-0.8668005306322202
529,0,264,B[N94]_NiC_nit_1M KOH_ vs RHE B_05_CVA_C02.txt,320,320,0,1.0000048,1.5901698,-0.009722059592604635,0.2366383430856986,0.0412740314764215,2.37555925662139,,2.37555925662139
530,0,265,B[N94]_NiC_nit_1M KOH_ vs RHE B_05_CVA_C02.txt,313,0,313,1.0090994,1.5999713,-0.177632974272841,0.1666856822760208,-0.013577408768449052,,-0.868971238588851,-0.868971238588851
531,0,265,B[N94]_NiC_nit_1M KOH_ vs RHE B_05_CVA_C02.txt,316,316,0,1.0000019,1.5897539,-0.007840285077691078,0.2407174598645074,0.04049816277404402,2.3701051908561586,,2.3701051908561586
532,0,266,B[N94]_NiC_nit_1M KOH_ vs RHE B_05_CVA_C02.txt,313,0,313,1.0091023,1.5999556,-0.177675523503094,0.1652830887747845,-0.013673346082999934,,-0.8748615456641898,-0.8748615456641898
533,0,266,B[N94]_NiC_nit_1M KOH_ vs RHE B_05_CVA_C02.txt,320,320,0,1.0000049,1.5906538,-0.01027889084070921,0.237707711968512,0.04122681347514709,2.3864508014182086,,2.3864508014182086
534,0,267,B[N94]_NiC_nit_1M KOH_ vs RHE B_05_CVA_C02.txt,313,0,313,1.0091019,1.5999556,-0.1780807605243324,0.1668327612721402,-0.013649007448520389,,-0.8739523882222316,-0.8739523882222316
535,0,267,B[N94]_NiC_nit_1M KOH_ vs RHE B_05_CVA_C02.txt,320,320,0,1.0000044,1.5904536,-0.008169930428266525,0.2380952142928328,0.040977856169811186,2.3788272591777333,,2.3788272591777333
536,0,268,B[N94]_NiC_nit_1M KOH_ vs RHE B_05_CVA_C02.txt,313,0,313,1.0091016,1.5999556,-0.1783906557891513,0.1661230192884154,-0.013897529686893484,,-0.8882845435767454,-0.8882845435767454
537,0,268,B[N94]_NiC_nit_1M KOH_ vs RHE B_05_CVA_C02.txt,321,321,0,1.0000036,1.5908293,-0.008166043270055379,0.2391384543452517,0.04153749018256381,2.3980825305612092,,2.3980825305612092
538,0,269,B[N94]_NiC_nit_1M KOH_ vs RHE B_05_CVA_C02.txt,313,0,313,1.0091023,1.5999892,-0.1785967184188118,0.1668831132676289,-0.01383289348110434,,-0.8847451583330155,-0.8847451583330155
539,0,269,B[N94]_NiC_nit_1M KOH_ vs RHE B_05_CVA_C02.txt,320,320,0,1.0000049,1.5902637,-0.00860457681119442,0.2397205287613007,0.04150206212206408,2.3877635462672426,,2.3877635462672426
540,0,270,B[N94]_NiC_nit_1M KOH_ vs RHE B_05_CVA_C02.txt,313,0,313,1.0091045,1.5999794,-0.178691866184189,0.1663012187118114,-0.01397486840840485,,-0.8930156926532874,-0.8930156926532874
541,0,270,B[N94]_NiC_nit_1M KOH_ vs RHE B_05_CVA_C02.txt,317,317,0,1.000007,1.5905675,-0.009254956617951391,0.2403726927476302,0.04102676811646772,2.3976735007656544,,2.3976735007656544
542,0,271,B[N94]_NiC_nit_1M KOH_ vs RHE B_05_CVA_C02.txt,313,0,313,1.0091019,1.5999694,-0.1790287868685612,0.1655346045027608,-0.014021142897800501,,-0.8957473777197614,-0.8957473777197614
543,0,271,B[N94]_NiC_nit_1M KOH_ vs RHE B_05_CVA_C02.txt,320,320,0,1.0000044,1.5906558,-0.008364662528038025,0.2405871670233375,0.0412464298525641,2.3956067264531726,,2.3956067264531726
544,0,272,B[N94]_NiC_nit_1M KOH_ vs RHE B_05_CVA_C02.txt,313,0,313,1.0091043,1.5999576,-0.1788583335219349,0.1655045909726102,-0.014192297983950742,,-0.9055544549635169,-0.9055544549635169
545,0,272,B[N94]_NiC_nit_1M KOH_ vs RHE B_05_CVA_C02.txt,321,321,0,1.0000069,1.5913553,-0.008661851286888123,0.2419718919137333,0.041389879130672075,2.4103719744142986,,2.4103719744142986
546,0,273,B[N94]_NiC_nit_1M KOH_ vs RHE B_05_CVA_C02.txt,313,0,313,1.0091004,1.5999576,-0.1795120428129517,0.1658872647777847,-0.014105463781971745,,-0.9005465248109497,-0.9005465248109497
547,0,273,B[N94]_NiC_nit_1M KOH_ vs RHE B_05_CVA_C02.txt,316,316,0,1.0000038,1.5896578,-0.00951141770929098,0.2422518402129239,0.04096855669103153,2.394382961041788,,2.394382961041788
548,0,274,B[N94]_NiC_nit_1M KOH_ vs RHE B_05_CVA_C02.txt,313,0,313,1.0090967,1.5999595,-0.1795258460945455,0.1658476996929088,-0.014183951756646072,,-0.9051629108652158,-0.9051629108652158
549,0,274,B[N94]_NiC_nit_1M KOH_ vs RHE B_05_CVA_C02.txt,319,319,0,0.9999994,1.5895498,-0.007087772982130314,0.2430615645992571,0.041630768915265154,2.401792677290632,,2.401792677290632
550,0,275,B[N94]_NiC_nit_1M KOH_ vs RHE B_05_CVA_C02.txt,313,0,313,1.0090967,1.5999515,-0.1799886465757732,0.1664524274937644,-0.014136952956634178,,-0.9024803996128041,-0.9024803996128041
551,0,275,B[N94]_NiC_nit_1M KOH_ vs RHE B_05_CVA_C02.txt,317,317,0,0.99999928,1.590667,-0.008575940504670143,0.2439392788718788,0.04142291734073006,2.417889632027778,,2.417889632027778
552,0,276,B[N94]_NiC_nit_1M KOH_ vs RHE B_05_CVA_C02.txt,313,0,313,1.0091008,1.5999812,-0.1801799939340976,0.1667598437355911,-0.014202037511472797,,-0.9065660271063195,-0.9065660271063195
553,0,276,B[N94]_NiC_nit_1M KOH_ vs RHE B_05_CVA_C02.txt,317,317,0,1.0000033,1.5905516,-0.01047107763588429,0.2443296441399563,0.04128132730728219,2.41666189631918,,2.41666189631918
554,0,277,B[N94]_NiC_nit_1M KOH_ vs RHE B_05_CVA_C02.txt,313,0,313,1.0091004,1.5999537,-0.1803819130459567,0.1667779677588007,-0.014371980599918214,,-0.916592899588874,-0.916592899588874
555,0,277,B[N94]_NiC_nit_1M KOH_ vs RHE B_05_CVA_C02.txt,316,316,0,1.0000038,1.5895439,-0.00929632131010294,0.2451596059955712,0.04126214749652635,2.405521842095011,,2.405521842095011
556,0,278,B[N94]_NiC_nit_1M KOH_ vs RHE B_05_CVA_C02.txt,312,0,312,1.0091561,1.6000026,-0.1799927185899799,0.1693150375200354,-0.01485776360806966,,-0.9137737719698276,-0.9137737719698276
557,0,278,B[N94]_NiC_nit_1M KOH_ vs RHE B_05_CVA_C02.txt,320,320,0,0.99995875,1.5902536,-0.009568691253662108,0.2458514224664849,0.041941218282487855,2.420145711319251,,2.420145711319251
558,0,279,B[N94]_NiC_nit_1M KOH_ vs RHE B_05_CVA_C02.txt,313,0,313,1.0091007,1.5999556,-0.1808279323598208,0.1663724640789239,-0.014456988516521604,,-0.921507932119774,-0.921507932119774
559,0,279,B[N94]_NiC_nit_1M KOH_ vs RHE B_05_CVA_C02.txt,320,320,0,1.0000032,1.5899558,-0.008736307732760906,0.2467938068262661,0.04176915811868385,2.4186169487514344,,2.4186169487514344
560,0,280,B[N94]_NiC_nit_1M KOH_ vs RHE B_05_CVA_C02.txt,313,0,313,1.0090972,1.5999575,-0.1812516097194044,0.1673482533382333,-0.014577174479777974,,-0.9291092169872478,-0.9291092169872478
561,0,280,B[N94]_NiC_nit_1M KOH_ vs RHE B_05_CVA_C02.txt,317,317,0,0.99999988,1.5907593,-0.007735282648354769,0.2482707299810567,0.04201946191076912,2.433096307657146,,2.433096307657146
562,0,281,B[N94]_NiC_nit_1M KOH_ vs RHE B_05_CVA_C02.txt,313,0,313,1.0091041,1.5999674,-0.1812168380573613,0.1667667607898295,-0.01451156277653257,,-0.9250003006710286,-0.9250003006710286
563,0,281,B[N94]_NiC_nit_1M KOH_ vs RHE B_05_CVA_C02.txt,318,318,0,1.0000068,1.5895145,-0.007777920924127102,0.2483241210085794,0.04156477982372387,2.4200911777026155,,2.4200911777026155
564,0,282,B[N94]_NiC_nit_1M KOH_ vs RHE B_05_CVA_C02.txt,313,0,313,1.0090967,1.6000147,-0.1814151013549261,0.1686419530751857,-0.014661403709006409,,-0.9346124983334727,-0.9346124983334727
565,0,282,B[N94]_NiC_nit_1M KOH_ vs RHE B_05_CVA_C02.txt,321,321,0,0.99999928,1.5906297,-0.007217505184666212,0.2488406985378746,0.04218384436335118,2.439562458528518,,2.439562458528518
566,0,283,B[N94]_NiC_nit_1M KOH_ vs RHE B_05_CVA_C02.txt,313,0,313,1.0090966,1.599985,-0.181576331641629,0.1677465591093768,-0.014693082846918507,,-0.9359694584762127,-0.9359694584762127
567,0,283,B[N94]_NiC_nit_1M KOH_ vs RHE B_05_CVA_C02.txt,316,316,0,0.99999976,1.5896558,-0.009498690254986286,0.2504717947598167,0.041767866377270056,2.426532538395656,,2.426532538395656
568,0,284,B[N94]_NiC_nit_1M KOH_ vs RHE B_05_CVA_C02.txt,313,0,313,1.0091008,1.5999575,-0.1819389040278783,0.167045647793628,-0.014723500183376034,,-0.9378057764925136,-0.9378057764925136
569,0,284,B[N94]_NiC_nit_1M KOH_ vs RHE B_05_CVA_C02.txt,320,320,0,1.0000033,1.5912476,-0.007711100392043591,0.2509056887612515,0.042429397054520326,2.4528568002822624,,2.4528568002822624
570,0,285,B[N94]_NiC_nit_1M KOH_ vs RHE B_05_CVA_C02.txt,312,0,312,1.0091769,1.6000273,-0.1820135299836332,0.1714981744686761,-0.015375810039095694,,-0.9448148128881962,-0.9448148128881962
571,0,285,B[N94]_NiC_nit_1M KOH_ vs RHE B_05_CVA_C02.txt,318,318,0,0.99997938,1.5905904,-0.008195939321961748,0.2516618653202762,0.04226195152934889,2.451505149990222,,2.451505149990222
572,0,286,B[N94]_NiC_nit_1M KOH_ vs RHE B_05_CVA_C02.txt,313,0,313,1.0091037,1.599991,-0.1825294900293639,0.1693223727786023,-0.014728890212415158,,-0.9389948214258719,-0.9389948214258719
573,0,286,B[N94]_NiC_nit_1M KOH_ vs RHE B_05_CVA_C02.txt,320,320,0,1.0000062,1.5905476,-0.007298134441144771,0.252026261218018,0.042614784730288874,2.4500097467923143,,2.4500097467923143
574,0,287,B[N94]_NiC_nit_1M KOH_ vs RHE B_05_CVA_C02.txt,312,0,312,1.0091687,1.6000259,-0.1825825634604743,0.1724895685911179,-0.015430235949256558,,-0.9482159943575296,-0.9482159943575296
575,0,287,B[N94]_NiC_nit_1M KOH_ vs RHE B_05_CVA_C02.txt,320,320,0,0.99997139,1.5900517,-0.01102281827479601,0.252790866102262,0.04222721975703191,2.4450766314379533,,2.4450766314379533
576,0,288,B[N94]_NiC_nit_1M KOH_ vs RHE B_05_CVA_C02.txt,313,0,313,1.0091038,1.5999534,-0.1831228707001853,0.1682060185981833,-0.014970661441815105,,-0.9527916893581908,-0.9527916893581908
577,0,288,B[N94]_NiC_nit_1M KOH_ vs RHE B_05_CVA_C02.txt,317,317,0,1.0000063,1.5897262,-0.009226318448781967,0.2533906067885194,0.04200578471562845,2.448345202633045,,2.448345202633045
578,0,289,B[N94]_NiC_nit_1M KOH_ vs RHE B_05_CVA_C02.txt,313,0,313,1.0091033,1.5999771,-0.183286025366284,0.1685932715949804,-0.014987030379548065,,-0.953954548161806,-0.953954548161806
579,0,289,B[N94]_NiC_nit_1M KOH_ vs RHE B_05_CVA_C02.txt,320,320,0,1.0000058,1.5901555,-0.007541188038885593,0.2538677072457078,0.042653308184761624,2.4572663492985396,,2.4572663492985396
580,0,290,B[N94]_NiC_nit_1M KOH_ vs RHE B_05_CVA_C02.txt,313,0,313,1.0091037,1.5999573,-0.1839769877092667,0.167806599451148,-0.015043471229010043,,-0.9570643066420735,-0.9570643066420735
581,0,290,B[N94]_NiC_nit_1M KOH_ vs RHE B_05_CVA_C02.txt,320,320,0,1.0000062,1.5895714,-0.009277230128645895,0.2550983398310978,0.042756666753805427,2.449495105754947,,2.449495105754947
582,0,291,B[N94]_NiC_nit_1M KOH_ vs RHE B_05_CVA_C02.txt,313,0,313,1.0090961,1.5999732,-0.1840717121584436,0.1678869251875168,-0.015051246121082579,,-0.9579731577275171,-0.9579731577275171
583,0,291,B[N94]_NiC_nit_1M KOH_ vs RHE B_05_CVA_C02.txt,320,320,0,0.99999869,1.5904592,-0.007807139104799091,0.2552286742300591,0.04289740898435964,2.470388085301084,,2.470388085301084
584,0,292,B[N94]_NiC_nit_1M KOH_ vs RHE B_05_CVA_C02.txt,313,0,313,1.0091028,1.5999653,-0.1838669713921961,0.1681267499275829,-0.01501807737718037,,-0.95589720241705,-0.95589720241705
585,0,292,B[N94]_NiC_nit_1M KOH_ vs RHE B_05_CVA_C02.txt,319,319,0,1.0000055,1.5905337,-0.00825711339712143,0.2556203225120424,0.04351520802712702,2.4889180142602645,,2.4889180142602645
586,0,293,B[N94]_NiC_nit_1M KOH_ vs RHE B_05_CVA_C02.txt,312,0,312,1.0091324,1.5999899,-0.1854460875272901,0.1703771008499735,-0.014772184360597093,,-0.9090420699797627,-0.9090420699797627
587,0,293,B[N94]_NiC_nit_1M KOH_ vs RHE B_05_CVA_C02.txt,317,317,0,1.0000219,1.5903378,-0.008216799376532441,0.2562905606880523,0.04346599445855929,2.508413013826374,,2.508413013826374
588,0,294,B[N94]_NiC_nit_1M KOH_ vs RHE B_05_CVA_C02.txt,312,0,312,1.0090995,1.5999763,-0.1847404185915531,0.1702225204143259,-0.014694892384407961,,-0.9044711143704851,-0.9044711143704851
589,0,294,B[N94]_NiC_nit_1M KOH_ vs RHE B_05_CVA_C02.txt,320,320,0,1.0000229,1.5904238,-0.007348778797313577,0.2557029525662795,0.04387765267101525,2.514036481254513,,2.514036481254513
590,0,295,B[N94]_NiC_nit_1M KOH_ vs RHE B_05_CVA_C02.txt,312,0,312,1.0091443,1.5999947,-0.18525644148413,0.1721374171751515,-0.014272173122644175,,-0.8797673504071974,-0.8797673504071974
591,0,295,B[N94]_NiC_nit_1M KOH_ vs RHE B_05_CVA_C02.txt,317,317,0,1.0000112,1.5909216,-0.007178909860991955,0.2564552088287937,0.04369635005516969,2.53438382294059,,2.53438382294059
592,0,296,B[N94]_NiC_nit_1M KOH_ vs RHE B_05_CVA_C02.txt,312,0,312,1.0091074,1.5999868,-0.185036397302762,0.1718130698127132,-0.014451524302328421,,-0.8903448799703758,-0.8903448799703758
593,0,296,B[N94]_NiC_nit_1M KOH_ vs RHE B_05_CVA_C02.txt,320,320,0,1.0000193,1.5904256,-0.007724783098739058,0.2563885055013424,0.04419801736741812,2.5259912896164223,,2.5259912896164223
594,0,297,B[N94]_NiC_nit_1M KOH_ vs RHE B_05_CVA_C02.txt,312,0,312,1.0091054,1.5999922,-0.1852822065633375,0.1737031824886799,-0.014391061314072928,,-0.8871065211340156,-0.8871065211340156
595,0,297,B[N94]_NiC_nit_1M KOH_ vs RHE B_05_CVA_C02.txt,321,321,0,1.0000149,1.5901053,-0.008738614327739924,0.2570031204009888,0.044347847326570246,2.531094653823229,,2.531094653823229
596,0,298,B[N94]_NiC_nit_1M KOH_ vs RHE B_05_CVA_C02.txt,313,0,313,1.0090998,1.599957,-0.1844609546500064,0.1746660325190295,-0.013893651536796241,,-0.8915601238121438,-0.8915601238121438
597,0,298,B[N94]_NiC_nit_1M KOH_ vs RHE B_05_CVA_C02.txt,320,320,0,1.0000025,1.5908835,-0.007960560731589794,0.2583050054877454,0.0437530271123479,2.5414767151301714,,2.5414767151301714
598,0,299,B[N94]_NiC_nit_1M KOH_ vs RHE B_05_CVA_C02.txt,312,0,312,1.00911,1.5999558,-0.1849032835385396,0.176446879687516,-0.014554466698945877,,-0.8970434109172368,-0.8970434109172368
599,0,299,B[N94]_NiC_nit_1M KOH_ vs RHE B_05_CVA_C02.txt,317,317,0,1.0000229,1.5910753,-0.00925798006355763,0.2584472021988511,0.044030727014409764,2.5541467997460963,,2.5541467997460963
600,0,300,B[N94]_NiC_nit_1M KOH_ vs RHE B_05_CVA_C02.txt,312,0,312,1.0090995,1.5999709,-0.1852041721064004,0.1769544776433553,-0.01449672470535743,,-0.8939320290196138,-0.8939320290196138
601,0,301,B[N94]_NiC_nit_1M KOH_ vs RHE B_05_CVA_C02.txt,323,323,0,0.99998367,1.591056,-0.0052593182772398,0.2650026683163529,0.04654674265167661,2.7458120510539876,,2.7458120510539876
602,0,301,B[N94]_NiC_nit_1M KOH_ vs RHE B_05_CVA_C02.txt,313,0,313,1.0091013,1.6000069,-0.1858957006047079,0.1894021704792976,-0.011192821856798024,,-0.7358458511247123,-0.7358458511247123
603,0,301,B[N94]_NiC_nit_1M KOH_ vs RHE B_05_CVA_C02.txt,319,319,0,1.0000039,1.5906236,-0.00857084896415472,0.2602545637597032,0.045188295847266996,2.6332667447596303,,2.6332667447596303
604,0,302,B[N94]_NiC_nit_1M KOH_ vs RHE B_05_CVA_C02.txt,313,0,313,1.0091019,1.6000229,-0.186167966459942,0.1890753812116125,-0.011395034069841065,,-0.7479594189094905,-0.7479594189094905
605,0,302,B[N94]_NiC_nit_1M KOH_ vs RHE B_05_CVA_C02.txt,319,319,0,1.0000044,1.5902443,-0.01059835311025381,0.2610712110852402,0.04529327518248488,2.626577187823118,,2.626577187823118
606,0,303,B[N94]_NiC_nit_1M KOH_ vs RHE B_05_CVA_C02.txt,313,0,313,1.0091006,1.5999616,-0.1863112263875031,0.189950863304345,-0.011524632974668296,,-0.7554244304219087,-0.7554244304219087
607,0,303,B[N94]_NiC_nit_1M KOH_ vs RHE B_05_CVA_C02.txt,320,320,0,1.0000031,1.591338,-0.007727923580323898,0.2614090169862144,0.045883408979586704,2.6471242841175555,,2.6471242841175555
608,0,304,B[N94]_NiC_nit_1M KOH_ vs RHE B_05_CVA_C02.txt,312,0,312,1.0091054,1.5999887,-0.1872532919375485,0.190386217832565,-0.01213290839913798,,-0.7563077417021857,-0.7563077417021857
609,0,304,B[N94]_NiC_nit_1M KOH_ vs RHE B_05_CVA_C02.txt,316,316,0,1.0000221,1.5901192,-0.007865327759645907,0.2618634666813815,0.045507473618445496,2.6316853029487177,,2.6316853029487177
610,0,305,B[N94]_NiC_nit_1M KOH_ vs RHE B_05_CVA_C02.txt,313,0,313,1.0091035,1.6000186,-0.1870171198132615,0.1925315293280974,-0.011569658165315634,,-0.7596105279296306,-0.7596105279296306
611,0,305,B[N94]_NiC_nit_1M KOH_ vs RHE B_05_CVA_C02.txt,319,319,0,1.0000061,1.5909133,-0.008150839246809483,0.2627409085641638,0.04570411766232241,2.6446042047905376,,2.6446042047905376
612,0,306,B[N94]_NiC_nit_1M KOH_ vs RHE B_05_CVA_C02.txt,313,0,313,1.0091035,1.6000127,-0.1867168778245363,0.1934610993965808,-0.011544260291199485,,-0.7585810590938791,-0.7585810590938791
613,0,306,B[N94]_NiC_nit_1M KOH_ vs RHE B_05_CVA_C02.txt,319,319,0,1.0000061,1.5912184,-0.008040744811296463,0.2629781351934828,0.04562415228455123,2.6481486036651716,,2.6481486036651716
614,0,307,B[N94]_NiC_nit_1M KOH_ vs RHE B_05_CVA_C02.txt,313,0,313,1.0091007,1.6000186,-0.1868228863035246,0.1935584940340207,-0.011875538787206975,,-0.7783596402333044,-0.7783596402333044
615,0,307,B[N94]_NiC_nit_1M KOH_ vs RHE B_05_CVA_C02.txt,317,317,0,1.0000032,1.5906558,-0.007471185177564621,0.263289722022098,0.04509101937692398,2.6437543171892157,,2.6437543171892157
616,0,308,B[N94]_NiC_nit_1M KOH_ vs RHE B_05_CVA_C02.txt,313,0,313,1.0091039,1.5999573,-0.1870817331539594,0.1952871897298354,-0.011786276057353341,,-0.7731371414931969,-0.7731371414931969
617,0,308,B[N94]_NiC_nit_1M KOH_ vs RHE B_05_CVA_C02.txt,321,321,0,1.0000209,1.5908341,-0.007316544407506356,0.2648507717290833,0.04609089189850679,2.639887320473175,,2.639887320473175
618,0,309,B[N94]_NiC_nit_1M KOH_ vs RHE B_05_CVA_C02.txt,312,0,312,1.0091094,1.5999854,-0.1879045333461196,0.1934226336888969,-0.012776814427519474,,-0.7950443423578593,-0.7950443423578593
619,0,309,B[N94]_NiC_nit_1M KOH_ vs RHE B_05_CVA_C02.txt,315,315,0,1.0000119,1.5908419,-0.008095729226867361,0.2642105543696802,0.04520213178015036,2.6412374328993806,,2.6412374328993806
620,0,310,B[N94]_NiC_nit_1M KOH_ vs RHE B_05_CVA_C02.txt,312,0,312,1.0091034,1.5999823,-0.1881980996874697,0.196164834228429,-0.012932664751959018,,-0.8046949535329461,-0.8046949535329461
621,0,310,B[N94]_NiC_nit_1M KOH_ vs RHE B_05_CVA_C02.txt,320,320,0,1.0000175,1.5899342,-0.007238013625055013,0.2664255823953263,0.04596434474539326,2.6235745229033265,,2.6235745229033265
622,0,311,B[N94]_NiC_nit_1M KOH_ vs RHE B_05_CVA_C02.txt,312,0,312,1.0091074,1.5999815,-0.1880822833475184,0.1952960101120609,-0.012967867996979018,,-0.8067503284454491,-0.8067503284454491
623,0,311,B[N94]_NiC_nit_1M KOH_ vs RHE B_05_CVA_C02.txt,317,317,0,1.0000169,1.5898423,-0.007268880246261822,0.2657030242219298,0.04544374866391084,2.627803693150802,,2.627803693150802
624,0,312,B[N94]_NiC_nit_1M KOH_ vs RHE B_05_CVA_C02.txt,313,0,313,1.0090966,1.5999514,-0.1876614766624378,0.1960988870781399,-0.012428049920449066,,-0.8114063819406339,-0.8114063819406339
625,0,312,B[N94]_NiC_nit_1M KOH_ vs RHE B_05_CVA_C02.txt,319,319,0,0.99999917,1.5901303,-0.008450877852737904,0.2668687713976839,0.045431168390750655,2.6388534958994336,,2.6388534958994336
626,0,313,B[N94]_NiC_nit_1M KOH_ vs RHE B_05_CVA_C02.txt,312,0,312,1.0091054,1.5999814,-0.1886236729941402,0.1959910112268785,-0.013167659777485418,,-0.8185067559150241,-0.8185067559150241
627,0,313,B[N94]_NiC_nit_1M KOH_ vs RHE B_05_CVA_C02.txt,317,317,0,1.0000253,1.5906223,-0.008729156727592169,0.2688954247988078,0.04570198878244144,2.6468218699738073,,2.6468218699738073
628,0,314,B[N94]_NiC_nit_1M KOH_ vs RHE B_05_CVA_C02.txt,312,0,312,1.0091054,1.5999893,-0.1888125220585577,0.196126874287923,-0.01312071981631614,,-0.8158763113267247,-0.8158763113267247
629,0,314,B[N94]_NiC_nit_1M KOH_ vs RHE B_05_CVA_C02.txt,321,321,0,1.0000175,1.590428,-0.007738352753221989,0.268669704057884,0.04622970176779796,2.6465828123811965,,2.6465828123811965
630,0,315,B[N94]_NiC_nit_1M KOH_ vs RHE B_05_CVA_C02.txt,312,0,312,1.0091094,1.5999862,-0.1887797031405185,0.1952952704121991,-0.013205616130126403,,-0.8208807146630526,-0.8208807146630526
631,0,315,B[N94]_NiC_nit_1M KOH_ vs RHE B_05_CVA_C02.txt,317,317,0,1.0000197,1.5896384,-0.007274068749861556,0.2690381804456194,0.045557819662001585,2.632108572824587,,2.632108572824587
632,0,316,B[N94]_NiC_nit_1M KOH_ vs RHE B_05_CVA_C02.txt,312,0,312,1.0091074,1.5999651,-0.1888390520658736,0.1972603805008389,-0.013533642320734814,,-0.840404510256354,-0.840404510256354
633,0,316,B[N94]_NiC_nit_1M KOH_ vs RHE B_05_CVA_C02.txt,317,317,0,1.000029,1.590242,-0.007542626831032663,0.2688807279761032,0.04573193804416163,2.63631356161545,,2.63631356161545
634,0,317,B[N94]_NiC_nit_1M KOH_ vs RHE B_05_CVA_C02.txt,312,0,312,1.0091094,1.5999682,-0.1892190780850251,0.1960099279880523,-0.013577400929421267,,-0.8428476696390295,-0.8428476696390295
635,0,317,B[N94]_NiC_nit_1M KOH_ vs RHE B_05_CVA_C02.txt,318,318,0,1.0000151,1.591328,-0.007669075111081364,0.2706340763158659,0.04615041097749341,2.662668706433194,,2.662668706433194
636,0,318,B[N94]_NiC_nit_1M KOH_ vs RHE B_05_CVA_C02.txt,312,0,312,1.0091094,1.5999889,-0.189528873591545,0.1966389770309132,-0.013511802551754108,,-0.8391692286283258,-0.8391692286283258
637,0,318,B[N94]_NiC_nit_1M KOH_ vs RHE B_05_CVA_C02.txt,317,317,0,1.0000204,1.589836,-0.007338386586165847,0.2710021734267036,0.04577489184770719,2.64015500255252,,2.64015500255252
638,0,319,B[N94]_NiC_nit_1M KOH_ vs RHE B_05_CVA_C02.txt,312,0,312,1.0091074,1.5999665,-0.1893625276559889,0.1972642141144445,-0.013799733696433237,,-0.8563038193183224,-0.8563038193183224
639,0,319,B[N94]_NiC_nit_1M KOH_ vs RHE B_05_CVA_C02.txt,318,318,0,1.0000156,1.5913379,-0.007646901505615783,0.2720527964830538,0.046073297423375875,2.6593642548546588,,2.6593642548546588
640,0,320,B[N94]_NiC_nit_1M KOH_ vs RHE B_05_CVA_C02.txt,312,0,312,1.0091074,1.5999657,-0.1893012876566598,0.1969069009873921,-0.013938935270056603,,-0.8644239787311796,-0.8644239787311796
641,0,320,B[N94]_NiC_nit_1M KOH_ vs RHE B_05_CVA_C02.txt,317,317,0,1.0000255,1.5902323,-0.008238174863869234,0.2720986225083033,0.04589222857895061,2.6406094286585584,,2.6406094286585584
642,0,321,B[N94]_NiC_nit_1M KOH_ vs RHE B_05_CVA_C02.txt,312,0,312,1.0091074,1.5999796,-0.1898338891834763,0.1964056176297805,-0.014047782824708163,,-0.8708264782594101,-0.8708264782594101
643,0,321,B[N94]_NiC_nit_1M KOH_ vs RHE B_05_CVA_C02.txt,317,317,0,1.0000174,1.5902283,-0.00784301837248838,0.2721814863964296,0.0460866106832102,2.6468287886789716,,2.6468287886789716
644,0,322,B[N94]_NiC_nit_1M KOH_ vs RHE B_05_CVA_C02.txt,312,0,312,1.0091094,1.5999682,-0.1894060752855085,0.1966644711792469,-0.013920206805083457,,-0.8632894683813815,-0.8632894683813815
645,0,322,B[N94]_NiC_nit_1M KOH_ vs RHE B_05_CVA_C02.txt,316,316,0,1.0000317,1.5897342,-0.008154453951865454,0.2729887283995005,0.04598105917775204,2.6392379537934962,,2.6392379537934962
646,0,323,B[N94]_NiC_nit_1M KOH_ vs RHE B_05_CVA_C02.txt,312,0,312,1.0091114,1.5999688,-0.1901294465451606,0.196211342513561,-0.014109479377470934,,-0.8744396394678999,-0.8744396394678999
647,0,323,B[N94]_NiC_nit_1M KOH_ vs RHE B_05_CVA_C02.txt,318,318,0,1.0000192,1.5901638,-0.007457048840242994,0.2735921153607887,0.04675584321792087,2.6513242662205503,,2.6513242662205503
648,0,324,B[N94]_NiC_nit_1M KOH_ vs RHE B_05_CVA_C02.txt,313,0,313,1.0091027,1.5999651,-0.1898905850082366,0.1968938546336215,-0.013502153084009792,,-0.8753917465058348,-0.8753917465058348
649,0,324,B[N94]_NiC_nit_1M KOH_ vs RHE B_05_CVA_C02.txt,319,319,0,1.0000052,1.5900322,-0.01010706834495068,0.274865326104945,0.04586564275348741,2.653768779177281,,2.653768779177281
650,0,325,B[N94]_NiC_nit_1M KOH_ vs RHE B_05_CVA_C02.txt,312,0,312,1.0091094,1.5999838,-0.1904395286605158,0.1952372058294714,-0.014188065473392415,,-0.8790355796243557,-0.8790355796243557
651,0,325,B[N94]_NiC_nit_1M KOH_ vs RHE B_05_CVA_C02.txt,317,317,0,1.0000144,1.5896342,-0.008597258711233735,0.2744914041366062,0.045809574960787046,2.641783229974735,,2.641783229974735
652,0,326,B[N94]_NiC_nit_1M KOH_ vs RHE B_05_CVA_C02.txt,312,0,312,1.0091054,1.5999739,-0.1903303622024479,0.1963129953758137,-0.014365280054280451,,-0.8896524486987684,-0.8896524486987684
653,0,326,B[N94]_NiC_nit_1M KOH_ vs RHE B_05_CVA_C02.txt,317,317,0,1.0000267,1.5898658,-0.008378893877802926,0.2751599303813674,0.04661624289239035,2.653609237241599,,2.653609237241599
654,0,327,B[N94]_NiC_nit_1M KOH_ vs RHE B_05_CVA_C02.txt,313,0,313,1.0090954,1.5999751,-0.190318663828581,0.1970117312410595,-0.013652309586325915,,-0.8849512709358212,-0.8849512709358212
655,0,327,B[N94]_NiC_nit_1M KOH_ vs RHE B_05_CVA_C02.txt,320,320,0,0.99999809,1.5909339,-0.009340867400169373,0.2758413275008047,0.04643611145934558,2.6647804212587167,,2.6647804212587167
656,0,328,B[N94]_NiC_nit_1M KOH_ vs RHE B_05_CVA_C02.txt,313,0,313,1.0091026,1.5999514,-0.1905136837980309,0.1965169942249423,-0.01396436714083166,,-0.9032812886524817,-0.9032812886524817
657,0,328,B[N94]_NiC_nit_1M KOH_ vs RHE B_05_CVA_C02.txt,319,319,0,1.0000051,1.5897243,-0.01003897655755281,0.2758843880796247,0.04560174251793807,2.645134014472537,,2.645134014472537
658,0,329,B[N94]_NiC_nit_1M KOH_ vs RHE B_05_CVA_C02.txt,312,0,312,1.0091094,1.5999936,-0.1912966370567898,0.1943338585120657,-0.014628943886813142,,-0.9049854822615914,-0.9049854822615914
659,0,329,B[N94]_NiC_nit_1M KOH_ vs RHE B_05_CVA_C02.txt,317,317,0,1.0000138,1.5908262,-0.008327354153152555,0.2759838713908388,0.04576474544764487,2.6594924058191904,,2.6594924058191904
660,0,330,B[N94]_NiC_nit_1M KOH_ vs RHE B_05_CVA_C02.txt,312,0,312,1.0091054,1.599987,-0.1913979659752343,0.1952211650148517,-0.014715906943015273,,-0.910280825307924,-0.910280825307924
661,0,330,B[N94]_NiC_nit_1M KOH_ vs RHE B_05_CVA_C02.txt,317,317,0,1.000015,1.5898263,-0.007819903879285231,0.2771703273727995,0.04619080425263016,2.651327268040532,,2.651327268040532
662,0,331,B[N94]_NiC_nit_1M KOH_ vs RHE B_05_CVA_C02.txt,312,0,312,1.009137,1.5999881,-0.1916300673261604,0.1957916955153149,-0.01479653709868729,,-0.9150950373380359,-0.9150950373380359
663,0,331,B[N94]_NiC_nit_1M KOH_ vs RHE B_05_CVA_C02.txt,317,317,0,1.0000196,1.5902205,-0.008544187992811203,0.2779990770315388,0.04624471676312678,2.665967662953602,,2.665967662953602
664,0,332,B[N94]_NiC_nit_1M KOH_ vs RHE B_05_CVA_C02.txt,312,0,312,1.0091395,1.5999922,-0.1916503711046538,0.1943795553275518,-0.014836189466279487,,-0.9173104829463696,-0.9173104829463696
665,0,332,B[N94]_NiC_nit_1M KOH_ vs RHE B_05_CVA_C02.txt,318,318,0,1.0000099,1.5913419,-0.008757536133219085,0.2776949955649544,0.04592543080945241,2.672576534633513,,2.672576534633513
666,0,333,B[N94]_NiC_nit_1M KOH_ vs RHE B_05_CVA_C02.txt,312,0,312,1.0091074,1.5999767,-0.1916608720455653,0.1946213535136647,-0.01499748860031398,,-0.92692514319974,-0.92692514319974
667,0,333,B[N94]_NiC_nit_1M KOH_ vs RHE B_05_CVA_C02.txt,321,321,0,1.0000281,1.5912416,-0.008566367399433384,0.2783743836421584,0.04682986674354628,2.677537246134086,,2.677537246134086
668,0,334,B[N94]_NiC_nit_1M KOH_ vs RHE B_05_CVA_C02.txt,312,0,312,1.0091054,1.5999691,-0.1913486830517734,0.1960899539291859,-0.01497509877490472,,-0.9255699961383826,-0.9255699961383826
669,0,334,B[N94]_NiC_nit_1M KOH_ vs RHE B_05_CVA_C02.txt,318,318,0,1.0000191,1.5913299,-0.007697701764603465,0.2796607079660309,0.04658390409337688,2.6846173219532328,,2.6846173219532328
670,0,335,B[N94]_NiC_nit_1M KOH_ vs RHE B_05_CVA_C02.txt,312,0,312,1.0091094,1.5999808,-0.192264399451803,0.194847142871688,-0.01501749082625329,,-0.9281187657041657,-0.9281187657041657
671,0,335,B[N94]_NiC_nit_1M KOH_ vs RHE B_05_CVA_C02.txt,316,316,0,1.000028,1.5897225,-0.008584047060297889,0.280096745171706,0.046260921126641895,2.6639107463953384,,2.6639107463953384
672,0,336,B[N94]_NiC_nit_1M KOH_ vs RHE B_05_CVA_C02.txt,312,0,312,1.0091094,1.5999923,-0.1924873531973637,0.1947850334857191,-0.014967037959402999,,-0.9251936135073644,-0.9251936135073644
673,0,336,B[N94]_NiC_nit_1M KOH_ vs RHE B_05_CVA_C02.txt,317,317,0,1.0000219,1.5900304,-0.007744323034356192,0.2801595320238933,0.04647233087546772,2.669426780174376,,2.669426780174376
674,0,337,B[N94]_NiC_nit_1M KOH_ vs RHE B_05_CVA_C02.txt,312,0,312,1.0091094,1.5999848,-0.1923541023993711,0.1954997256398201,-0.01518211896940607,,-0.9380263314769047,-0.9380263314769047
675,0,337,B[N94]_NiC_nit_1M KOH_ vs RHE B_05_CVA_C02.txt,321,321,0,1.0000224,1.590832,-0.009186577890068291,0.2809018749447207,0.04651533636094558,2.677420204048313,,2.677420204048313
676,0,338,B[N94]_NiC_nit_1M KOH_ vs RHE B_05_CVA_C02.txt,312,0,312,1.0091074,1.5999842,-0.1922783606479843,0.1939098876900971,-0.015260026473818984,,-0.9424067035764391,-0.9424067035764391
677,0,338,B[N94]_NiC_nit_1M KOH_ vs RHE B_05_CVA_C02.txt,317,317,0,1.0000259,1.5900205,-0.008657657710666011,0.2809671090656738,0.046011517875704656,2.66357084363371,,2.66357084363371
678,0,339,B[N94]_NiC_nit_1M KOH_ vs RHE B_05_CVA_C02.txt,312,0,312,1.0091513,1.6000031,-0.193055934562965,0.193238634130229,-0.015432219702973399,,-0.9524047268341392,-0.9524047268341392
679,0,339,B[N94]_NiC_nit_1M KOH_ vs RHE B_05_CVA_C02.txt,319,319,0,0.99995363,1.5897304,-0.01165983360260725,0.2828307996318347,0.04607462063737268,2.6672488250472215,,2.6672488250472215
680,0,340,B[N94]_NiC_nit_1M KOH_ vs RHE B_05_CVA_C02.txt,312,0,312,1.0091438,1.5999895,-0.1928920800070344,0.1950999225179355,-0.01537873576255523,,-0.9493583144883581,-0.9493583144883581
681,0,340,B[N94]_NiC_nit_1M KOH_ vs RHE B_05_CVA_C02.txt,317,317,0,1.0000185,1.5900344,-0.007957299070988466,0.2821779161756997,0.04608582089769577,2.672886601769643,,2.672886601769643
682,0,341,B[N94]_NiC_nit_1M KOH_ vs RHE B_05_CVA_C02.txt,312,0,312,1.0091094,1.599986,-0.1929609408441388,0.1936855537276112,-0.01538504322436661,,-0.9497297481602346,-0.9497297481602346
683,0,341,B[N94]_NiC_nit_1M KOH_ vs RHE B_05_CVA_C02.txt,317,317,0,1.0000288,1.5906421,-0.008858935705021678,0.2828022549618728,0.04641609177717299,2.6892246512991806,,2.6892246512991806
684,0,342,B[N94]_NiC_nit_1M KOH_ vs RHE B_05_CVA_C02.txt,312,0,312,1.0091074,1.5999752,-0.1928261788596806,0.1951861965495186,-0.01550597224599728,,-0.9569242976339538,-0.9569242976339538
685,0,342,B[N94]_NiC_nit_1M KOH_ vs RHE B_05_CVA_C02.txt,317,317,0,1.0000231,1.5906283,-0.007785205868873504,0.2830384301742397,0.046398650655996465,2.6854753201996107,,2.6854753201996107
686,0,343,B[N94]_NiC_nit_1M KOH_ vs RHE B_05_CVA_C02.txt,312,0,312,1.0091463,1.5999959,-0.1933864675577093,0.1929829355615831,-0.015568830027206233,,-0.9603711439098085,-0.9603711439098085
687,0,343,B[N94]_NiC_nit_1M KOH_ vs RHE B_05_CVA_C02.txt,318,318,0,1.000015,1.5901459,-0.008331132761668414,0.2839865070673029,0.046389468306430495,2.67631415973188,,2.67631415973188
688,0,344,B[N94]_NiC_nit_1M KOH_ vs RHE B_05_CVA_C02.txt,312,0,312,1.0091153,1.5999925,-0.193320312105167,0.1941834102783885,-0.015722975012859314,,-0.9696376455875368,-0.9696376455875368
689,0,344,B[N94]_NiC_nit_1M KOH_ vs RHE B_05_CVA_C02.txt,316,316,0,1.0000317,1.5895267,-0.008291224110871555,0.2844221890086441,0.046316813995268276,2.67101876117019,,2.67101876117019
690,0,345,B[N94]_NiC_nit_1M KOH_ vs RHE B_05_CVA_C02.txt,312,0,312,1.0091114,1.5999852,-0.1930812057590234,0.193987051025033,-0.01580130501704534,,-0.9743041017435862,-0.9743041017435862
691,0,345,B[N94]_NiC_nit_1M KOH_ vs RHE B_05_CVA_C02.txt,318,318,0,1.0000215,1.5913597,-0.007809964800463504,0.2848531383921245,0.046839585367591474,2.697277603128194,,2.697277603128194
692,0,346,B[N94]_NiC_nit_1M KOH_ vs RHE B_05_CVA_C02.txt,313,0,313,1.0091,1.5999653,-0.1950257417134537,0.1943311843535175,-0.015278270309566855,,-0.9801189919817809,-0.9801189919817809
693,0,346,B[N94]_NiC_nit_1M KOH_ vs RHE B_05_CVA_C02.txt,320,320,0,1.0000026,1.5913399,-0.009062769822776318,0.2856069843631919,0.046511233584157194,2.6982483860053104,,2.6982483860053104
694,0,347,B[N94]_NiC_nit_1M KOH_ vs RHE B_05_CVA_C02.txt,312,0,312,1.0091054,1.5999769,-0.193357079375903,0.194212642394834,-0.015900918788234183,,-0.9802173597169299,-0.9802173597169299
695,0,347,B[N94]_NiC_nit_1M KOH_ vs RHE B_05_CVA_C02.txt,320,320,0,1.0000257,1.59113,-0.008785800839012314,0.2861759742014431,0.04734504938402355,2.7131057461975274,,2.7131057461975274
696,0,348,B[N94]_NiC_nit_1M KOH_ vs RHE B_05_CVA_C02.txt,312,0,312,1.0091133,1.5999917,-0.1938449972673566,0.192958983459643,-0.015896575520720237,,-0.9798340400311184,-0.9798340400311184
697,0,348,B[N94]_NiC_nit_1M KOH_ vs RHE B_05_CVA_C02.txt,317,317,0,1.0000194,1.5912281,-0.008092858518163382,0.2861748350310096,0.04686684534788476,2.7118032620090515,,2.7118032620090515
698,0,349,B[N94]_NiC_nit_1M KOH_ vs RHE B_05_CVA_C02.txt,312,0,312,1.0091114,1.5999932,-0.1941846668690159,0.1929389940840855,-0.015807540668748288,,-0.9745354170329751,-0.9745354170329751
699,0,349,B[N94]_NiC_nit_1M KOH_ vs RHE B_05_CVA_C02.txt,316,316,0,1.0000236,1.5895255,-0.009525872456530748,0.2881062825609684,0.04680047443178217,2.6917788428532665,,2.6917788428532665
700,0,350,B[N94]_NiC_nit_1M KOH_ vs RHE B_05_CVA_C02.txt,312,0,312,1.0091114,1.5999752,-0.1942011536678061,0.1952205912486927,-0.015779377221302193,,-0.9731214835687827,-0.9731214835687827
701,0,350,B[N94]_NiC_nit_1M KOH_ vs RHE B_05_CVA_C02.txt,321,321,0,1.0000169,1.590628,-0.008083776789757899,0.2878773236365435,0.047365888458187316,2.7210837599992788,,2.7210837599992788
702,0,351,B[N94]_NiC_nit_1M KOH_ vs RHE B_05_CVA_C02.txt,312,0,312,1.0091114,1.5999901,-0.1947148660986051,0.1942926110892458,-0.015862441460550592,,-0.9780242384152292,-0.9780242384152292
703,0,351,B[N94]_NiC_nit_1M KOH_ vs RHE B_05_CVA_C02.txt,317,317,0,1.0000246,1.5906303,-0.007821628782645921,0.288316905168983,0.04713095984787221,2.722524609328185,,2.722524609328185
704,0,352,B[N94]_NiC_nit_1M KOH_ vs RHE B_05_CVA_C02.txt,312,0,312,1.0091094,1.5999836,-0.1950145258844906,0.1950940117239952,-0.01582245741605235,,-0.9757374746580108,-0.9757374746580108
705,0,352,B[N94]_NiC_nit_1M KOH_ vs RHE B_05_CVA_C02.txt,320,320,0,1.000017,1.5897286,-0.00810200341531736,0.2902105999650706,0.04752875220012338,2.709440189261175,,2.709440189261175
706,0,353,B[N94]_NiC_nit_1M KOH_ vs RHE B_05_CVA_C02.txt,312,0,312,1.0091114,1.5999879,-0.1948851603642914,0.1943326070904723,-0.01605173032999753,,-0.9892296345813646,-0.9892296345813646
707,0,353,B[N94]_NiC_nit_1M KOH_ vs RHE B_05_CVA_C02.txt,321,321,0,1.0000246,1.5908341,-0.008976283571904616,0.2912142805218241,0.04748116974589225,2.727093931809442,,2.727093931809442
708,0,354,B[N94]_NiC_nit_1M KOH_ vs RHE B_05_CVA_C02.txt,312,0,312,1.0091074,1.5999814,-0.1949861118881149,0.1948748489513115,-0.015954694760150972,,-0.9835827683222741,-0.9835827683222741
709,0,354,B[N94]_NiC_nit_1M KOH_ vs RHE B_05_CVA_C02.txt,317,317,0,1.0000232,1.5906222,-0.007926074827539941,0.2914046095342901,0.04744065104074316,2.7333456193049535,,2.7333456193049535
710,0,355,B[N94]_NiC_nit_1M KOH_ vs RHE B_05_CVA_C02.txt,312,0,312,1.0091428,1.6000029,-0.1954424888948001,0.194523913056954,-0.01600909660134242,,-0.9867548856258732,-0.9867548856258732
711,0,355,B[N94]_NiC_nit_1M KOH_ vs RHE B_05_CVA_C02.txt,317,317,0,1.0000145,1.5900303,-0.008534615044482052,0.2919414894419772,0.04707372588194088,2.719834147610649,,2.719834147610649
712,0,356,B[N94]_NiC_nit_1M KOH_ vs RHE B_05_CVA_C02.txt,312,0,312,1.0091133,1.5999888,-0.1952807196302935,0.1945002004504195,-0.016182107208939273,,-0.9970263053325021,-0.9970263053325021
713,0,356,B[N94]_NiC_nit_1M KOH_ vs RHE B_05_CVA_C02.txt,320,320,0,1.0000296,1.5909262,-0.008936529338825522,0.2919034569640182,0.04790491882303264,2.739280644918619,,2.739280644918619
714,0,357,B[N94]_NiC_nit_1M KOH_ vs RHE B_05_CVA_C02.txt,312,0,312,1.0091094,1.5999886,-0.1952497580799086,0.1942203983664514,-0.01606023741804345,,-0.9897199267429437,-0.9897199267429437
715,0,357,B[N94]_NiC_nit_1M KOH_ vs RHE B_05_CVA_C02.txt,317,317,0,1.0000153,1.5906184,-0.008663481858093292,0.2924656564218614,0.04741265107055615,2.7364690618870555,,2.7364690618870555
716,0,358,B[N94]_NiC_nit_1M KOH_ vs RHE B_05_CVA_C02.txt,312,0,312,1.0091153,1.5999999,-0.1956112603585387,0.1930594077954684,-0.016169813973271826,,-0.996098433663723,-0.996098433663723
717,0,358,B[N94]_NiC_nit_1M KOH_ vs RHE B_05_CVA_C02.txt,317,317,0,1.0000149,1.5902243,-0.008215247658591465,0.2926240288615807,0.047222650124477926,2.737441620493913,,2.737441620493913
718,0,359,B[N94]_NiC_nit_1M KOH_ vs RHE B_05_CVA_C02.txt,312,0,312,1.0091566,1.6000016,-0.1956038130502318,0.1942438807176508,-0.01618042144173062,,-0.9967868950697244,-0.9967868950697244
719,0,359,B[N94]_NiC_nit_1M KOH_ vs RHE B_05_CVA_C02.txt,320,320,0,0.99995983,1.5903403,-0.01261567417532206,0.2917989539140313,0.047031063776031085,2.727058356040619,,2.727058356040619
720,0,360,B[N94]_NiC_nit_1M KOH_ vs RHE B_05_CVA_C02.txt,313,0,313,1.0090996,1.5999534,-0.1972050596475512,0.1945211339903912,-0.015797094064032215,,-1.0109917614881596,-1.0109917614881596
721,0,360,B[N94]_NiC_nit_1M KOH_ vs RHE B_05_CVA_C02.txt,319,319,0,1.0000021,1.5908164,-0.009594147093594074,0.291819544818394,0.047010153982149666,2.7357191704095607,,2.7357191704095607
722,0,361,B[N94]_NiC_nit_1M KOH_ vs RHE B_05_CVA_C02.txt,313,0,313,1.0090997,1.6000166,-0.1973449236972415,0.1953220519682635,-0.015861247248322566,,-1.0151201473114515,-1.0151201473114515
723,0,361,B[N94]_NiC_nit_1M KOH_ vs RHE B_05_CVA_C02.txt,320,320,0,1.0000023,1.589758,-0.008258386515080929,0.2922475729456915,0.04714482172064989,2.717557382428311,,2.717557382428311
724,0,362,B[N94]_NiC_nit_1M KOH_ vs RHE B_05_CVA_C02.txt,313,0,313,1.0091013,1.5999733,-0.1971878032231231,0.194179005920887,-0.015817682419949398,,-1.012796834042785,-1.012796834042785
725,0,362,B[N94]_NiC_nit_1M KOH_ vs RHE B_05_CVA_C02.txt,316,316,0,1.0000039,1.5902324,-0.00910031609237194,0.2930367939985876,0.04705417715192221,2.7342549297264376,,2.7342549297264376
726,0,363,B[N94]_NiC_nit_1M KOH_ vs RHE B_05_CVA_C02.txt,312,0,312,1.0091094,1.5999773,-0.1955202484275498,0.1934109363290999,-0.016523854232764708,,-1.017135066715914,-1.017135066715914
727,0,363,B[N94]_NiC_nit_1M KOH_ vs RHE B_05_CVA_C02.txt,317,317,0,1.0000221,1.5912241,-0.007948335549035263,0.2936533469438158,0.047880444696549056,2.7704467550836447,,2.7704467550836447
728,0,364,B[N94]_NiC_nit_1M KOH_ vs RHE B_05_CVA_C02.txt,312,0,312,1.0091444,1.5999941,-0.1951351699885713,0.1950447493129306,-0.01611931285035672,,-0.9933683460125878,-0.9933683460125878
729,0,364,B[N94]_NiC_nit_1M KOH_ vs RHE B_05_CVA_C02.txt,317,317,0,1.0000237,1.5910162,-0.008951404264995036,0.29388622244067,0.04791028217151595,2.759539209547268,,2.759539209547268
730,0,365,B[N94]_NiC_nit_1M KOH_ vs RHE B_05_CVA_C02.txt,312,0,312,1.0091494,1.5999994,-0.1950600403054614,0.1941253441572188,-0.016104817877148018,,-0.9923996124070434,-0.9923996124070434
731,0,365,B[N94]_NiC_nit_1M KOH_ vs RHE B_05_CVA_C02.txt,319,319,0,0.9999516,1.5903183,-0.009783786721527576,0.2947713489522403,0.04767174313101967,2.763454484003792,,2.763454484003792
732,0,366,B[N94]_NiC_nit_1M KOH_ vs RHE B_05_CVA_C02.txt,312,0,312,1.0091441,1.5999953,-0.1951245902804466,0.1957596474223662,-0.015923542115951636,,-0.9818476252205768,-0.9818476252205768
733,0,366,B[N94]_NiC_nit_1M KOH_ vs RHE B_05_CVA_C02.txt,316,316,0,1.0000194,1.5897106,-0.008247321419831779,0.2940607413317826,0.047769538784058395,2.7471237969158024,,2.7471237969158024
734,0,367,B[N94]_NiC_nit_1M KOH_ vs RHE B_05_CVA_C02.txt,312,0,312,1.0091094,1.5999852,-0.1950717852177536,0.1968817343004048,-0.016171113693477786,,-0.9967175823591317,-0.9967175823591317
735,0,367,B[N94]_NiC_nit_1M KOH_ vs RHE B_05_CVA_C02.txt,317,317,0,1.0000265,1.5906221,-0.009574680398641663,0.2950693149819772,0.04817823026057659,2.763284612120331,,2.763284612120331
736,0,368,B[N94]_NiC_nit_1M KOH_ vs RHE B_05_CVA_C02.txt,312,0,312,1.0091274,1.5999973,-0.1953534564754507,0.1959958729835658,-0.016124241087288087,,-0.9938469727887812,-0.9938469727887812
737,0,368,B[N94]_NiC_nit_1M KOH_ vs RHE B_05_CVA_C02.txt,320,320,0,1.0000269,1.5901538,-0.008988285712389799,0.2949052721888001,0.04839325666874335,2.7652697327082514,,2.7652697327082514
738,0,369,B[N94]_NiC_nit_1M KOH_ vs RHE B_05_CVA_C02.txt,313,0,313,1.0091019,1.5999613,-0.1968458956015775,0.1980319223974063,-0.015413229999051968,,-0.9894775782754869,-0.9894775782754869
739,0,369,B[N94]_NiC_nit_1M KOH_ vs RHE B_05_CVA_C02.txt,319,319,0,1.0000044,1.5907358,-0.00901816905800093,0.2964258273121141,0.04824361904295354,2.7875488129833847,,2.7875488129833847
740,0,370,B[N94]_NiC_nit_1M KOH_ vs RHE B_05_CVA_C02.txt,312,0,312,1.0091115,1.5999591,-0.1971346811997612,0.1982217209206683,-0.016062672715900488,,-0.9904216436571358,-0.9904216436571358
741,0,370,B[N94]_NiC_nit_1M KOH_ vs RHE B_05_CVA_C02.txt,318,318,0,1.0000138,1.5896144,-0.01034761965274811,0.2952062759964547,0.04781405948582815,2.7624860020130817,,2.7624860020130817
742,0,371,B[N94]_NiC_nit_1M KOH_ vs RHE B_05_CVA_C02.txt,312,0,312,1.0091094,1.5999858,-0.1956105876998007,0.1967830398390369,-0.016228311529074946,,-1.0001987100922827,-1.0001987100922827
743,0,371,B[N94]_NiC_nit_1M KOH_ vs RHE B_05_CVA_C02.txt,316,316,0,1.0000252,1.5901102,-0.009159833858055744,0.2969722489780877,0.048251997249224035,2.7828996974992597,,2.7828996974992597
744,0,372,B[N94]_NiC_nit_1M KOH_ vs RHE B_05_CVA_C02.txt,312,0,312,1.0091094,1.5999856,-0.1958034414580774,0.1981931996922341,-0.016099832563809834,,-0.9926877114550545,-0.9926877114550545
745,0,372,B[N94]_NiC_nit_1M KOH_ vs RHE B_05_CVA_C02.txt,317,317,0,1.000018,1.58983,-0.00816649243124773,0.2973729275773209,0.04775318990989343,2.773855888032012,,2.773855888032012
746,0,373,B[N94]_NiC_nit_1M KOH_ vs RHE B_05_CVA_C02.txt,312,0,312,1.0091174,1.5999644,-0.197389072306319,0.1994655476439564,-0.016223446246434542,,-1.0001890675127878,-1.0001890675127878
747,0,373,B[N94]_NiC_nit_1M KOH_ vs RHE B_05_CVA_C02.txt,317,317,0,1.0000197,1.590824,-0.009303355442458083,0.298377934789362,0.048666759010720616,2.7947221551122707,,2.7947221551122707
748,0,374,B[N94]_NiC_nit_1M KOH_ vs RHE B_05_CVA_C02.txt,312,0,312,1.0090773,1.5999728,-0.1960046088610694,0.1996121355577518,-0.016230647589493555,,-1.000759181209728,-1.000759181209728
749,0,374,B[N94]_NiC_nit_1M KOH_ vs RHE B_05_CVA_C02.txt,317,317,0,1.0000193,1.5906141,-0.008181681285474474,0.2985423306660779,0.0481252880572418,2.789773937425903,,2.789773937425903
750,0,375,B[N94]_NiC_nit_1M KOH_ vs RHE B_05_CVA_C02.txt,312,0,312,1.0091094,1.5999819,-0.1962579643587559,0.1991712229721472,-0.016353909705942405,,-1.0079752810708402,-1.0079752810708402
751,0,375,B[N94]_NiC_nit_1M KOH_ vs RHE B_05_CVA_C02.txt,318,318,0,1.0000247,1.5912966,-0.009545994878170035,0.2986501463291891,0.04846806932801222,2.8016805418878743,,2.8016805418878743
752,0,376,B[N94]_NiC_nit_1M KOH_ vs RHE B_05_CVA_C02.txt,312,0,312,1.0091054,1.5999656,-0.197996672547448,0.1995790509915931,-0.01647904755530518,,-1.01541955327569,-1.01541955327569
753,0,376,B[N94]_NiC_nit_1M KOH_ vs RHE B_05_CVA_C02.txt,320,320,0,1.0000212,1.589728,-0.008510259200671791,0.2993407854784678,0.048492938466245944,2.7875327747550993,,2.7875327747550993
754,0,377,B[N94]_NiC_nit_1M KOH_ vs RHE B_05_CVA_C02.txt,312,0,312,1.0091054,1.5999596,-0.197745852529235,0.1998776834119447,-0.016289977716897473,,-1.0042627720491364,-1.0042627720491364
755,0,377,B[N94]_NiC_nit_1M KOH_ vs RHE B_05_CVA_C02.txt,320,320,0,1.0000278,1.5905161,-0.009208666970548424,0.2999862102553901,0.048848761903712304,2.800062823987153,,2.800062823987153
756,0,378,B[N94]_NiC_nit_1M KOH_ vs RHE B_05_CVA_C02.txt,312,0,312,1.0091133,1.5999788,-0.1966603599135377,0.1998492453779492,-0.016375622626813396,,-1.0093519542244251,-1.0093519542244251
757,0,378,B[N94]_NiC_nit_1M KOH_ vs RHE B_05_CVA_C02.txt,320,320,0,1.0000259,1.5905141,-0.008133756643584178,0.2993328502508863,0.04885246130957306,2.7964870641055812,,2.7964870641055812
758,0,379,B[N94]_NiC_nit_1M KOH_ vs RHE B_05_CVA_C02.txt,312,0,312,1.0091094,1.5999755,-0.1967599830403777,0.1998533465572306,-0.016649951853822988,,-1.025626832338861,-1.025626832338861
759,0,379,B[N94]_NiC_nit_1M KOH_ vs RHE B_05_CVA_C02.txt,318,318,0,1.0000163,1.5907279,-0.009144376853809637,0.3006780072921922,0.04875768927960025,2.8003901247960625,,2.8003901247960625
760,0,380,B[N94]_NiC_nit_1M KOH_ vs RHE B_05_CVA_C02.txt,312,0,312,1.009106,1.5999541,-0.1990137904967932,0.1994330959117159,-0.016468049640246216,,-1.014670832302935,-1.014670832302935
761,0,380,B[N94]_NiC_nit_1M KOH_ vs RHE B_05_CVA_C02.txt,318,318,0,1.0000087,1.5902942,-0.008667606749045459,0.3011776810431956,0.049364505035527965,2.850886015362049,,2.850886015362049
762,0,381,B[N94]_NiC_nit_1M KOH_ vs RHE B_05_CVA_C02.txt,312,0,312,1.0091094,1.5999696,-0.1961853525579669,0.201725945640833,-0.014982102597396253,,-0.9271972929358657,-0.9271972929358657
763,0,381,B[N94]_NiC_nit_1M KOH_ vs RHE B_05_CVA_C02.txt,316,316,0,1.0000228,1.5895122,-0.007973426708238224,0.3020680568462057,0.04940487072112963,2.8576810292231483,,2.8576810292231483
764,0,382,B[N94]_NiC_nit_1M KOH_ vs RHE B_05_CVA_C02.txt,312,0,312,1.0091074,1.5999595,-0.1982533713939194,0.203036402000321,-0.014991372737776744,,-0.9279515876908218,-0.9279515876908218
765,0,382,B[N94]_NiC_nit_1M KOH_ vs RHE B_05_CVA_C02.txt,317,317,0,1.0000235,1.5901355,-0.008058622385533891,0.3021571387872961,0.04992947081120085,2.8712144885857107,,2.8712144885857107
766,0,383,B[N94]_NiC_nit_1M KOH_ vs RHE B_05_CVA_C02.txt,313,0,313,1.0090935,1.6000447,-0.1980318407820927,0.2124018520116806,-0.014221613731769101,,-0.924203261578035,-0.924203261578035
767,0,383,B[N94]_NiC_nit_1M KOH_ vs RHE B_05_CVA_C02.txt,320,320,0,0.99999607,1.5911864,-0.008617249965343798,0.3027753797730388,0.05008901968818615,2.889753258800692,,2.889753258800692
768,0,384,B[N94]_NiC_nit_1M KOH_ vs RHE B_05_CVA_C02.txt,313,0,313,1.0090977,1.6000369,-0.1979203908522571,0.209359809756279,-0.014336693092859744,,-0.9304360909739033,-0.9304360909739033
769,0,384,B[N94]_NiC_nit_1M KOH_ vs RHE B_05_CVA_C02.txt,316,316,0,1.0000002,1.5899277,-0.01034952886402607,0.3031455612494847,0.04916969586922539,2.8728818265884835,,2.8728818265884835
770,0,385,B[N94]_NiC_nit_1M KOH_ vs RHE B_05_CVA_C02.txt,313,0,313,1.0090989,1.6000289,-0.1977088385970918,0.2108230066040289,-0.014373931817392641,,-0.9325897562655748,-0.9325897562655748
771,0,385,B[N94]_NiC_nit_1M KOH_ vs RHE B_05_CVA_C02.txt,321,321,0,1.0000014,1.589606,-0.00896031316369772,0.303148298019394,0.05013624074870226,2.870401376994538,,2.870401376994538
772,0,386,B[N94]_NiC_nit_1M KOH_ vs RHE B_05_CVA_C02.txt,313,0,313,1.0091013,1.6000072,-0.1980774355151409,0.2112384340230458,-0.014430883189823917,,-0.9358299902442171,-0.9358299902442171
773,0,386,B[N94]_NiC_nit_1M KOH_ vs RHE B_05_CVA_C02.txt,318,318,0,1.0000039,1.5899,-0.01021588873118162,0.3031283533226317,0.04937273832094506,2.8702648779718265,,2.8702648779718265
774,0,387,B[N94]_NiC_nit_1M KOH_ vs RHE B_05_CVA_C02.txt,313,0,313,1.0090981,1.6000012,-0.1981256813276189,0.2106802265929133,-0.014638404663480799,,-0.9486887736733298,-0.9486887736733298
775,0,387,B[N94]_NiC_nit_1M KOH_ vs RHE B_05_CVA_C02.txt,319,319,0,1.0000007,1.5911056,-0.009160135872662067,0.3032642328503306,0.05011612440129893,2.8831402594961437,,2.8831402594961437
776,0,388,B[N94]_NiC_nit_1M KOH_ vs RHE B_05_CVA_C02.txt,313,0,313,1.0090574,1.6000071,-0.1981518216144176,0.211627789813539,-0.014668893986579392,,-0.9503596497916411,-0.9503596497916411
777,0,388,B[N94]_NiC_nit_1M KOH_ vs RHE B_05_CVA_C02.txt,316,316,0,1.0000315,1.5902998,-0.009937394371566672,0.3030371031770889,0.04951775487109422,2.8780944399374926,,2.8780944399374926
778,0,389,B[N94]_NiC_nit_1M KOH_ vs RHE B_05_CVA_C02.txt,313,0,313,1.0091013,1.6000012,-0.198609822692819,0.2118404274401451,-0.014811899502257381,,-0.958955193639586,-0.958955193639586
779,0,389,B[N94]_NiC_nit_1M KOH_ vs RHE B_05_CVA_C02.txt,318,318,0,1.0000039,1.5898159,-0.01172601617872715,0.3039484306185761,0.04966147343807204,2.8685252125413747,,2.8685252125413747
780,0,390,B[N94]_NiC_nit_1M KOH_ vs RHE B_05_CVA_C02.txt,313,0,313,1.0091009,1.6000248,-0.1984940027530748,0.2125696773114409,-0.014871061509815417,,-0.9630485579181046,-0.9630485579181046
781,0,390,B[N94]_NiC_nit_1M KOH_ vs RHE B_05_CVA_C02.txt,319,319,0,1.0000035,1.5910637,-0.009475143626332285,0.3059813430968745,0.0499385431485298,2.8878257013261397,,2.8878257013261397
782,0,391,B[N94]_NiC_nit_1M KOH_ vs RHE B_05_CVA_C02.txt,313,0,313,1.0090997,1.6000149,-0.1995644925152664,0.2113581448793411,-0.014922188618558143,,-0.9659965153798787,-0.9659965153798787
783,0,391,B[N94]_NiC_nit_1M KOH_ vs RHE B_05_CVA_C02.txt,319,319,0,1.0000023,1.5895826,-0.008632577024400234,0.3051496422904645,0.049538487914953334,2.8715894126123462,,2.8715894126123462
784,0,392,B[N94]_NiC_nit_1M KOH_ vs RHE B_05_CVA_C02.txt,313,0,313,1.0090966,1.6000328,-0.2001280374516758,0.2121241327295902,-0.014954410883284084,,-0.9681209185317968,-0.9681209185317968
785,0,392,B[N94]_NiC_nit_1M KOH_ vs RHE B_05_CVA_C02.txt,318,318,0,0.99999976,1.5902998,-0.008317833816956569,0.3051590983945962,0.049827905257360555,2.8732613255554225,,2.8732613255554225
786,0,393,B[N94]_NiC_nit_1M KOH_ vs RHE B_05_CVA_C02.txt,313,0,313,1.0090967,1.6000012,-0.2001600220433946,0.2125467152699176,-0.015055560403809436,,-0.973541523458666,-0.973541523458666
787,0,393,B[N94]_NiC_nit_1M KOH_ vs RHE B_05_CVA_C02.txt,322,322,0,0.9999994,1.5896139,-0.0097876051440835,0.3059609508750281,0.05023521919800557,2.8662812312228714,,2.8662812312228714
788,0,394,B[N94]_NiC_nit_1M KOH_ vs RHE B_05_CVA_C02.txt,313,0,313,1.0091004,1.6000149,-0.2002864567052143,0.2123352301881668,-0.015077219530818288,,-0.974990624347128,-0.974990624347128
789,0,394,B[N94]_NiC_nit_1M KOH_ vs RHE B_05_CVA_C02.txt,318,318,0,1.0000038,1.5899959,-0.009908517822623251,0.3063058266801497,0.04987591140884499,2.8722501199761856,,2.8722501199761856
790,0,395,B[N94]_NiC_nit_1M KOH_ vs RHE B_05_CVA_C02.txt,313,0,313,1.0091007,1.5999973,-0.200225214409687,0.2113829138486281,-0.015319364426841887,,-0.9891227682659156,-0.9891227682659156
791,0,395,B[N94]_NiC_nit_1M KOH_ vs RHE B_05_CVA_C02.txt,322,322,0,1.0000032,1.5907959,-0.008176446864564669,0.3064544522353945,0.05020259463232749,2.8889396273169936,,2.8889396273169936
792,0,396,B[N94]_NiC_nit_1M KOH_ vs RHE B_05_CVA_C02.txt,313,0,313,1.0091008,1.5999972,-0.2005394457098566,0.2124085014928943,-0.015179121374280936,,-0.9811574235950491,-0.9811574235950491
793,0,396,B[N94]_NiC_nit_1M KOH_ vs RHE B_05_CVA_C02.txt,318,318,0,1.0000033,1.5904999,-0.01028843689709902,0.306272860135739,0.049680731242714146,2.88552464237368,,2.88552464237368
794,0,397,B[N94]_NiC_nit_1M KOH_ vs RHE B_05_CVA_C02.txt,313,0,313,1.0091016,1.6000011,-0.2005412175185768,0.2113649151895354,-0.015414941606063718,,-0.9948818703119255,-0.9948818703119255
795,0,397,B[N94]_NiC_nit_1M KOH_ vs RHE B_05_CVA_C02.txt,318,318,0,1.0000036,1.5896099,-0.01126018725335598,0.3066967335963389,0.049657626482924426,2.8745058743276126,,2.8745058743276126
796,0,398,B[N94]_NiC_nit_1M KOH_ vs RHE B_05_CVA_C02.txt,313,0,313,1.0090994,1.6000268,-0.2007528097097975,0.2125043775076447,-0.015362616843485081,,-0.9923976365779521,-0.9923976365779521
797,0,398,B[N94]_NiC_nit_1M KOH_ vs RHE B_05_CVA_C02.txt,319,319,0,1.0000019,1.5905703,-0.009085042402148248,0.3075258340814999,0.049960284238670875,2.8919602543572487,,2.8919602543572487
798,0,399,B[N94]_NiC_nit_1M KOH_ vs RHE B_05_CVA_C02.txt,313,0,313,1.0091008,1.6000209,-0.2005985322704871,0.2131078631981556,-0.015513549438911102,,-1.001471937003647,-1.001471937003647
799,0,399,B[N94]_NiC_nit_1M KOH_ vs RHE B_05_CVA_C02.txt,319,319,0,1.0000033,1.5912558,-0.008893493562936783,0.30774060008905,0.05001501309367705,2.9083511713218435,,2.9083511713218435
800,0,400,B[N94]_NiC_nit_1M KOH_ vs RHE B_05_CVA_C02.txt,313,0,313,1.0091009,1.6000071,-0.2010860217232815,0.2137830111643542,-0.015501888834927043,,-1.0005493219638841,-1.0005493219638841
801,0,401,B[N94]_NiC_nit_1M KOH_ vs RHE B_05_CVA_C02.txt,324,324,0,0.99998367,1.5909439,-0.00324696039467632,0.3126519824817802,0.054058817021772815,3.1535898484879397,,3.1535898484879397
802,0,401,B[N94]_NiC_nit_1M KOH_ vs RHE B_05_CVA_C02.txt,313,0,313,1.0090984,1.599959,-0.2005225912676245,0.2259407088808389,-0.011794703094041615,,-0.7843899967242853,-0.7843899967242853
803,0,401,B[N94]_NiC_nit_1M KOH_ vs RHE B_05_CVA_C02.txt,317,317,0,1.0000011,1.5899696,-0.007679854056698702,0.3080530805994703,0.05185719845895903,3.0117336557975505,,3.0117336557975505
804,0,402,B[N94]_NiC_nit_1M KOH_ vs RHE B_05_CVA_C02.txt,313,0,313,1.0091015,1.5999708,-0.2008885530458784,0.2262537945871768,-0.012198582192251424,,-0.8087903377356719,-0.8087903377356719
805,0,402,B[N94]_NiC_nit_1M KOH_ vs RHE B_05_CVA_C02.txt,321,321,0,1.0000042,1.5894777,-0.008428935892879963,0.3089438123078811,0.05191888566772007,2.9938792238451084,,2.9938792238451084
806,0,403,B[N94]_NiC_nit_1M KOH_ vs RHE B_05_CVA_C02.txt,312,0,312,1.0091054,1.5999641,-0.2014344990560946,0.2241771611429391,-0.013210788588845416,,-0.8263453232994427,-0.8263453232994427
807,0,403,B[N94]_NiC_nit_1M KOH_ vs RHE B_05_CVA_C02.txt,318,318,0,1.0000294,1.5896287,-0.007968364931319083,0.3107629433223653,0.05210169454495472,2.9937525662026467,,2.9937525662026467
808,0,404,B[N94]_NiC_nit_1M KOH_ vs RHE B_05_CVA_C02.txt,312,0,312,1.0091094,1.5999676,-0.2015501308901468,0.2261036720126866,-0.013168864454194327,,-0.8241542169585909,-0.8241542169585909
809,0,404,B[N94]_NiC_nit_1M KOH_ vs RHE B_05_CVA_C02.txt,318,318,0,1.0000322,1.5900259,-0.00824525229632854,0.3084553386671125,0.05257953173261451,2.996968148588098,,2.996968148588098
810,0,405,B[N94]_NiC_nit_1M KOH_ vs RHE B_05_CVA_C02.txt,312,0,312,1.0091103,1.5999594,-0.2016504397630467,0.2251305361588791,-0.013442173866102353,,-0.8400825004368773,-0.8400825004368773
811,0,405,B[N94]_NiC_nit_1M KOH_ vs RHE B_05_CVA_C02.txt,318,318,0,1.000013,1.5897055,-0.01070144679397345,0.3098337569577101,0.051909624368850965,2.9928786866126242,,2.9928786866126242
812,0,406,B[N94]_NiC_nit_1M KOH_ vs RHE B_05_CVA_C02.txt,312,0,312,1.0091084,1.5999612,-0.2015357816678454,0.2262765335088427,-0.013573062183548533,,-0.848116125638078,-0.848116125638078
813,0,406,B[N94]_NiC_nit_1M KOH_ vs RHE B_05_CVA_C02.txt,318,318,0,1.000011,1.5909895,-0.008631941862404346,0.3104550744156631,0.05202688259799697,3.010305054880465,,3.010305054880465
814,0,407,B[N94]_NiC_nit_1M KOH_ vs RHE B_05_CVA_C02.txt,312,0,312,1.0091116,1.5999612,-0.2015490276093894,0.2270626507022167,-0.013954240471508129,,-0.870830456895333,-0.870830456895333
815,0,407,B[N94]_NiC_nit_1M KOH_ vs RHE B_05_CVA_C02.txt,316,316,0,1.0000154,1.5909852,-0.008946789836045355,0.3099988474109909,0.05176858087621735,3.0056008420441342,,3.0056008420441342
816,0,408,B[N94]_NiC_nit_1M KOH_ vs RHE B_05_CVA_C02.txt,312,0,312,1.009112,1.599961,-0.2015474202176319,0.2259091423316435,-0.014196881807661571,,-0.8850506411334488,-0.8850506411334488
817,0,408,B[N94]_NiC_nit_1M KOH_ vs RHE B_05_CVA_C02.txt,319,319,0,1.0000269,1.5904932,-0.009742539333687586,0.3119527113273984,0.052807968748727084,2.9935313094088047,,2.9935313094088047
818,0,409,B[N94]_NiC_nit_1M KOH_ vs RHE B_05_CVA_C02.txt,312,0,312,1.0091057,1.5999533,-0.2013861304459099,0.2272264380007982,-0.014257182602023301,,-0.8887004736528084,-0.8887004736528084
819,0,409,B[N94]_NiC_nit_1M KOH_ vs RHE B_05_CVA_C02.txt,318,318,0,1.0000082,1.5896381,-0.01051116921007633,0.3106368204664622,0.051305425875165414,2.9740535976461713,,2.9740535976461713
820,0,410,B[N94]_NiC_nit_1M KOH_ vs RHE B_05_CVA_C02.txt,312,0,312,1.0091046,1.5999529,-0.2013077139940659,0.226279908480743,-0.014517073988195267,,-0.9039878991271547,-0.9039878991271547
821,0,410,B[N94]_NiC_nit_1M KOH_ vs RHE B_05_CVA_C02.txt,318,318,0,1.0000075,1.5901419,-0.01085735950618982,0.3110359068915902,0.0514473600609378,2.9746348881685756,,2.9746348881685756
822,0,411,B[N94]_NiC_nit_1M KOH_ vs RHE B_05_CVA_C02.txt,312,0,312,1.0091094,1.5999653,-0.2013932000708061,0.2267463029850096,-0.014626265487858699,,-0.9106471720266335,-0.9106471720266335
823,0,411,B[N94]_NiC_nit_1M KOH_ vs RHE B_05_CVA_C02.txt,319,319,0,1.0000246,1.5908904,-0.00821327415329067,0.3124741825089457,0.05207719856774116,2.9947916506571457,,2.9947916506571457
824,0,412,B[N94]_NiC_nit_1M KOH_ vs RHE B_05_CVA_C02.txt,312,0,312,1.0091068,1.5999557,-0.2013119994271895,0.2270883214862449,-0.014707467723133494,,-0.9154774444584828,-0.9154774444584828
825,0,412,B[N94]_NiC_nit_1M KOH_ vs RHE B_05_CVA_C02.txt,318,318,0,1.0000093,1.5895447,-0.00930160632276017,0.3120760668503619,0.05121610243505574,2.967247880093216,,2.967247880093216
826,0,413,B[N94]_NiC_nit_1M KOH_ vs RHE B_05_CVA_C02.txt,312,0,312,1.0090995,1.5999506,-0.2012109243412992,0.2270660959944433,-0.014685686317887052,,-0.9141705049189653,-0.9141705049189653
827,0,413,B[N94]_NiC_nit_1M KOH_ vs RHE B_05_CVA_C02.txt,319,319,0,1.000002,1.5897055,-0.01016752421855927,0.3115003146700888,0.051741299411156974,2.9669903907860675,,2.9669903907860675
828,0,414,B[N94]_NiC_nit_1M KOH_ vs RHE B_05_CVA_C02.txt,312,0,312,1.0091114,1.5999583,-0.2018404535090923,0.226702904701233,-0.015050199650287496,,-0.9356416987261922,-0.9356416987261922
829,0,414,B[N94]_NiC_nit_1M KOH_ vs RHE B_05_CVA_C02.txt,317,317,0,1.0000139,1.5910378,-0.008960949257016182,0.3123488968294761,0.05129365330408309,2.986808461573468,,2.986808461573468
830,0,415,B[N94]_NiC_nit_1M KOH_ vs RHE B_05_CVA_C02.txt,313,0,313,1.0090981,1.600039,-0.2016098441429861,0.2337980717420578,-0.014326143722541483,,-0.9382171250134189,-0.9382171250134189
831,0,415,B[N94]_NiC_nit_1M KOH_ vs RHE B_05_CVA_C02.txt,319,319,0,1.0000007,1.5911986,-0.01015225052833557,0.3125110270845937,0.051758506597573424,2.997303426280266,,2.997303426280266
832,0,416,B[N94]_NiC_nit_1M KOH_ vs RHE B_05_CVA_C02.txt,312,0,312,1.0091115,1.5999635,-0.2020159679913773,0.2271419205637866,-0.015214957093873287,,-0.9456557886456487,-0.9456557886456487
833,0,416,B[N94]_NiC_nit_1M KOH_ vs RHE B_05_CVA_C02.txt,319,319,0,1.0000138,1.5904084,-0.01164837833493948,0.3134131737738133,0.05173046829417127,2.9713540362075634,,2.9713540362075634
834,0,417,B[N94]_NiC_nit_1M KOH_ vs RHE B_05_CVA_C02.txt,312,0,312,1.0091101,1.5999582,-0.2019724132387821,0.2264214691188595,-0.01541776115362921,,-0.9574725334930865,-0.9574725334930865
835,0,417,B[N94]_NiC_nit_1M KOH_ vs RHE B_05_CVA_C02.txt,318,318,0,1.0000128,1.590242,-0.009559146128594875,0.3136057918550041,0.05112589858170466,2.9647542737137567,,2.9647542737137567
836,0,418,B[N94]_NiC_nit_1M KOH_ vs RHE B_05_CVA_C02.txt,312,0,312,1.0091069,1.5999553,-0.2017363824832441,0.2252160821189269,-0.015445757142198873,,-0.9588605497010746,-0.9588605497010746
837,0,418,B[N94]_NiC_nit_1M KOH_ vs RHE B_05_CVA_C02.txt,318,318,0,1.0000094,1.5896084,-0.01194811332970858,0.3139691659696325,0.05099773999140631,2.9565979221642364,,2.9565979221642364
838,0,419,B[N94]_NiC_nit_1M KOH_ vs RHE B_05_CVA_C02.txt,312,0,312,1.0091094,1.5999641,-0.2023117515139967,0.2263165620111285,-0.01566033100764769,,-0.9718340631456861,-0.9718340631456861
839,0,419,B[N94]_NiC_nit_1M KOH_ vs RHE B_05_CVA_C02.txt,316,316,0,1.0000309,1.5900013,-0.009313980893542365,0.3154073591282436,0.05138677380780726,2.9620945972363786,,2.9620945972363786
840,0,420,B[N94]_NiC_nit_1M KOH_ vs RHE B_05_CVA_C02.txt,312,0,312,1.0091126,1.5999612,-0.2025413259001883,0.2260291986167426,-0.015749484558322542,,-0.9770159916116876,-0.9770159916116876
841,0,420,B[N94]_NiC_nit_1M KOH_ vs RHE B_05_CVA_C02.txt,322,322,0,1.0000151,1.5910025,-0.009535420392437488,0.3143314179198171,0.05179434426651361,2.986688512083458,,2.986688512083458
842,0,421,B[N94]_NiC_nit_1M KOH_ vs RHE B_05_CVA_C02.txt,312,0,312,1.0091133,1.5999683,-0.2027155481579048,0.2262260191142558,-0.01576694126755457,,-0.9782103179134878,-0.9782103179134878
843,0,421,B[N94]_NiC_nit_1M KOH_ vs RHE B_05_CVA_C02.txt,319,319,0,1.0000291,1.5895461,-0.009848228615263232,0.3163041989725102,0.05207239256792812,2.9523934704171793,,2.9523934704171793
844,0,422,B[N94]_NiC_nit_1M KOH_ vs RHE B_05_CVA_C02.txt,312,0,312,1.0091054,1.5999687,-0.2026900753532619,0.2254157107323405,-0.016032640902440682,,-0.9936584826252751,-0.9936584826252751
845,0,422,B[N94]_NiC_nit_1M KOH_ vs RHE B_05_CVA_C02.txt,319,319,0,1.0000248,1.5901115,-0.008526114853358413,0.3164284328326064,0.05185703974056399,2.957459899600613,,2.957459899600613
846,0,423,B[N94]_NiC_nit_1M KOH_ vs RHE B_05_CVA_C02.txt,312,0,312,1.0091094,1.5999644,-0.2026722707000024,0.2250869373480477,-0.016196252968427347,,-1.0033546741021417,-1.0033546741021417
847,0,423,B[N94]_NiC_nit_1M KOH_ vs RHE B_05_CVA_C02.txt,316,316,0,1.0000318,1.5906085,-0.009424004033207894,0.3165133667535871,0.051518856827171285,2.970471148650266,,2.970471148650266
848,0,424,B[N94]_NiC_nit_1M KOH_ vs RHE B_05_CVA_C02.txt,312,0,312,1.0091118,1.5999593,-0.2026753903209189,0.2243918846050899,-0.016132628719746227,,-0.9994691114174116,-0.9994691114174116
849,0,424,B[N94]_NiC_nit_1M KOH_ vs RHE B_05_CVA_C02.txt,318,318,0,1.0000144,1.5906934,-0.009604964405298231,0.3163366832269894,0.051112227044872935,2.971457982936734,,2.971457982936734
850,0,425,B[N94]_NiC_nit_1M KOH_ vs RHE B_05_CVA_C02.txt,312,0,312,1.0091074,1.5999709,-0.2029776926740636,0.224281732470561,-0.01627501351562503,,-1.0078294791597,-1.0078294791597
851,0,425,B[N94]_NiC_nit_1M KOH_ vs RHE B_05_CVA_C02.txt,320,320,0,1.0000253,1.5909946,-0.0100865832840403,0.3177282444947807,0.05168368716629661,2.9753653001514566,,2.9753653001514566
852,0,426,B[N94]_NiC_nit_1M KOH_ vs RHE B_05_CVA_C02.txt,312,0,312,1.0091074,1.599968,-0.2030197671987782,0.224345738068223,-0.016306359480539736,,-1.0096846888463913,-1.0096846888463913
853,0,426,B[N94]_NiC_nit_1M KOH_ vs RHE B_05_CVA_C02.txt,321,321,0,1.0000201,1.5913045,-0.00893482497256054,0.3181034252682373,0.0522979621707653,2.9899340058258836,,2.9899340058258836
854,0,427,B[N94]_NiC_nit_1M KOH_ vs RHE B_05_CVA_C02.txt,312,0,312,1.0091174,1.599969,-0.2030797719865909,0.2241361916065214,-0.016357362024215536,,-1.0127445930820067,-1.0127445930820067
855,0,427,B[N94]_NiC_nit_1M KOH_ vs RHE B_05_CVA_C02.txt,319,319,0,1.000023,1.5903419,-0.008461587297811879,0.3186062827542693,0.051745671571325993,2.975047695282956,,2.975047695282956
856,0,428,B[N94]_NiC_nit_1M KOH_ vs RHE B_05_CVA_C02.txt,312,0,312,1.0091094,1.5999719,-0.2027410503970044,0.2239889326064208,-0.016381062930656203,,-1.0140935807314089,-1.0140935807314089
857,0,428,B[N94]_NiC_nit_1M KOH_ vs RHE B_05_CVA_C02.txt,317,317,0,1.0000291,1.591328,-0.009442273851322095,0.3188224649170568,0.05187765253444826,2.9907800027244513,,2.9907800027244513
858,0,429,B[N94]_NiC_nit_1M KOH_ vs RHE B_05_CVA_C02.txt,312,0,312,1.0091138,1.5999622,-0.2029685242416392,0.2237190545298331,-0.016421335427661405,,-1.0163979658238111,-1.0163979658238111
859,0,429,B[N94]_NiC_nit_1M KOH_ vs RHE B_05_CVA_C02.txt,319,319,0,1.0000163,1.5902522,-0.008442103039501311,0.3177400543057234,0.051062254580944266,2.963980256597247,,2.963980256597247
860,0,430,B[N94]_NiC_nit_1M KOH_ vs RHE B_05_CVA_C02.txt,312,0,312,1.0091153,1.5999739,-0.2034307974087941,0.2234317535484154,-0.016585186356345823,,-1.0260544842268957,-1.0260544842268957
861,0,430,B[N94]_NiC_nit_1M KOH_ vs RHE B_05_CVA_C02.txt,317,317,0,1.0000196,1.5909104,-0.009648741124884078,0.3186608493904943,0.05151025942069478,2.9843688435013167,,2.9843688435013167
862,0,431,B[N94]_NiC_nit_1M KOH_ vs RHE B_05_CVA_C02.txt,312,0,312,1.0091153,1.5999671,-0.2032084127433431,0.2226976108987158,-0.01659180742093625,,-1.0263288939468145,-1.0263288939468145
863,0,431,B[N94]_NiC_nit_1M KOH_ vs RHE B_05_CVA_C02.txt,316,316,0,1.0000271,1.5900089,-0.008445913606717814,0.3200536460866683,0.0516696598739312,2.975399647517892,,2.975399647517892
864,0,432,B[N94]_NiC_nit_1M KOH_ vs RHE B_05_CVA_C02.txt,312,0,312,1.0091153,1.599974,-0.2035428744449423,0.2244254237896688,-0.016580523577610536,,-1.0260371312794074,-1.0260371312794074
865,0,432,B[N94]_NiC_nit_1M KOH_ vs RHE B_05_CVA_C02.txt,317,317,0,1.0000192,1.5905076,-0.008871357634162275,0.3195846605127861,0.051448048164986986,2.9781495316973845,,2.9781495316973845
866,0,433,B[N94]_NiC_nit_1M KOH_ vs RHE B_05_CVA_C02.txt,312,0,312,1.0091094,1.5999752,-0.2035966099344826,0.2226910997886913,-0.016720109183953377,,-1.0340498138964358,-1.0340498138964358
867,0,433,B[N94]_NiC_nit_1M KOH_ vs RHE B_05_CVA_C02.txt,320,320,0,1.0000283,1.5911973,-0.01022424528618222,0.3198677817259759,0.05215665235959695,2.9822628263199933,,2.9822628263199933
868,0,434,B[N94]_NiC_nit_1M KOH_ vs RHE B_05_CVA_C02.txt,312,0,312,1.0091114,1.5999755,-0.2036627176633483,0.2229528922486947,-0.01696888689156528,,-1.048735872412753,-1.048735872412753
869,0,434,B[N94]_NiC_nit_1M KOH_ vs RHE B_05_CVA_C02.txt,316,316,0,1.0000209,1.5898458,-0.008797400287891693,0.3195682229412533,0.05101691097710578,2.959855555916414,,2.959855555916414
870,0,435,B[N94]_NiC_nit_1M KOH_ vs RHE B_05_CVA_C02.txt,312,0,312,1.0091074,1.5999739,-0.2035717571993088,0.2219473614886001,-0.017042605987627246,,-1.052926857205321,-1.052926857205321
871,0,435,B[N94]_NiC_nit_1M KOH_ vs RHE B_05_CVA_C02.txt,318,318,0,1.0000327,1.5910479,-0.009719462916255,0.3201147302478073,0.051951117889250005,2.9806800084725786,,2.9806800084725786
872,0,436,B[N94]_NiC_nit_1M KOH_ vs RHE B_05_CVA_C02.txt,312,0,312,1.0091153,1.5999975,-0.2024835597203016,0.2250903360545631,-0.017067013536680598,,-1.05485225773093,-1.05485225773093
873,0,436,B[N94]_NiC_nit_1M KOH_ vs RHE B_05_CVA_C02.txt,316,316,0,1.0000277,1.5904522,-0.009798563287957862,0.3210924026975372,0.05173259750282672,2.972582394203643,,2.972582394203643
874,0,437,B[N94]_NiC_nit_1M KOH_ vs RHE B_05_CVA_C02.txt,312,0,312,1.0091133,1.5999882,-0.2041091246725264,0.2209295834104221,-0.017148719281989383,,-1.0591011781875077,-1.0591011781875077
875,0,437,B[N94]_NiC_nit_1M KOH_ vs RHE B_05_CVA_C02.txt,319,319,0,1.000037,1.5910971,-0.00895762624632981,0.3206628526324644,0.05199204601945912,2.9911854835842644,,2.9911854835842644
876,0,438,B[N94]_NiC_nit_1M KOH_ vs RHE B_05_CVA_C02.txt,312,0,312,1.0091133,1.5999877,-0.2036633871033735,0.2216476718584692,-0.016999332249292887,,-1.0503012024039053,-1.0503012024039053
877,0,438,B[N94]_NiC_nit_1M KOH_ vs RHE B_05_CVA_C02.txt,316,316,0,1.0000212,1.5904477,-0.00869340302520677,0.3216604511554451,0.05170017854884632,2.9815004313563844,,2.9815004313563844
878,0,439,B[N94]_NiC_nit_1M KOH_ vs RHE B_05_CVA_C02.txt,312,0,312,1.0091133,1.5999794,-0.2035809863150311,0.2215192914009094,-0.017276080392263686,,-1.0666559615701041,-1.0666559615701041
879,0,439,B[N94]_NiC_nit_1M KOH_ vs RHE B_05_CVA_C02.txt,320,320,0,1.0000241,1.5908065,-0.008626715271492237,0.3216371436686307,0.051965799830772694,2.9844459271157335,,2.9844459271157335
880,0,440,B[N94]_NiC_nit_1M KOH_ vs RHE B_05_CVA_C02.txt,312,0,312,1.0091153,1.5999842,-0.2036252531074023,0.2210483280941844,-0.017385606186473113,,-1.0731610905941906,-1.0731610905941906
881,0,440,B[N94]_NiC_nit_1M KOH_ vs RHE B_05_CVA_C02.txt,316,316,0,1.0000335,1.5912025,-0.009626882076263428,0.3218250552664248,0.05169830060392404,2.994201952307979,,2.994201952307979
882,0,441,B[N94]_NiC_nit_1M KOH_ vs RHE B_05_CVA_C02.txt,312,0,312,1.0091114,1.5999832,-0.2040354695376232,0.2214250388470562,-0.017388474306197017,,-1.0733663092904344,-1.0733663092904344
883,0,441,B[N94]_NiC_nit_1M KOH_ vs RHE B_05_CVA_C02.txt,316,316,0,1.0000219,1.5906377,-0.00899474141187966,0.3218726115136139,0.05138887425218104,2.9816730780710574,,2.9816730780710574
884,0,442,B[N94]_NiC_nit_1M KOH_ vs RHE B_05_CVA_C02.txt,313,0,313,1.0091015,1.5999888,-0.2028364162535068,0.2221049381339032,-0.016544803903646873,,-1.0657250003880525,-1.0657250003880525
885,0,442,B[N94]_NiC_nit_1M KOH_ vs RHE B_05_CVA_C02.txt,318,318,0,1.0000042,1.5894958,-0.01191311236470938,0.3233526909354734,0.05128464830647287,2.9686000704005897,,2.9686000704005897
886,0,443,B[N94]_NiC_nit_1M KOH_ vs RHE B_05_CVA_C02.txt,313,0,313,1.0091001,1.5999967,-0.2036394287734478,0.2223528668932291,-0.0166104529902944,,-1.0698380910375518,-1.0698380910375518
887,0,443,B[N94]_NiC_nit_1M KOH_ vs RHE B_05_CVA_C02.txt,318,318,0,1.0000027,1.5898435,-0.009553805995813534,0.323425441649006,0.051665114429260195,2.981783472219825,,2.981783472219825
888,0,444,B[N94]_NiC_nit_1M KOH_ vs RHE B_05_CVA_C02.txt,312,0,312,1.0091114,1.5999825,-0.2038789591522647,0.2205957711646049,-0.01744047676836102,,-1.0763197138594693,-1.0763197138594693
889,0,444,B[N94]_NiC_nit_1M KOH_ vs RHE B_05_CVA_C02.txt,317,317,0,1.0000336,1.5911144,-0.009724042199265495,0.3231064006546776,0.05237338335544029,3.0088350184563697,,3.0088350184563697
890,0,445,B[N94]_NiC_nit_1M KOH_ vs RHE B_05_CVA_C02.txt,312,0,312,1.0091114,1.5999866,-0.2041820282268084,0.221471957141353,-0.017377805002743427,,-1.0727131054393955,-1.0727131054393955
891,0,445,B[N94]_NiC_nit_1M KOH_ vs RHE B_05_CVA_C02.txt,317,317,0,1.000033,1.5903344,-0.009644523113965991,0.322782209818234,0.05200916487242278,2.9863312589778226,,2.9863312589778226
892,0,446,B[N94]_NiC_nit_1M KOH_ vs RHE B_05_CVA_C02.txt,312,0,312,1.0091114,1.5999644,-0.2034525341323845,0.2213190691102116,-0.017663149246756573,,-1.0895041684403595,-1.0895041684403595
893,0,446,B[N94]_NiC_nit_1M KOH_ vs RHE B_05_CVA_C02.txt,319,319,0,1.0000286,1.5905398,-0.01006357379905556,0.3239406843062786,0.05189685343869382,2.9880645744283267,,2.9880645744283267
894,0,447,B[N94]_NiC_nit_1M KOH_ vs RHE B_05_CVA_C02.txt,313,0,313,1.0091009,1.5999907,-0.2031377892206598,0.2223693355917922,-0.016909588599853326,,-1.0872616781860087,-1.0872616781860087
895,0,447,B[N94]_NiC_nit_1M KOH_ vs RHE B_05_CVA_C02.txt,318,318,0,1.0000035,1.5902518,-0.009994499162649328,0.3246210909274643,0.05163924102666817,2.98724741049217,,2.98724741049217
896,0,448,B[N94]_NiC_nit_1M KOH_ vs RHE B_05_CVA_C02.txt,312,0,312,1.0091174,1.5999858,-0.2042493043286497,0.2198503450039895,-0.017588194930284098,,-1.0849016434083394,-1.0849016434083394
897,0,448,B[N94]_NiC_nit_1M KOH_ vs RHE B_05_CVA_C02.txt,319,319,0,1.0000299,1.5911444,-0.01010640636862567,0.3244062073989659,0.05241910143624194,3.0183152761689827,,3.0183152761689827
898,0,449,B[N94]_NiC_nit_1M KOH_ vs RHE B_05_CVA_C02.txt,313,0,313,1.0090986,1.5999948,-0.2032243244436547,0.2232663958616878,-0.016709851512380365,,-1.075647814427491,-1.075647814427491
899,0,449,B[N94]_NiC_nit_1M KOH_ vs RHE B_05_CVA_C02.txt,318,318,0,1.0000013,1.5905418,-0.009078042581677437,0.3252868716497845,0.05190863693418605,3.010789847483007,,3.010789847483007
900,0,450,B[N94]_NiC_nit_1M KOH_ vs RHE B_05_CVA_C02.txt,313,0,313,1.0090972,1.5999928,-0.2035418475636444,0.2223639261463415,-0.01681778864150427,,-1.0818586232134788,-1.0818586232134788
901,0,450,B[N94]_NiC_nit_1M KOH_ vs RHE B_05_CVA_C02.txt,319,319,0,0.99999988,1.5912085,-0.009524144232273102,0.3253562956944931,0.05247241297342025,3.016936643991878,,3.016936643991878
902,0,451,B[N94]_NiC_nit_1M KOH_ vs RHE B_05_CVA_C02.txt,312,0,312,1.0091133,1.5999825,-0.2041677611529935,0.2198110597603247,-0.017661109282638296,,-1.0891890415058525,-1.0891890415058525
903,0,451,B[N94]_NiC_nit_1M KOH_ vs RHE B_05_CVA_C02.txt,317,317,0,1.0000267,1.5911134,-0.008787182469084776,0.3238928557569558,0.052106270688048045,3.0163133165659053,,3.0163133165659053
904,0,452,B[N94]_NiC_nit_1M KOH_ vs RHE B_05_CVA_C02.txt,312,0,312,1.0091133,1.5999839,-0.2041961460238895,0.2207243535667658,-0.017629561652845092,,-1.0875297460699827,-1.0875297460699827
905,0,452,B[N94]_NiC_nit_1M KOH_ vs RHE B_05_CVA_C02.txt,320,320,0,1.0000187,1.5906503,-0.00961210671812296,0.3246604858503535,0.05243471513132909,3.0100440384387084,,3.0100440384387084
906,0,453,B[N94]_NiC_nit_1M KOH_ vs RHE B_05_CVA_C02.txt,312,0,312,1.0091133,1.5999819,-0.2045351961296236,0.2206079300605888,-0.01767146315852771,,-1.0899995634702815,-1.0899995634702815
907,0,453,B[N94]_NiC_nit_1M KOH_ vs RHE B_05_CVA_C02.txt,320,320,0,1.0000274,1.5906521,-0.01063086714764888,0.3249738245396641,0.052301142563578304,3.005964009813267,,3.005964009813267
908,0,454,B[N94]_NiC_nit_1M KOH_ vs RHE B_05_CVA_C02.txt,313,0,313,1.0090996,1.6000026,-0.2038105322850576,0.2218813588437826,-0.017094051583155002,,-1.0985596904870432,-1.0985596904870432
909,0,454,B[N94]_NiC_nit_1M KOH_ vs RHE B_05_CVA_C02.txt,318,318,0,1.0000015,1.5902439,-0.0109120886772871,0.3258469305885576,0.05213446605593818,3.002685794491644,,3.002685794491644
910,0,455,B[N94]_NiC_nit_1M KOH_ vs RHE B_05_CVA_C02.txt,313,0,313,1.0090989,1.5999948,-0.2037765173059123,0.222054585814476,-0.017157570843205273,,-1.1017808666234585,-1.1017808666234585
911,0,455,B[N94]_NiC_nit_1M KOH_ vs RHE B_05_CVA_C02.txt,319,319,0,1.0000014,1.5911084,-0.01046344079077244,0.3265407305358359,0.052233241135953026,3.0229520942641037,,3.0229520942641037
912,0,456,B[N94]_NiC_nit_1M KOH_ vs RHE B_05_CVA_C02.txt,312,0,312,1.0091153,1.5999881,-0.2044828292327345,0.2190199186404546,-0.017850188346990172,,-1.1003941407314124,-1.1003941407314124
913,0,456,B[N94]_NiC_nit_1M KOH_ vs RHE B_05_CVA_C02.txt,317,317,0,1.0000265,1.5901295,-0.00907548471724584,0.3257631756775554,0.05231029315741985,3.0039368613831283,,3.0039368613831283
914,0,457,B[N94]_NiC_nit_1M KOH_ vs RHE B_05_CVA_C02.txt,312,0,312,1.0091133,1.5999763,-0.2045760580281291,0.2212586046920881,-0.01796868102005875,,-1.10762349333103,-1.10762349333103
915,0,457,B[N94]_NiC_nit_1M KOH_ vs RHE B_05_CVA_C02.txt,317,317,0,1.0000287,1.5907164,-0.00891621885934113,0.3256781096893125,0.05237996552429749,3.008990515310812,,3.008990515310812
916,0,458,B[N94]_NiC_nit_1M KOH_ vs RHE B_05_CVA_C02.txt,312,0,312,1.0091175,1.59999,-0.2046487634778431,0.2190269154721287,-0.018028614689415707,,-1.1107711985056024,-1.1107711985056024
917,0,458,B[N94]_NiC_nit_1M KOH_ vs RHE B_05_CVA_C02.txt,317,317,0,1.0000298,1.5897346,-0.008838620127298379,0.3291900227913422,0.052157455797036935,2.99716358230387,,2.99716358230387
918,0,459,B[N94]_NiC_nit_1M KOH_ vs RHE B_05_CVA_C02.txt,312,0,312,1.0091153,1.5999655,-0.2037036755478909,0.2195022645450773,-0.01811377449753634,,-1.115889643985804,-1.115889643985804
919,0,459,B[N94]_NiC_nit_1M KOH_ vs RHE B_05_CVA_C02.txt,316,316,0,1.0000283,1.5904415,-0.01057862579498602,0.3260509575309092,0.05186845503892245,3.018816747364593,,3.018816747364593
920,0,460,B[N94]_NiC_nit_1M KOH_ vs RHE B_05_CVA_C02.txt,313,0,313,1.0090981,1.5999928,-0.2038033370292247,0.2221301278990246,-0.017153591460084036,,-1.1019983800487365,-1.1019983800487365
921,0,460,B[N94]_NiC_nit_1M KOH_ vs RHE B_05_CVA_C02.txt,318,318,0,1.0000006,1.5898435,-0.009927609004080296,0.3270945493084176,0.05214017970012042,3.009870511606014,,3.009870511606014
922,0,461,B[N94]_NiC_nit_1M KOH_ vs RHE B_05_CVA_C02.txt,312,0,312,1.0091114,1.5999895,-0.2046856090695792,0.2193056757251419,-0.017905599004694232,,-1.1036275963502413,-1.1036275963502413
923,0,461,B[N94]_NiC_nit_1M KOH_ vs RHE B_05_CVA_C02.txt,319,319,0,1.0000348,1.5897514,-0.009684121630226196,0.3265438166441834,0.05264616967613748,3.016898903574381,,3.016898903574381
924,0,462,B[N94]_NiC_nit_1M KOH_ vs RHE B_05_CVA_C02.txt,312,0,312,1.0091133,1.5999937,-0.2027516839636812,0.2198735740449693,-0.018001683932075865,,-1.1093645278358444,-1.1093645278358444
925,0,462,B[N94]_NiC_nit_1M KOH_ vs RHE B_05_CVA_C02.txt,316,316,0,1.0000247,1.5904441,-0.008864394498289033,0.3270825996174489,0.05240737023454187,3.028347116568149,,3.028347116568149
926,0,463,B[N94]_NiC_nit_1M KOH_ vs RHE B_05_CVA_C02.txt,313,0,313,1.0090961,1.5999948,-0.2035292086007634,0.2223397146748454,-0.01715775389120018,,-1.1019149200043874,-1.1019149200043874
927,0,463,B[N94]_NiC_nit_1M KOH_ vs RHE B_05_CVA_C02.txt,318,318,0,0.99999869,1.5898407,-0.01122264098376036,0.3278542817922543,0.05194661610842002,3.021949291400861,,3.021949291400861
928,0,464,B[N94]_NiC_nit_1M KOH_ vs RHE B_05_CVA_C02.txt,313,0,313,1.0090995,1.5999907,-0.2034553890173383,0.2210285676562268,-0.01714309124755916,,-1.1013550364331854,-1.1013550364331854
929,0,464,B[N94]_NiC_nit_1M KOH_ vs RHE B_05_CVA_C02.txt,322,322,0,1.000002,1.5904131,-0.01144410111010075,0.3274262882277414,0.05280378186594597,3.0315941580444954,,3.0315941580444954
930,0,465,B[N94]_NiC_nit_1M KOH_ vs RHE B_05_CVA_C02.txt,312,0,312,1.0091174,1.5999916,-0.2047047516297313,0.2189716925578451,-0.018075069819621703,,-1.113588250999164,-1.113588250999164
931,0,465,B[N94]_NiC_nit_1M KOH_ vs RHE B_05_CVA_C02.txt,317,317,0,1.0000278,1.5911075,-0.01056672827057217,0.3274972365113733,0.05239431653715228,3.0397993339379035,,3.0397993339379035
932,0,466,B[N94]_NiC_nit_1M KOH_ vs RHE B_05_CVA_C02.txt,312,0,312,1.0091153,1.5999911,-0.2042480991253153,0.2201322933723187,-0.017941259866474574,,-1.1057778141577794,-1.1057778141577794
933,0,466,B[N94]_NiC_nit_1M KOH_ vs RHE B_05_CVA_C02.txt,320,320,0,1.0000191,1.5904123,-0.009469168933315423,0.3278564206112426,0.05324429200778531,3.0429128757438484,,3.0429128757438484
934,0,467,B[N94]_NiC_nit_1M KOH_ vs RHE B_05_CVA_C02.txt,312,0,312,1.0091174,1.5999891,-0.2045147213066567,0.2193867107232411,-0.017956994120139083,,-1.1067313175104723,-1.1067313175104723
935,0,467,B[N94]_NiC_nit_1M KOH_ vs RHE B_05_CVA_C02.txt,316,316,0,1.0000327,1.5907017,-0.009921195283532136,0.3279028462654856,0.05277915576051152,3.0485333128732446,,3.0485333128732446
936,0,468,B[N94]_NiC_nit_1M KOH_ vs RHE B_05_CVA_C02.txt,313,0,313,1.0090983,1.6000078,-0.2036288319936439,0.2213765305021536,-0.0172235740478002,,-1.1058618772185498,-1.1058618772185498
937,0,468,B[N94]_NiC_nit_1M KOH_ vs RHE B_05_CVA_C02.txt,318,318,0,1.000001,1.5905418,-0.01031961943954229,0.328687911886222,0.052580158581237914,3.0482756716059107,,3.0482756716059107
938,0,469,B[N94]_NiC_nit_1M KOH_ vs RHE B_05_CVA_C02.txt,313,0,313,1.0090967,1.5999929,-0.203808732660872,0.2217971092980841,-0.01737781076778007,,-1.115063880337234,-1.115063880337234
939,0,469,B[N94]_NiC_nit_1M KOH_ vs RHE B_05_CVA_C02.txt,318,318,0,0.9999994,1.5903817,-0.01083444897085428,0.3291550570694551,0.05241421001951244,3.0427835782014574,,3.0427835782014574
940,0,470,B[N94]_NiC_nit_1M KOH_ vs RHE B_05_CVA_C02.txt,313,0,313,1.0090971,1.5999829,-0.2039633147914617,0.2213477531205053,-0.017412630849616847,,-1.1169986755646508,-1.1169986755646508
941,0,470,B[N94]_NiC_nit_1M KOH_ vs RHE B_05_CVA_C02.txt,318,318,0,0.99999964,1.5904379,-0.009539792334417934,0.3297680370748881,0.052559870861101615,3.0482305120413953,,3.0482305120413953
942,0,471,B[N94]_NiC_nit_1M KOH_ vs RHE B_05_CVA_C02.txt,313,0,313,1.0091014,1.5999926,-0.2039694385968178,0.2225756139858905,-0.017348881064958684,,-1.1136976885492387,-1.1136976885492387
943,0,471,B[N94]_NiC_nit_1M KOH_ vs RHE B_05_CVA_C02.txt,318,318,0,1.0000041,1.5895897,-0.009396343734925231,0.3301108401706134,0.05240963308446235,3.0373550413817916,,3.0373550413817916
944,0,472,B[N94]_NiC_nit_1M KOH_ vs RHE B_05_CVA_C02.txt,313,0,313,1.0090978,1.5999907,-0.204118410370131,0.2231499112032829,-0.017394248276469515,,-1.1163110605587876,-1.1163110605587876
945,0,472,B[N94]_NiC_nit_1M KOH_ vs RHE B_05_CVA_C02.txt,318,318,0,1.0000004,1.5899409,-0.008876199870967463,0.3299405270904149,0.052541164651034054,3.04789703489799,,3.04789703489799
946,0,473,B[N94]_NiC_nit_1M KOH_ vs RHE B_05_CVA_C02.txt,313,0,313,1.0090966,1.5999907,-0.2037179948810859,0.2219246736039282,-0.01748286240540755,,-1.1218413696260825,-1.1218413696260825
947,0,473,B[N94]_NiC_nit_1M KOH_ vs RHE B_05_CVA_C02.txt,321,321,0,0.99999952,1.5899287,-0.009533179093800165,0.3292231008720909,0.05363750198831094,3.086271376324886,,3.086271376324886
948,0,474,B[N94]_NiC_nit_1M KOH_ vs RHE B_05_CVA_C02.txt,313,0,313,1.0091008,1.5999827,-0.2025221773049672,0.2248168833877724,-0.01572638076417855,,-1.0182372652414422,-1.0182372652414422
949,0,474,B[N94]_NiC_nit_1M KOH_ vs RHE B_05_CVA_C02.txt,321,321,0,1.0000033,1.5901235,-0.008947585709393024,0.3296181189804153,0.05422490305923094,3.1192408562128993,,3.1192408562128993
950,0,475,B[N94]_NiC_nit_1M KOH_ vs RHE B_05_CVA_C02.txt,313,0,313,1.0091013,1.5999748,-0.2026386684512418,0.2252618340046508,-0.015309125295605247,,-0.9935012017864512,-0.9935012017864512
951,0,475,B[N94]_NiC_nit_1M KOH_ vs RHE B_05_CVA_C02.txt,320,320,0,1.0000039,1.591222,-0.008520742156381142,0.3295188854166682,0.05449708239332882,3.1467335681732935,,3.1467335681732935
952,0,476,B[N94]_NiC_nit_1M KOH_ vs RHE B_05_CVA_C02.txt,312,0,312,1.0091014,1.5999515,-0.2023561797014874,0.225798463943053,-0.01619084649355713,,-1.0029649448780507,-1.0029649448780507
953,0,476,B[N94]_NiC_nit_1M KOH_ vs RHE B_05_CVA_C02.txt,320,320,0,1.0000041,1.5898319,-0.009784853146613946,0.3294261899003228,0.054145755700711964,3.1285048425235673,,3.1285048425235673
954,0,477,B[N94]_NiC_nit_1M KOH_ vs RHE B_05_CVA_C02.txt,313,0,313,1.0090981,1.6000332,-0.2026196943733249,0.2313607406357052,-0.015480910403896377,,-1.0063303438393951,-1.0063303438393951
955,0,477,B[N94]_NiC_nit_1M KOH_ vs RHE B_05_CVA_C02.txt,319,319,0,1.0000006,1.5907083,-0.01035143714398146,0.3293719206880894,0.05415908956153981,3.131818417294958,,3.131818417294958
956,0,478,B[N94]_NiC_nit_1M KOH_ vs RHE B_05_CVA_C02.txt,312,0,312,1.0091009,1.5999513,-0.2028067749014908,0.2274339287256701,-0.016498547987567964,,-1.02155103006088,-1.02155103006088
957,0,478,B[N94]_NiC_nit_1M KOH_ vs RHE B_05_CVA_C02.txt,318,318,0,1.0000035,1.5900302,-0.009764059446752071,0.3293183686478138,0.05399369443751965,3.118363194815084,,3.118363194815084
958,0,479,B[N94]_NiC_nit_1M KOH_ vs RHE B_05_CVA_C02.txt,312,0,312,1.0091039,1.5999539,-0.2026582974206623,0.2270220042543207,-0.016513847929105135,,-1.0224311954313503,-1.0224311954313503
959,0,479,B[N94]_NiC_nit_1M KOH_ vs RHE B_05_CVA_C02.txt,318,318,0,1.0000064,1.5907689,-0.01055571530014277,0.3300410757675034,0.05418556821752787,3.147103120202624,,3.147103120202624
960,0,480,B[N94]_NiC_nit_1M KOH_ vs RHE B_05_CVA_C02.txt,312,0,312,1.0091057,1.599955,-0.2026996963229584,0.2282544821500778,-0.016402610495689546,,-1.0160957251230498,-1.0160957251230498
961,0,480,B[N94]_NiC_nit_1M KOH_ vs RHE B_05_CVA_C02.txt,319,319,0,1.0000082,1.5899142,-0.0108223594725132,0.3302125885713503,0.054306787496834284,3.1226341829914905,,3.1226341829914905
962,0,481,B[N94]_NiC_nit_1M KOH_ vs RHE B_05_CVA_C02.txt,312,0,312,1.0090989,1.5999484,-0.2028844282559454,0.2292857554554937,-0.01677936209584785,,-1.0384539995309123,-1.0384539995309123
963,0,481,B[N94]_NiC_nit_1M KOH_ vs RHE B_05_CVA_C02.txt,318,318,0,1.0000014,1.5897895,-0.01044753193855286,0.3301528099354835,0.05369503305758675,3.108768524014949,,3.108768524014949
964,0,482,B[N94]_NiC_nit_1M KOH_ vs RHE B_05_CVA_C02.txt,312,0,312,1.0091039,1.5999519,-0.2032699370936544,0.2286204490810628,-0.016848144381452723,,-1.0426434586175364,-1.0426434586175364
965,0,482,B[N94]_NiC_nit_1M KOH_ vs RHE B_05_CVA_C02.txt,318,318,0,1.0000064,1.5905787,-0.01105399988591671,0.3307076477195405,0.05414440759810253,3.134552088632406,,3.134552088632406
966,0,483,B[N94]_NiC_nit_1M KOH_ vs RHE B_05_CVA_C02.txt,313,0,313,1.0090983,1.5999795,-0.203220323431236,0.2324312973929485,-0.016053540722265728,,-1.0405085236375302,-1.0405085236375302
967,0,483,B[N94]_NiC_nit_1M KOH_ vs RHE B_05_CVA_C02.txt,318,318,0,1.000001,1.5901864,-0.009390505030751228,0.3311754133430509,0.05423829904426964,3.125881264155306,,3.125881264155306
968,0,484,B[N94]_NiC_nit_1M KOH_ vs RHE B_05_CVA_C02.txt,313,0,313,1.0090981,1.5999874,-0.2032677006700063,0.2341485023498535,-0.01608427378729787,,-1.042655148019939,-1.042655148019939
969,0,484,B[N94]_NiC_nit_1M KOH_ vs RHE B_05_CVA_C02.txt,321,321,0,1.0000006,1.5900886,-0.01087263226509094,0.3315204399670182,0.054576563072198304,3.123385394324763,,3.123385394324763
970,0,485,B[N94]_NiC_nit_1M KOH_ vs RHE B_05_CVA_C02.txt,313,0,313,1.0091009,1.5999894,-0.2032568253339324,0.2339445744519644,-0.016199544018824882,,-1.04949501274546,-1.04949501274546
971,0,485,B[N94]_NiC_nit_1M KOH_ vs RHE B_05_CVA_C02.txt,318,318,0,1.0000037,1.5906733,-0.01096427068114281,0.3315651700160445,0.05439239168307738,3.127674950189679,,3.127674950189679
972,0,486,B[N94]_NiC_nit_1M KOH_ vs RHE B_05_CVA_C02.txt,313,0,313,1.0091019,1.5999736,-0.2034131340435539,0.2328634968270422,-0.01631605036556579,,-1.0561715127671385,-1.0561715127671385
973,0,486,B[N94]_NiC_nit_1M KOH_ vs RHE B_05_CVA_C02.txt,318,318,0,1.0000044,1.5905766,-0.009642510674893856,0.3320309156750114,0.05409418311432649,3.132919021218071,,3.132919021218071
974,0,487,B[N94]_NiC_nit_1M KOH_ vs RHE B_05_CVA_C02.txt,313,0,313,1.0091004,1.5999775,-0.2036023995368637,0.2350697766827494,-0.016174594261174655,,-1.0482724798825414,-1.0482724798825414
975,0,487,B[N94]_NiC_nit_1M KOH_ vs RHE B_05_CVA_C02.txt,317,317,0,1.0000038,1.5895847,-0.0103253461420536,0.331596403982317,0.05385193884430711,3.1100003797646316,,3.1100003797646316
976,0,488,B[N94]_NiC_nit_1M KOH_ vs RHE B_05_CVA_C02.txt,313,0,313,1.0090991,1.5999854,-0.2033876114636084,0.2337004158725127,-0.016403494398518095,,-1.061950112522672,-1.061950112522672
977,0,488,B[N94]_NiC_nit_1M KOH_ vs RHE B_05_CVA_C02.txt,318,318,0,1.0000017,1.5903795,-0.008919140950267856,0.3322017497586354,0.0534968261012536,3.116084884270462,,3.116084884270462
978,0,489,B[N94]_NiC_nit_1M KOH_ vs RHE B_05_CVA_C02.txt,313,0,313,1.0090977,1.5999794,-0.2032890993104752,0.2339537001174429,-0.016668574230720403,,-1.077212358877424,-1.077212358877424
979,0,489,B[N94]_NiC_nit_1M KOH_ vs RHE B_05_CVA_C02.txt,318,318,0,1.0000002,1.5895338,-0.01072690170258284,0.3314646224229301,0.05373814070254549,3.0939859329842174,,3.0939859329842174
980,0,490,B[N94]_NiC_nit_1M KOH_ vs RHE B_05_CVA_C02.txt,313,0,313,1.0091008,1.5999855,-0.2029933567299054,0.2327403665884678,-0.01663895502170781,,-1.0756345714631723,-1.0756345714631723
981,0,490,B[N94]_NiC_nit_1M KOH_ vs RHE B_05_CVA_C02.txt,317,317,0,1.0000033,1.5896177,-0.01013188622891903,0.3315645700516558,0.05348716416915113,3.1008881600894633,,3.1008881600894633
982,0,491,B[N94]_NiC_nit_1M KOH_ vs RHE B_05_CVA_C02.txt,312,0,312,1.0091015,1.5999502,-0.2029953207987609,0.2304605187810198,-0.01740329599482722,,-1.0757243877624498,-1.0757243877624498
983,0,491,B[N94]_NiC_nit_1M KOH_ vs RHE B_05_CVA_C02.txt,321,321,0,1.0000042,1.5895385,-0.01217084564268589,0.3319014847694,0.053818433078820276,3.0963042799174163,,3.0963042799174163
984,0,492,B[N94]_NiC_nit_1M KOH_ vs RHE B_05_CVA_C02.txt,313,0,313,1.0090971,1.5999894,-0.2029485642316278,0.2335592741551604,-0.01670194748950697,,-1.0791645459369448,-1.0791645459369448
985,0,492,B[N94]_NiC_nit_1M KOH_ vs RHE B_05_CVA_C02.txt,319,319,0,0.99999964,1.591298,-0.01012621548674677,0.3318287144907535,0.054439390012419396,3.139962900807728,,3.139962900807728
986,0,493,B[N94]_NiC_nit_1M KOH_ vs RHE B_05_CVA_C02.txt,313,0,313,1.0090981,1.5999993,-0.201597267695409,0.2333978110033533,-0.016548160983264202,,-1.0700322203423367,-1.0700322203423367
987,0,493,B[N94]_NiC_nit_1M KOH_ vs RHE B_05_CVA_C02.txt,319,319,0,1.0000007,1.5900164,-0.009267449632044096,0.3311321133805675,0.05391439755562086,3.1047664299682003,,3.1047664299682003
988,0,494,B[N94]_NiC_nit_1M KOH_ vs RHE B_05_CVA_C02.txt,313,0,313,1.0090981,1.6000171,-0.2026083344651233,0.2333449663027469,-0.01670673000446514,,-1.0796094772553602,-1.0796094772553602
989,0,494,B[N94]_NiC_nit_1M KOH_ vs RHE B_05_CVA_C02.txt,319,319,0,1.0000007,1.590216,-0.01148801110684872,0.3315126300566305,0.05376238516647291,3.1103783789137442,,3.1103783789137442
990,0,495,B[N94]_NiC_nit_1M KOH_ vs RHE B_05_CVA_C02.txt,313,0,313,1.0090998,1.6000229,-0.2032727251325461,0.2348100915551177,-0.016729714263480685,,-1.0814307082066226,-1.0814307082066226
991,0,495,B[N94]_NiC_nit_1M KOH_ vs RHE B_05_CVA_C02.txt,318,318,0,1.0000025,1.5902793,-0.0096439507223018,0.3319485121350851,0.05385755935095551,3.120540331708295,,3.120540331708295
992,0,496,B[N94]_NiC_nit_1M KOH_ vs RHE B_05_CVA_C02.txt,313,0,313,1.0091004,1.5999794,-0.2027233647704758,0.233932542088239,-0.016686432376409883,,-1.0783640334199318,-1.0783640334199318
993,0,496,B[N94]_NiC_nit_1M KOH_ vs RHE B_05_CVA_C02.txt,318,318,0,1.000003,1.5900866,-0.009868425317108631,0.3328465141959258,0.05397400056088539,3.1161812376898275,,3.1161812376898275
994,0,497,B[N94]_NiC_nit_1M KOH_ vs RHE B_05_CVA_C02.txt,313,0,313,1.0090981,1.5999874,-0.2030747278582097,0.2352124212876605,-0.01688829561148281,,-1.0906113952659247,-1.0906113952659247
995,0,497,B[N94]_NiC_nit_1M KOH_ vs RHE B_05_CVA_C02.txt,318,318,0,1.0000006,1.5907774,-0.01107881963253021,0.3323284081066684,0.053654589597057364,3.1231289453284843,,3.1231289453284843
996,0,498,B[N94]_NiC_nit_1M KOH_ vs RHE B_05_CVA_C02.txt,313,0,313,1.0091002,1.5999774,-0.2028441624156327,0.2333634942770004,-0.016926661785580596,,-1.0925363379576525,-1.0925363379576525
997,0,498,B[N94]_NiC_nit_1M KOH_ vs RHE B_05_CVA_C02.txt,321,321,0,1.0000029,1.5895298,-0.009818151593208311,0.3325080526827566,0.05440677789055881,3.1069589128506276,,3.1069589128506276
998,0,499,B[N94]_NiC_nit_1M KOH_ vs RHE B_05_CVA_C02.txt,312,0,312,1.0090977,1.5999504,-0.203057090685776,0.230683660628844,-0.01782483257502481,,-1.1007970232566242,-1.1007970232566242
999,0,499,B[N94]_NiC_nit_1M KOH_ vs RHE B_05_CVA_C02.txt,319,319,0,1.0000002,1.5907121,-0.009516606127600307,0.3314879267605657,0.054072987793578456,3.118072856512294,,3.118072856512294
1000,0,500,B[N94]_NiC_nit_1M KOH_ vs RHE B_05_CVA_C02.txt,313,0,313,1.0090972,1.6000232,-0.2029792629765774,0.2347598730222038,-0.017264101604951242,,-1.1133477584975753,-1.1133477584975753
1001,0,501,B[N94]_NiC_nit_1M KOH_ vs RHE B_05_CVA_C02.txt,326,326,0,0.99998367,1.5896235,-0.006436786614358425,0.3406641795497616,0.05893276369282335,3.409777733104879,,3.409777733104879
1002,0,501,B[N94]_NiC_nit_1M KOH_ vs RHE B_05_CVA_C02.txt,312,0,312,1.0091037,1.5999553,-0.2021787965358692,0.2474459888453178,-0.013416756149623284,,-0.842614548351296,-0.842614548351296
1003,0,501,B[N94]_NiC_nit_1M KOH_ vs RHE B_05_CVA_C02.txt,320,320,0,1.0000062,1.5899445,-0.009170622797682907,0.3330085051273137,0.0567277778529363,3.267990904490077,,3.267990904490077
1004,0,502,B[N94]_NiC_nit_1M KOH_ vs RHE B_05_CVA_C02.txt,312,0,312,1.0091004,1.5999523,-0.2025578616968949,0.2487584107245002,-0.014070286914575153,,-0.8814856798302776,-0.8814856798302776
1005,0,502,B[N94]_NiC_nit_1M KOH_ vs RHE B_05_CVA_C02.txt,321,321,0,1.0000038,1.5911109,-0.009590328671038153,0.3331349163027764,0.057212229193355196,3.2826799305479923,,3.2826799305479923
1006,0,503,B[N94]_NiC_nit_1M KOH_ vs RHE B_05_CVA_C02.txt,313,0,313,1.0091008,1.599965,-0.202699176349749,0.2490687914516609,-0.013502944054905479,,-0.8950087741146804,-0.8950087741146804
1007,0,503,B[N94]_NiC_nit_1M KOH_ vs RHE B_05_CVA_C02.txt,318,318,0,1.0000033,1.591056,-0.0108910882845521,0.3340688079681431,0.05616210283582251,3.2777161944804885,,3.2777161944804885
1008,0,504,B[N94]_NiC_nit_1M KOH_ vs RHE B_05_CVA_C02.txt,313,0,313,1.0091021,1.599957,-0.2029782363895758,0.2493893406961272,-0.01377905531598762,,-0.9115056704050728,-0.9115056704050728
1009,0,504,B[N94]_NiC_nit_1M KOH_ vs RHE B_05_CVA_C02.txt,318,318,0,1.0000046,1.5910187,-0.0117234718054533,0.3341146110075583,0.05653713134712506,3.2705878122841137,,3.2705878122841137
1010,0,505,B[N94]_NiC_nit_1M KOH_ vs RHE B_05_CVA_C02.txt,312,0,312,1.0091114,1.59996,-0.2033701318822918,0.2490246756510301,-0.014699579723998851,,-0.9189459002109168,-0.9189459002109168
1011,0,505,B[N94]_NiC_nit_1M KOH_ vs RHE B_05_CVA_C02.txt,318,318,0,1.0000263,1.5903581,-0.0100083721124313,0.3345688012031542,0.05606728677040423,3.259269350174608,,3.259269350174608
1012,0,506,B[N94]_NiC_nit_1M KOH_ vs RHE B_05_CVA_C02.txt,313,0,313,1.0090997,1.5999589,-0.2030299166046821,0.2514791200342386,-0.01403265742796752,,-0.9269202183638762,-0.9269202183638762
1013,0,506,B[N94]_NiC_nit_1M KOH_ vs RHE B_05_CVA_C02.txt,318,318,0,1.0000023,1.5898309,-0.009181054157164442,0.3343909287401772,0.05629492957289151,3.2441795641766418,,3.2441795641766418
1014,0,507,B[N94]_NiC_nit_1M KOH_ vs RHE B_05_CVA_C02.txt,312,0,312,1.0091088,1.5999563,-0.2033579274294617,0.2503146292722742,-0.015137689504202788,,-0.9451857806069259,-0.9451857806069259
1015,0,507,B[N94]_NiC_nit_1M KOH_ vs RHE B_05_CVA_C02.txt,321,321,0,1.0000114,1.5902268,-0.01180110964924097,0.3346922143180442,0.056242933687351615,3.236137754061017,,3.236137754061017
1016,0,508,B[N94]_NiC_nit_1M KOH_ vs RHE B_05_CVA_C02.txt,312,0,312,1.0091115,1.5999588,-0.2035068609616717,0.2502514458364911,-0.015378007163268733,,-0.9593373689939044,-0.9593373689939044
1017,0,508,B[N94]_NiC_nit_1M KOH_ vs RHE B_05_CVA_C02.txt,321,321,0,1.0000138,1.5909598,-0.009783151559531689,0.3348249884507961,0.05650169552405235,3.2473234911644204,,3.2473234911644204
1018,0,509,B[N94]_NiC_nit_1M KOH_ vs RHE B_05_CVA_C02.txt,313,0,313,1.0090981,1.599961,-0.2034898894946142,0.2525368132021111,-0.014818579074495885,,-0.9741546108987104,-0.9741546108987104
1019,0,509,B[N94]_NiC_nit_1M KOH_ vs RHE B_05_CVA_C02.txt,318,318,0,1.0000007,1.5902698,-0.01091972459107637,0.3334894162830985,0.05547324770101523,3.223995539350602,,3.223995539350602
1020,0,510,B[N94]_NiC_nit_1M KOH_ vs RHE B_05_CVA_C02.txt,312,0,312,1.0091114,1.5999593,-0.2038567408039005,0.2500121606720819,-0.01573812161622741,,-0.9807029823477454,-0.9807029823477454
1021,0,510,B[N94]_NiC_nit_1M KOH_ vs RHE B_05_CVA_C02.txt,322,322,0,1.0000284,1.59017,-0.008858257088124634,0.336398038748051,0.0572199880852931,3.226227363712928,,3.226227363712928
1022,0,511,B[N94]_NiC_nit_1M KOH_ vs RHE B_05_CVA_C02.txt,312,0,312,1.0091116,1.5999609,-0.2038027929216234,0.2497070827944707,-0.01595986284055464,,-0.9937648960415962,-0.9937648960415962
1023,0,511,B[N94]_NiC_nit_1M KOH_ vs RHE B_05_CVA_C02.txt,319,319,0,1.0000143,1.5911064,-0.01010016530104305,0.3354143762492823,0.056110498781534866,3.2380911121430476,,3.2380911121430476
1024,0,512,B[N94]_NiC_nit_1M KOH_ vs RHE B_05_CVA_C02.txt,312,0,312,1.009106,1.5999527,-0.2036681696457006,0.2504153323049345,-0.01612473217639235,,-1.0034671362592362,-1.0034671362592362
1025,0,512,B[N94]_NiC_nit_1M KOH_ vs RHE B_05_CVA_C02.txt,317,317,0,1.0000087,1.589568,-0.01191374938935041,0.3358445480617083,0.05527632250053864,3.203270765302137,,3.203270765302137
1026,0,513,B[N94]_NiC_nit_1M KOH_ vs RHE B_05_CVA_C02.txt,312,0,312,1.0091153,1.5999663,-0.2041151505559925,0.2500652013028541,-0.01619290701213031,,-1.0077236604337823,-1.0077236604337823
1027,0,513,B[N94]_NiC_nit_1M KOH_ vs RHE B_05_CVA_C02.txt,323,323,0,1.0000234,1.5908377,-0.009379293040439137,0.337291113255068,0.056945575306597516,3.2348765764915486,,3.2348765764915486
1028,0,514,B[N94]_NiC_nit_1M KOH_ vs RHE B_05_CVA_C02.txt,312,0,312,1.0091058,1.599955,-0.2039958672629913,0.2504650138794098,-0.01623648773918277,,-1.0102681809809435,-1.0102681809809435
1029,0,514,B[N94]_NiC_nit_1M KOH_ vs RHE B_05_CVA_C02.txt,318,318,0,1.0000085,1.5912157,-0.01052962429821491,0.3365443329740736,0.05562182943907008,3.2381816708889506,,3.2381816708889506
1030,0,515,B[N94]_NiC_nit_1M KOH_ vs RHE B_05_CVA_C02.txt,313,0,313,1.0090972,1.5999669,-0.2039548159605202,0.2523979165631784,-0.015725230494166378,,-1.0279203876136533,-1.0279203876136533
1031,0,515,B[N94]_NiC_nit_1M KOH_ vs RHE B_05_CVA_C02.txt,318,318,0,0.99999988,1.5905678,-0.008934341055767875,0.3380090824054625,0.05511377013304494,3.215343464211127,,3.215343464211127
1032,0,516,B[N94]_NiC_nit_1M KOH_ vs RHE B_05_CVA_C02.txt,312,0,312,1.0091193,1.5999701,-0.2045915491368566,0.2491320249361868,-0.016725445462849802,,-1.039161356031768,-1.039161356031768
1033,0,516,B[N94]_NiC_nit_1M KOH_ vs RHE B_05_CVA_C02.txt,317,317,0,1.0000229,1.5910478,-0.01018814379349351,0.3378572107125399,0.055530576034375945,3.2188009240929776,,3.2188009240929776
1034,0,517,B[N94]_NiC_nit_1M KOH_ vs RHE B_05_CVA_C02.txt,312,0,312,1.0091138,1.5999631,-0.2044962472495186,0.2488631214513335,-0.016896544869078652,,-1.049229819732617,-1.049229819732617
1035,0,517,B[N94]_NiC_nit_1M KOH_ vs RHE B_05_CVA_C02.txt,319,319,0,1.0000163,1.5908052,-0.01029904763740691,0.3373277580238581,0.05536277969657482,3.2150257173219563,,3.2150257173219563
1036,0,518,B[N94]_NiC_nit_1M KOH_ vs RHE B_05_CVA_C02.txt,312,0,312,1.0091118,1.5999599,-0.2042607763483808,0.2488247819922185,-0.016951782419149915,,-1.0523037710581675,-1.0523037710581675
1037,0,518,B[N94]_NiC_nit_1M KOH_ vs RHE B_05_CVA_C02.txt,322,322,0,1.0000144,1.5911032,-0.01052516978234053,0.3373211690208566,0.05644917880365425,3.2242228301949107,,3.2242228301949107
1038,0,519,B[N94]_NiC_nit_1M KOH_ vs RHE B_05_CVA_C02.txt,312,0,312,1.0091114,1.5999666,-0.2043335783560258,0.2476175122144746,-0.017022137353964774,,-1.0564291845535982,-1.0564291845535982
1039,0,519,B[N94]_NiC_nit_1M KOH_ vs RHE B_05_CVA_C02.txt,318,318,0,1.0000296,1.5895684,-0.01063985098153353,0.3386281510063522,0.055509908922010597,3.1889337377363116,,3.1889337377363116
1040,0,520,B[N94]_NiC_nit_1M KOH_ vs RHE B_05_CVA_C02.txt,313,0,313,1.0090996,1.599969,-0.2039878699943927,0.25012243174492,-0.016364275869504733,,-1.0651629433087342,-1.0651629433087342
1041,0,520,B[N94]_NiC_nit_1M KOH_ vs RHE B_05_CVA_C02.txt,318,318,0,1.0000021,1.5905759,-0.01026425417512655,0.3377872636777299,0.05500770297454513,3.204983672548641,,3.204983672548641
1042,0,521,B[N94]_NiC_nit_1M KOH_ vs RHE B_05_CVA_C02.txt,313,0,313,1.0091006,1.5999769,-0.204202433948613,0.2484363894099773,-0.016495194132740053,,-1.0726861397356364,-1.0726861397356364
1043,0,521,B[N94]_NiC_nit_1M KOH_ vs RHE B_05_CVA_C02.txt,321,321,0,1.0000031,1.590476,-0.0090383232298471,0.3376449542997131,0.055913586330939465,3.2019173722449046,,3.2019173722449046
1044,0,522,B[N94]_NiC_nit_1M KOH_ vs RHE B_05_CVA_C02.txt,313,0,313,1.0090966,1.5999769,-0.2040685383154197,0.2485882989738299,-0.01665500595963697,,-1.0815657219027828,-1.0815657219027828
1045,0,522,B[N94]_NiC_nit_1M KOH_ vs RHE B_05_CVA_C02.txt,318,318,0,0.99999917,1.5902408,-0.009506506906093467,0.337826526396849,0.05517014916114906,3.1946517273427864,,3.1946517273427864
1046,0,523,B[N94]_NiC_nit_1M KOH_ vs RHE B_05_CVA_C02.txt,312,0,312,1.0091197,1.5999687,-0.2044470705344406,0.2458765402436249,-0.01761993194608574,,-1.0915291810401175,-1.0915291810401175
1047,0,523,B[N94]_NiC_nit_1M KOH_ vs RHE B_05_CVA_C02.txt,321,321,0,1.0000223,1.5898762,-0.009172917143722007,0.3376946500194284,0.055431226123343544,3.180536721392784,,3.180536721392784
1048,0,524,B[N94]_NiC_nit_1M KOH_ vs RHE B_05_CVA_C02.txt,313,0,313,1.0091002,1.5999769,-0.2041892661911948,0.2471549831654714,-0.01682243528142686,,-1.0913854441703343,-1.0913854441703343
1049,0,524,B[N94]_NiC_nit_1M KOH_ vs RHE B_05_CVA_C02.txt,318,318,0,1.0000029,1.5905819,-0.009639510115527591,0.3386816093470625,0.0552147372453059,3.199604945822333,,3.199604945822333
1050,0,525,B[N94]_NiC_nit_1M KOH_ vs RHE B_05_CVA_C02.txt,313,0,313,1.0091007,1.5999829,-0.2042121350698438,0.2479161846896876,-0.01681514971897502,,-1.0910475452317758,-1.0910475452317758
1051,0,525,B[N94]_NiC_nit_1M KOH_ vs RHE B_05_CVA_C02.txt,318,318,0,1.0000032,1.5913229,-0.00998157815521826,0.3379564544008402,0.05534113014054574,3.2070489571975167,,3.2070489571975167
1052,0,526,B[N94]_NiC_nit_1M KOH_ vs RHE B_05_CVA_C02.txt,313,0,313,1.0090979,1.599973,-0.2038607504167445,0.2467226411985315,-0.01697025886077839,,-1.099809018231216,-1.099809018231216
1053,0,526,B[N94]_NiC_nit_1M KOH_ vs RHE B_05_CVA_C02.txt,318,318,0,1.0000005,1.590474,-0.0102507107405235,0.3387072661013113,0.055238920553245106,3.2087809035133947,,3.2087809035133947
1054,0,527,B[N94]_NiC_nit_1M KOH_ vs RHE B_05_CVA_C02.txt,313,0,313,1.0090981,1.599975,-0.20403060436372,0.2469160472569256,-0.016739259249370298,,-1.086631851079719,-1.086631851079719
1055,0,527,B[N94]_NiC_nit_1M KOH_ vs RHE B_05_CVA_C02.txt,318,318,0,1.0000006,1.590572,-0.009324613077889968,0.3391713795925134,0.054963658145377826,3.2048286081167503,,3.2048286081167503
1056,0,528,B[N94]_NiC_nit_1M KOH_ vs RHE B_05_CVA_C02.txt,313,0,313,1.0090908,1.5999731,-0.2042498551523781,0.2458111857590461,-0.016834689404274943,,-1.0916481070257553,-1.0916481070257553
1057,0,528,B[N94]_NiC_nit_1M KOH_ vs RHE B_05_CVA_C02.txt,321,321,0,0.99999344,1.5902779,-0.009918949759119888,0.3414407087655208,0.055993433158370694,3.2038519395600713,,3.2038519395600713
1058,0,529,B[N94]_NiC_nit_1M KOH_ vs RHE B_05_CVA_C02.txt,313,0,313,1.0090983,1.5999789,-0.2039255853980864,0.2469009753802548,-0.016877187015645768,,-1.0941588887689568,-1.0941588887689568
1059,0,529,B[N94]_NiC_nit_1M KOH_ vs RHE B_05_CVA_C02.txt,318,318,0,1.000001,1.5900861,-0.00970996730029583,0.3373774920643058,0.05530765541420775,3.203665243825171,,3.203665243825171
1060,0,530,B[N94]_NiC_nit_1M KOH_ vs RHE B_05_CVA_C02.txt,313,0,313,1.0090961,1.5999868,-0.2041394611665726,0.2464177048076754,-0.016884461860563055,,-1.0948116824575445,-1.0948116824575445
1061,0,530,B[N94]_NiC_nit_1M KOH_ vs RHE B_05_CVA_C02.txt,318,318,0,0.99999869,1.5895901,-0.0106173063547391,0.3394338194518647,0.05519381249091344,3.187513216577998,,3.187513216577998
1062,0,531,B[N94]_NiC_nit_1M KOH_ vs RHE B_05_CVA_C02.txt,313,0,313,1.0090975,1.599991,-0.2039362967395562,0.2461422960808937,-0.01717752294669556,,-1.1119658337076224,-1.1119658337076224
1063,0,531,B[N94]_NiC_nit_1M KOH_ vs RHE B_05_CVA_C02.txt,320,320,0,1.0,1.5912174,-0.009298978059593122,0.3391548338224366,0.05592098826941244,3.2204794337496816,,3.2204794337496816
1064,0,532,B[N94]_NiC_nit_1M KOH_ vs RHE B_05_CVA_C02.txt,312,0,312,1.0091174,1.5999815,-0.2046643255250586,0.2433717583908754,-0.017805771884978044,,-1.102051478301018,-1.102051478301018
1065,0,532,B[N94]_NiC_nit_1M KOH_ vs RHE B_05_CVA_C02.txt,316,316,0,1.0000293,1.5907879,-0.009330777826730002,0.3412601018190193,0.055639954490260435,3.2261672881977783,,3.2261672881977783
1066,0,533,B[N94]_NiC_nit_1M KOH_ vs RHE B_05_CVA_C02.txt,313,0,313,1.0090983,1.5999889,-0.2039151591759971,0.2451688265023018,-0.01711174282151865,,-1.108158461277398,-1.108158461277398
1067,0,533,B[N94]_NiC_nit_1M KOH_ vs RHE B_05_CVA_C02.txt,319,319,0,1.000001,1.5912458,-0.00955685035771002,0.3394585841638457,0.05545237999360789,3.2234915534303097,,3.2234915534303097
1068,0,534,B[N94]_NiC_nit_1M KOH_ vs RHE B_05_CVA_C02.txt,312,0,312,1.0091175,1.5999783,-0.2045099302600495,0.2439208328723907,-0.0178646637893309,,-1.1056615546062267,-1.1056615546062267
1069,0,534,B[N94]_NiC_nit_1M KOH_ vs RHE B_05_CVA_C02.txt,319,319,0,1.0000395,1.5906409,-0.009940997032182567,0.3407048348181831,0.05594468623535432,3.2171501354412815,,3.2171501354412815
1070,0,535,B[N94]_NiC_nit_1M KOH_ vs RHE B_05_CVA_C02.txt,313,0,313,1.0090966,1.5999908,-0.2036822193755041,0.2454452498451523,-0.01693231998637757,,-1.097181799530118,-1.097181799530118
1071,0,535,B[N94]_NiC_nit_1M KOH_ vs RHE B_05_CVA_C02.txt,318,318,0,0.99999952,1.5901959,-0.009600331196966391,0.3412657952120943,0.055945154098693405,3.2078319112468447,,3.2078319112468447
1072,0,536,B[N94]_NiC_nit_1M KOH_ vs RHE B_05_CVA_C02.txt,313,0,313,1.0091025,1.5999968,-0.2035490198758447,0.2443576630042947,-0.017235523026122565,,-1.1153376023767005,-1.1153376023767005
1073,0,536,B[N94]_NiC_nit_1M KOH_ vs RHE B_05_CVA_C02.txt,319,319,0,1.000005,1.5901959,-0.01203147880733013,0.3398896197188814,0.055104540548983554,3.2004592915664674,,3.2004592915664674
1074,0,537,B[N94]_NiC_nit_1M KOH_ vs RHE B_05_CVA_C02.txt,313,0,313,1.0091,1.5999968,-0.2036031408699994,0.2449152220202526,-0.017318384476943095,,-1.1201129704052861,-1.1201129704052861
1075,0,537,B[N94]_NiC_nit_1M KOH_ vs RHE B_05_CVA_C02.txt,318,318,0,1.0000026,1.591272,-0.01069898451880917,0.3395860228952472,0.05541677000620115,3.224169866134119,,3.224169866134119
1076,0,538,B[N94]_NiC_nit_1M KOH_ vs RHE B_05_CVA_C02.txt,313,0,313,1.0090964,1.5999811,-0.2035081744785918,0.2443467368898183,-0.01723542222379864,,-1.114739531689781,-1.114739531689781
1077,0,538,B[N94]_NiC_nit_1M KOH_ vs RHE B_05_CVA_C02.txt,321,321,0,0.99999881,1.5901861,-0.01084908758006666,0.3406872521674447,0.056060073739057525,3.211241853976584,,3.211241853976584
1078,0,539,B[N94]_NiC_nit_1M KOH_ vs RHE B_05_CVA_C02.txt,313,0,313,1.0091001,1.5999949,-0.2037700621326435,0.2451199882704279,-0.01724215841369862,,-1.1153794268010526,-1.1153794268010526
1079,0,539,B[N94]_NiC_nit_1M KOH_ vs RHE B_05_CVA_C02.txt,318,318,0,1.0000027,1.591166,-0.01025725342333317,0.3398064345064875,0.05537599144126725,3.2290404104248367,,3.2290404104248367
1080,0,540,B[N94]_NiC_nit_1M KOH_ vs RHE B_05_CVA_C02.txt,313,0,313,1.0091001,1.5999671,-0.2036901938922004,0.2453488169804858,-0.01729868777267883,,-1.1188786041437135,-1.1188786041437135
1081,0,540,B[N94]_NiC_nit_1M KOH_ vs RHE B_05_CVA_C02.txt,318,318,0,1.0000027,1.5912699,-0.009945427998900414,0.3416988894878901,0.0553294910699109,3.2275439486702284,,3.2275439486702284
1082,0,541,B[N94]_NiC_nit_1M KOH_ vs RHE B_05_CVA_C02.txt,313,0,313,1.0091006,1.5999712,-0.2038552313947627,0.245308135838612,-0.01742213936278241,,-1.1263103049521885,-1.1263103049521885
1083,0,541,B[N94]_NiC_nit_1M KOH_ vs RHE B_05_CVA_C02.txt,321,321,0,1.0000031,1.5895822,-0.01013980052717354,0.3414289268542037,0.055415897362925244,3.186779347551789,,3.186779347551789
1084,0,542,B[N94]_NiC_nit_1M KOH_ vs RHE B_05_CVA_C02.txt,313,0,313,1.0090996,1.5999831,-0.203693308602575,0.2447727852045212,-0.017668596728823715,,-1.1407026339574198,-1.1407026339574198
1085,0,542,B[N94]_NiC_nit_1M KOH_ vs RHE B_05_CVA_C02.txt,318,318,0,1.0000021,1.5900861,-0.01022288855165243,0.340187678763451,0.055518111771643716,3.199268199678152,,3.199268199678152
1086,0,543,B[N94]_NiC_nit_1M KOH_ vs RHE B_05_CVA_C02.txt,313,0,313,1.0090971,1.5999869,-0.2035595314831151,0.2444361127589059,-0.017646169649262213,,-1.1392622649046518,-1.1392622649046518
1087,0,543,B[N94]_NiC_nit_1M KOH_ vs RHE B_05_CVA_C02.txt,318,318,0,0.99999964,1.590678,-0.01032152771949768,0.3411153873033868,0.05571590502459456,3.224592893878786,,3.224592893878786
1088,0,544,B[N94]_NiC_nit_1M KOH_ vs RHE B_05_CVA_C02.txt,313,0,313,1.0090902,1.599979,-0.2034222395335439,0.2440043163040402,-0.017472183140347604,,-1.1291554105361357,-1.1291554105361357
1089,0,544,B[N94]_NiC_nit_1M KOH_ vs RHE B_05_CVA_C02.txt,318,318,0,0.99999273,1.5905762,-0.01015161516387826,0.3418030344818721,0.055667803626226545,3.226532591370989,,3.226532591370989
1090,0,545,B[N94]_NiC_nit_1M KOH_ vs RHE B_05_CVA_C02.txt,313,0,313,1.0090966,1.599977,-0.2034781404170565,0.2448226673447568,-0.017443127202876278,,-1.1270646408915117,-1.1270646408915117
1091,0,545,B[N94]_NiC_nit_1M KOH_ vs RHE B_05_CVA_C02.txt,318,318,0,0.99999976,1.5903801,-0.009505994597692852,0.3417217110021378,0.0560966105454359,3.2280096705315335,,3.2280096705315335
1092,0,546,B[N94]_NiC_nit_1M KOH_ vs RHE B_05_CVA_C02.txt,313,0,313,1.0090992,1.5999811,-0.2034426488608284,0.2437072878946429,-0.017542459758388765,,-1.1327959697463201,-1.1327959697463201
1093,0,546,B[N94]_NiC_nit_1M KOH_ vs RHE B_05_CVA_C02.txt,320,320,0,1.0000019,1.5895623,-0.01153128501027822,0.3419809244254592,0.05559336830156002,3.2053877065090117,,3.2053877065090117
1094,0,547,B[N94]_NiC_nit_1M KOH_ vs RHE B_05_CVA_C02.txt,313,0,313,1.0090994,1.5999632,-0.2028311634721747,0.2449786044815754,-0.01752859191007927,,-1.1323266421687015,-1.1323266421687015
1095,0,547,B[N94]_NiC_nit_1M KOH_ vs RHE B_05_CVA_C02.txt,318,318,0,1.0000019,1.59018,-0.01045834925025702,0.3411259807578686,0.055438054450722224,3.2098398133828403,,3.2098398133828403
1096,0,548,B[N94]_NiC_nit_1M KOH_ vs RHE B_05_CVA_C02.txt,313,0,313,1.0090965,1.5999811,-0.2032123373487822,0.2431708953302838,-0.0177390604098127,,-1.1446002815796543,-1.1446002815796543
1097,0,548,B[N94]_NiC_nit_1M KOH_ vs RHE B_05_CVA_C02.txt,322,322,0,0.99999905,1.5908518,-0.01079053897410631,0.3403111067817071,0.05624598087993767,3.227326124124792,,3.227326124124792
1098,0,549,B[N94]_NiC_nit_1M KOH_ vs RHE B_05_CVA_C02.txt,312,0,312,1.0091174,1.5999857,-0.2041788635312338,0.2430691454679734,-0.01859363846545788,,-1.1485808545674512,-1.1485808545674512
1099,0,549,B[N94]_NiC_nit_1M KOH_ vs RHE B_05_CVA_C02.txt,316,316,0,1.000031,1.589806,-0.01126668435366204,0.3411280878278666,0.05531687991949544,3.2035003696807167,,3.2035003696807167
1100,0,550,B[N94]_NiC_nit_1M KOH_ vs RHE B_05_CVA_C02.txt,312,0,312,1.0091153,1.5999825,-0.2040173657180846,0.2432887220021449,-0.018620430583438895,,-1.150298276533785,-1.150298276533785
1101,0,550,B[N94]_NiC_nit_1M KOH_ vs RHE B_05_CVA_C02.txt,318,318,0,1.0000309,1.5901663,-0.01086401605668169,0.3416488680891643,0.05593289301886103,3.2181519672181493,,3.2181519672181493
1102,0,551,B[N94]_NiC_nit_1M KOH_ vs RHE B_05_CVA_C02.txt,313,0,313,1.0090997,1.5999671,-0.2030190450320637,0.2427929289962929,-0.017704135988257985,,-1.1423048707152916,-1.1423048707152916
1103,0,551,B[N94]_NiC_nit_1M KOH_ vs RHE B_05_CVA_C02.txt,322,322,0,1.0000023,1.5905977,-0.01144728250801563,0.3425331167917838,0.056614093593173674,3.2205968624834904,,3.2205968624834904
1104,0,552,B[N94]_NiC_nit_1M KOH_ vs RHE B_05_CVA_C02.txt,313,0,313,1.009096,1.599999,-0.2031070790552651,0.2438410708437795,-0.01795916581118981,,-1.1575285864323979,-1.1575285864323979
1105,0,552,B[N94]_NiC_nit_1M KOH_ vs RHE B_05_CVA_C02.txt,322,322,0,0.99999869,1.5909426,-0.009885678371495538,0.3424593858428939,0.05650192984320506,3.2214672587119955,,3.2214672587119955
1106,0,553,B[N94]_NiC_nit_1M KOH_ vs RHE B_05_CVA_C02.txt,313,0,313,1.0091,1.599993,-0.2033385968792065,0.242983569593533,-0.018091657089198236,,-1.165220146535485,-1.165220146535485
1107,0,553,B[N94]_NiC_nit_1M KOH_ vs RHE B_05_CVA_C02.txt,322,322,0,1.0000026,1.5909821,-0.01174319814890623,0.3425481322914326,0.056156632680740594,3.2328955447492347,,3.2328955447492347
1108,0,554,B[N94]_NiC_nit_1M KOH_ vs RHE B_05_CVA_C02.txt,313,0,313,1.0090998,1.599983,-0.2033115870244471,0.2428773220466531,-0.017879250369754518,,-1.1527251889400245,-1.1527251889400245
1109,0,554,B[N94]_NiC_nit_1M KOH_ vs RHE B_05_CVA_C02.txt,318,318,0,1.0000025,1.5911759,-0.00991699854721842,0.3422056054358569,0.05573625824611151,3.231443454401169,,3.231443454401169
1110,0,555,B[N94]_NiC_nit_1M KOH_ vs RHE B_05_CVA_C02.txt,313,0,313,1.0090948,1.5999852,-0.2029608138275503,0.2419214595271191,-0.01815465995500137,,-1.1685627086366601,-1.1685627086366601
1111,0,555,B[N94]_NiC_nit_1M KOH_ vs RHE B_05_CVA_C02.txt,321,321,0,0.9999975,1.5897744,-0.01076826639473438,0.3426960930129042,0.056334825640170554,3.2048258689271067,,3.2048258689271067
1112,0,556,B[N94]_NiC_nit_1M KOH_ vs RHE B_05_CVA_C02.txt,313,0,313,1.0090998,1.5999752,-0.2028408003218711,0.2425387725234023,-0.01799385829997878,,-1.1588170150606782,-1.1588170150606782
1113,0,556,B[N94]_NiC_nit_1M KOH_ vs RHE B_05_CVA_C02.txt,318,318,0,1.0000024,1.589596,-0.009627504267781486,0.3420647884485017,0.05558279314408274,3.2050011306459307,,3.2050011306459307
1114,0,557,B[N94]_NiC_nit_1M KOH_ vs RHE B_05_CVA_C02.txt,313,0,313,1.0090988,1.599997,-0.2030731937648023,0.2430226435052578,-0.018078430324445192,,-1.1644431002515148,-1.1644431002515148
1115,0,557,B[N94]_NiC_nit_1M KOH_ vs RHE B_05_CVA_C02.txt,317,317,0,1.0000014,1.5898664,-0.01182147394865751,0.3404311773141924,0.05513343876111657,3.209477760634752,,3.209477760634752
1116,0,558,B[N94]_NiC_nit_1M KOH_ vs RHE B_05_CVA_C02.txt,313,0,313,1.0090966,1.5999674,-0.2028798174892431,0.2410627069032705,-0.018090619644496642,,-1.1645937745726453,-1.1645937745726453
1117,0,558,B[N94]_NiC_nit_1M KOH_ vs RHE B_05_CVA_C02.txt,318,318,0,0.99999976,1.5902921,-0.01105310140258595,0.3403590313614671,0.05553972709364583,3.2181056308597276,,3.2181056308597276
1118,0,559,B[N94]_NiC_nit_1M KOH_ vs RHE B_05_CVA_C02.txt,313,0,313,1.0090967,1.5999931,-0.2023153384537233,0.2412479668855667,-0.01764050944109768,,-1.137630809527871,-1.137630809527871
1119,0,559,B[N94]_NiC_nit_1M KOH_ vs RHE B_05_CVA_C02.txt,321,321,0,0.99999928,1.5912622,-0.01060895045773814,0.343214214669614,0.05770528123265565,3.314347698130373,,3.314347698130373
1120,0,560,B[N94]_NiC_nit_1M KOH_ vs RHE B_05_CVA_C02.txt,313,0,313,1.0091,1.5999633,-0.2014795778679961,0.2438730267078979,-0.01624084202988978,,-1.0550501233536151,-1.0550501233536151
1121,0,560,B[N94]_NiC_nit_1M KOH_ vs RHE B_05_CVA_C02.txt,317,317,0,1.0000025,1.5905442,-0.01201047841459513,0.339282760331284,0.05650352791533471,3.297271886315335,,3.297271886315335
1122,0,561,B[N94]_NiC_nit_1M KOH_ vs RHE B_05_CVA_C02.txt,312,0,312,1.0091213,1.5999699,-0.2020449319764821,0.2443034446392298,-0.017052605698652516,,-1.0574658975266185,-1.0574658975266185
1123,0,561,B[N94]_NiC_nit_1M KOH_ vs RHE B_05_CVA_C02.txt,317,317,0,1.0000349,1.5904286,-0.01058469662586087,0.3401226931118768,0.05740168724522687,3.3048118128140302,,3.3048118128140302
1124,0,562,B[N94]_NiC_nit_1M KOH_ vs RHE B_05_CVA_C02.txt,312,0,312,1.0091006,1.5999496,-0.2016553374099477,0.245800400266841,-0.016877437732290227,,-1.047264518535354,-1.047264518535354
1125,0,562,B[N94]_NiC_nit_1M KOH_ vs RHE B_05_CVA_C02.txt,318,318,0,1.0000038,1.5905759,-0.009706785902380943,0.3381438283062617,0.056739324345972605,3.299605181769843,,3.299605181769843
1126,0,563,B[N94]_NiC_nit_1M KOH_ vs RHE B_05_CVA_C02.txt,313,0,313,1.0090984,1.5999769,-0.2018961805308628,0.2482159973486606,-0.01624987110346283,,-1.0576420960077455,-1.0576420960077455
1127,0,563,B[N94]_NiC_nit_1M KOH_ vs RHE B_05_CVA_C02.txt,321,321,0,1.0000011,1.5901701,-0.01007397565990686,0.3386991601272187,0.05714743117292708,3.293784455638072,,3.293784455638072
1128,0,564,B[N94]_NiC_nit_1M KOH_ vs RHE B_05_CVA_C02.txt,313,0,313,1.0091,1.5999709,-0.2018749327448361,0.2494264199681901,-0.016211834711143954,,-1.0553704656458442,-1.0553704656458442
1129,0,564,B[N94]_NiC_nit_1M KOH_ vs RHE B_05_CVA_C02.txt,321,321,0,1.0000027,1.590752,-0.01072114726285572,0.3392867459207181,0.05775634145713269,3.2978090454668245,,3.2978090454668245
1130,0,565,B[N94]_NiC_nit_1M KOH_ vs RHE B_05_CVA_C02.txt,313,0,313,1.0090997,1.5999532,-0.2015704901665472,0.2499964321437087,-0.016605416606607103,,-1.0792068599259825,-1.0792068599259825
1131,0,565,B[N94]_NiC_nit_1M KOH_ vs RHE B_05_CVA_C02.txt,317,317,0,1.0000023,1.5898621,-0.009757724722199476,0.3384811924282456,0.05633626536236624,3.27285002991717,,3.27285002991717
1132,0,566,B[N94]_NiC_nit_1M KOH_ vs RHE B_05_CVA_C02.txt,313,0,313,1.0090954,1.5999629,-0.2014452915517939,0.250392922888631,-0.016659669118213732,,-1.0827994511315704,-1.0827994511315704
1133,0,566,B[N94]_NiC_nit_1M KOH_ vs RHE B_05_CVA_C02.txt,317,317,0,0.99999785,1.5901562,-0.00977169744589408,0.3393072421266954,0.05644857526516913,3.2785026009390195,,3.2785026009390195
1134,0,567,B[N94]_NiC_nit_1M KOH_ vs RHE B_05_CVA_C02.txt,313,0,313,1.0090964,1.5999571,-0.2013184644253991,0.2499273846978725,-0.01669819234406368,,-1.0851870957035537,-1.0851870957035537
1135,0,567,B[N94]_NiC_nit_1M KOH_ vs RHE B_05_CVA_C02.txt,320,320,0,0.99999893,1.5901482,-0.009817779205901477,0.3386196479251957,0.05716390873161198,3.274652650385361,,3.274652650385361
1136,0,568,B[N94]_NiC_nit_1M KOH_ vs RHE B_05_CVA_C02.txt,312,0,312,1.009118,1.5999682,-0.2021905691938999,0.2510031234276919,-0.01772806376913419,,-1.098760258807265,-1.098760258807265
1137,0,568,B[N94]_NiC_nit_1M KOH_ vs RHE B_05_CVA_C02.txt,317,317,0,1.0000207,1.5900501,-0.009776786901056768,0.3409989781918448,0.05624696212879102,3.274509788198498,,3.274509788198498
1138,0,569,B[N94]_NiC_nit_1M KOH_ vs RHE B_05_CVA_C02.txt,313,0,313,1.0090985,1.599951,-0.2015337417143623,0.2506353226692779,-0.016880339545884034,,-1.0959756889516903,-1.0959756889516903
1139,0,569,B[N94]_NiC_nit_1M KOH_ vs RHE B_05_CVA_C02.txt,320,320,0,1.0000012,1.5904384,-0.009907162798892546,0.3394455600469728,0.0569924156848368,3.2795663287037935,,3.2795663287037935
1140,0,570,B[N94]_NiC_nit_1M KOH_ vs RHE B_05_CVA_C02.txt,313,0,313,1.0090986,1.6000392,-0.2024709950661747,0.2544496655464172,-0.0170598065178453,,-1.1083459652405037,-1.1083459652405037
1141,0,570,B[N94]_NiC_nit_1M KOH_ vs RHE B_05_CVA_C02.txt,321,321,0,1.0000013,1.5897681,-0.01005043089389801,0.3397110597952633,0.05659619288940818,3.255153839957242,,3.255153839957242
1142,0,571,B[N94]_NiC_nit_1M KOH_ vs RHE B_05_CVA_C02.txt,313,0,313,1.0090966,1.5999688,-0.2019978211447722,0.2507348044410995,-0.01727440648297135,,-1.1198790316151075,-1.1198790316151075
1143,0,571,B[N94]_NiC_nit_1M KOH_ vs RHE B_05_CVA_C02.txt,317,317,0,0.99999976,1.5897564,-0.01152428518980742,0.3397866824034157,0.05608215052633306,3.2565007094562803,,3.2565007094562803
1144,0,572,B[N94]_NiC_nit_1M KOH_ vs RHE B_05_CVA_C02.txt,313,0,313,1.0090961,1.5999569,-0.2018515241660412,0.2518421699819356,-0.01709663197165051,,-1.1093405905826592,-1.1093405905826592
1145,0,572,B[N94]_NiC_nit_1M KOH_ vs RHE B_05_CVA_C02.txt,320,320,0,0.99999881,1.5897624,-0.009604563813708208,0.3397835700920453,0.05673751897613803,3.2638705643738835,,3.2638705643738835
1146,0,573,B[N94]_NiC_nit_1M KOH_ vs RHE B_05_CVA_C02.txt,313,0,313,1.0090994,1.5999629,-0.2019660265257972,0.2513969339754265,-0.017418324279858042,,-1.1278580151047983,-1.1278580151047983
1147,0,573,B[N94]_NiC_nit_1M KOH_ vs RHE B_05_CVA_C02.txt,319,319,0,1.0000019,1.5909501,-0.01017275431355381,0.3392974452528058,0.05656749922103863,3.278622839496147,,3.278622839496147
1148,0,574,B[N94]_NiC_nit_1M KOH_ vs RHE B_05_CVA_C02.txt,312,0,312,1.0091097,1.5999589,-0.2022835558907472,0.247858401139577,-0.018388129986014183,,-1.1372596979772414,-1.1372596979772414
1149,0,574,B[N94]_NiC_nit_1M KOH_ vs RHE B_05_CVA_C02.txt,318,318,0,1.0000123,1.5897458,-0.01099418103694916,0.3398458424704645,0.056306743887659425,3.2551150794125534,,3.2551150794125534
1150,0,575,B[N94]_NiC_nit_1M KOH_ vs RHE B_05_CVA_C02.txt,312,0,312,1.0091178,1.599966,-0.2021417938841772,0.2481008818963675,-0.018482765345553497,,-1.1429823076228272,-1.1429823076228272
1151,0,575,B[N94]_NiC_nit_1M KOH_ vs RHE B_05_CVA_C02.txt,318,318,0,1.0000206,1.5896407,-0.01255203783512115,0.3402952323286104,0.05627478121591398,3.2515393480011605,,3.2515393480011605
1152,0,576,B[N94]_NiC_nit_1M KOH_ vs RHE B_05_CVA_C02.txt,312,0,312,1.0091176,1.5999676,-0.2020816604479858,0.2486360196024178,-0.01857603461672854,,-1.1487150845932024,-1.1487150845932024
1153,0,576,B[N94]_NiC_nit_1M KOH_ vs RHE B_05_CVA_C02.txt,319,319,0,1.0000303,1.5896479,-0.009985710069682074,0.3407155881915481,0.05703378374430849,3.251805683443807,,3.251805683443807
1154,0,577,B[N94]_NiC_nit_1M KOH_ vs RHE B_05_CVA_C02.txt,312,0,312,1.0091194,1.5999702,-0.2022598858633191,0.2472658585279415,-0.01864768409382493,,-1.1526866551636794,-1.1526866551636794
1155,0,577,B[N94]_NiC_nit_1M KOH_ vs RHE B_05_CVA_C02.txt,319,319,0,1.0000414,1.5904515,-0.01004573474798737,0.3417503212845003,0.057148574223150665,3.2682546480323222,,3.2682546480323222
1156,0,578,B[N94]_NiC_nit_1M KOH_ vs RHE B_05_CVA_C02.txt,312,0,312,1.0091128,1.599965,-0.2028589891838557,0.2481537110039165,-0.018663732672027766,,-1.1536882583035422,-1.1536882583035422
1157,0,578,B[N94]_NiC_nit_1M KOH_ vs RHE B_05_CVA_C02.txt,318,318,0,1.0000154,1.5905719,-0.0118023818358779,0.3432267245972715,0.05639626421224306,3.2722414986235098,,3.2722414986235098
1158,0,579,B[N94]_NiC_nit_1M KOH_ vs RHE B_05_CVA_C02.txt,313,0,313,1.0090982,1.599973,-0.2024166727635985,0.2492320385316144,-0.017814492602671927,,-1.1508497339715422,-1.1508497339715422
1159,0,579,B[N94]_NiC_nit_1M KOH_ vs RHE B_05_CVA_C02.txt,321,321,0,1.0000007,1.589788,-0.01155610382556915,0.3414067540668562,0.05663293456123057,3.2617127225389786,,3.2617127225389786
1160,0,580,B[N94]_NiC_nit_1M KOH_ vs RHE B_05_CVA_C02.txt,312,0,312,1.0091206,1.5999702,-0.202636306639028,0.2472989903046532,-0.018518168172468145,,-1.144980804996623,-1.144980804996623
1161,0,580,B[N94]_NiC_nit_1M KOH_ vs RHE B_05_CVA_C02.txt,321,321,0,1.0000231,1.5911137,-0.01272576861083508,0.3402065304783153,0.05686546255162303,3.285541924696023,,3.285541924696023
1162,0,581,B[N94]_NiC_nit_1M KOH_ vs RHE B_05_CVA_C02.txt,313,0,313,1.0090954,1.599973,-0.2022432511563377,0.2492734106338541,-0.01776669724603055,,-1.147955105516743,-1.147955105516743
1163,0,581,B[N94]_NiC_nit_1M KOH_ vs RHE B_05_CVA_C02.txt,317,317,0,0.99999797,1.59016,-0.01028843689709902,0.3410522126217694,0.056339238810708646,3.261548457427201,,3.261548457427201
1164,0,582,B[N94]_NiC_nit_1M KOH_ vs RHE B_05_CVA_C02.txt,313,0,313,1.0091016,1.5999609,-0.2018480554530915,0.2495680972933769,-0.01791352882082821,,-1.1568534411249836,-1.1568534411249836
1165,0,582,B[N94]_NiC_nit_1M KOH_ vs RHE B_05_CVA_C02.txt,318,318,0,1.0000044,1.5911226,-0.01251003611832857,0.3423329217984898,0.05658322598127838,3.2838169034850715,,3.2838169034850715
1166,0,583,B[N94]_NiC_nit_1M KOH_ vs RHE B_05_CVA_C02.txt,313,0,313,1.0090996,1.599973,-0.20215719802506,0.2484813442696692,-0.018008745121335584,,-1.1622179790181175,-1.1622179790181175
1167,0,583,B[N94]_NiC_nit_1M KOH_ vs RHE B_05_CVA_C02.txt,321,321,0,1.0000015,1.5902818,-0.01144155487418175,0.3424452169802974,0.057195508639412564,3.262041012618824,,3.262041012618824
1168,0,584,B[N94]_NiC_nit_1M KOH_ vs RHE B_05_CVA_C02.txt,312,0,312,1.0091213,1.5999691,-0.2021538634732043,0.2463737357407805,-0.018907432417108388,,-1.16776694690487,-1.16776694690487
1169,0,584,B[N94]_NiC_nit_1M KOH_ vs RHE B_05_CVA_C02.txt,318,318,0,1.0000236,1.5905309,-0.01153128501027822,0.3416340619250691,0.05644626711353742,3.266869685927109,,3.266869685927109
1170,0,585,B[N94]_NiC_nit_1M KOH_ vs RHE B_05_CVA_C02.txt,313,0,313,1.0091021,1.5999808,-0.2014573732753515,0.2486998137572537,-0.01768570841717885,,-1.1431400463551138,-1.1431400463551138
1171,0,585,B[N94]_NiC_nit_1M KOH_ vs RHE B_05_CVA_C02.txt,317,317,0,1.0000048,1.5901583,-0.009668693886379948,0.341273834338077,0.05642778821132626,3.2810415852549046,,3.2810415852549046
1172,0,586,B[N94]_NiC_nit_1M KOH_ vs RHE B_05_CVA_C02.txt,313,0,313,1.0090954,1.599959,-0.2011463959474584,0.2488835282299828,-0.017591005768816215,,-1.1375665596388405,-1.1375665596388405
1173,0,586,B[N94]_NiC_nit_1M KOH_ vs RHE B_05_CVA_C02.txt,321,321,0,0.99999797,1.5909519,-0.01117682177573442,0.3439430944194646,0.05769262501882809,3.307103750763383,,3.307103750763383
1174,0,587,B[N94]_NiC_nit_1M KOH_ vs RHE B_05_CVA_C02.txt,313,0,313,1.0091016,1.5999531,-0.2009747872381156,0.2502837822489115,-0.017376736699593293,,-1.1253105093729836,-1.1253105093729836
1175,0,587,B[N94]_NiC_nit_1M KOH_ vs RHE B_05_CVA_C02.txt,317,317,0,1.0000043,1.5899562,-0.01012961829648069,0.3414299134715466,0.05664095592970532,3.2864331652179697,,3.2864331652179697
1176,0,588,B[N94]_NiC_nit_1M KOH_ vs RHE B_05_CVA_C02.txt,313,0,313,1.0091022,1.599957,-0.2013991520952159,0.2481778037288906,-0.017686238911738435,,-1.1430147254465124,-1.1430147254465124
1177,0,588,B[N94]_NiC_nit_1M KOH_ vs RHE B_05_CVA_C02.txt,318,318,0,1.0000048,1.5901741,-0.01051689684391022,0.3457196886068501,0.05690385081634611,3.286227928485094,,3.286227928485094
1178,0,589,B[N94]_NiC_nit_1M KOH_ vs RHE B_05_CVA_C02.txt,313,0,313,1.0090997,1.5999749,-0.2013661827880315,0.2482033993886865,-0.017562525712974942,,-1.1354803301111567,-1.1354803301111567
1179,0,589,B[N94]_NiC_nit_1M KOH_ vs RHE B_05_CVA_C02.txt,318,318,0,1.0000023,1.58998,-0.01130091585218906,0.3406200367671843,0.05665602187014307,3.287939096241205,,3.287939096241205
1180,0,590,B[N94]_NiC_nit_1M KOH_ vs RHE B_05_CVA_C02.txt,313,0,313,1.0090996,1.5999829,-0.2013476279445321,0.2488263994455338,-0.017568551897946903,,-1.1361814203130305,-1.1361814203130305
1181,0,590,B[N94]_NiC_nit_1M KOH_ vs RHE B_05_CVA_C02.txt,321,321,0,1.0000021,1.5903716,-0.01187683828175068,0.3409725530616159,0.057295414995614524,3.300846246841685,,3.300846246841685
1182,0,591,B[N94]_NiC_nit_1M KOH_ vs RHE B_05_CVA_C02.txt,313,0,313,1.0090971,1.599973,-0.2013011488115311,0.2492413096453832,-0.017358574414025742,,-1.1241268609845578,-1.1241268609845578
1183,0,591,B[N94]_NiC_nit_1M KOH_ vs RHE B_05_CVA_C02.txt,319,319,0,0.99999964,1.5906562,-0.01111572980880737,0.3421447621527665,0.05723086429065967,3.3017932279801774,,3.3017932279801774
1184,0,592,B[N94]_NiC_nit_1M KOH_ vs RHE B_05_CVA_C02.txt,312,0,312,1.0091213,1.599968,-0.2016888499317577,0.2472780838608735,-0.018526714997989337,,-1.145349731947619,-1.145349731947619
1185,0,592,B[N94]_NiC_nit_1M KOH_ vs RHE B_05_CVA_C02.txt,321,321,0,1.0000238,1.5910207,-0.01138300914317369,0.3421182501802624,0.05755522345946121,3.3053036206479174,,3.3053036206479174
1186,0,593,B[N94]_NiC_nit_1M KOH_ vs RHE B_05_CVA_C02.txt,313,0,313,1.0090954,1.5999709,-0.200960384328446,0.2488656831176383,-0.01783178415204791,,-1.1518882083254138,-1.1518882083254138
1187,0,593,B[N94]_NiC_nit_1M KOH_ vs RHE B_05_CVA_C02.txt,318,318,0,0.99999785,1.5902406,-0.01007184698043959,0.3413058111689313,0.057193072903888094,3.291224852316202,,3.291224852316202
1188,0,594,B[N94]_NiC_nit_1M KOH_ vs RHE B_05_CVA_C02.txt,312,0,312,1.0091115,1.599966,-0.2013251686997504,0.247555889007522,-0.018573832777995396,,-1.1483380658103797,-1.1483380658103797
1189,0,594,B[N94]_NiC_nit_1M KOH_ vs RHE B_05_CVA_C02.txt,317,317,0,1.0000138,1.5904602,-0.01124364137649536,0.3415551154862555,0.0566906813247471,3.297426657797661,,3.297426657797661
1190,0,595,B[N94]_NiC_nit_1M KOH_ vs RHE B_05_CVA_C02.txt,313,0,313,1.0090994,1.599961,-0.2006548205434598,0.2490389084686404,-0.017836984737152402,,-1.152010598693644,-1.152010598693644
1191,0,595,B[N94]_NiC_nit_1M KOH_ vs RHE B_05_CVA_C02.txt,317,317,0,1.0000019,1.5901542,-0.01142373774200678,0.3402312624897901,0.056882382950929296,3.2942815573369324,,3.2942815573369324
1192,0,596,B[N94]_NiC_nit_1M KOH_ vs RHE B_05_CVA_C02.txt,313,0,313,1.0091019,1.5999551,-0.2002849226479508,0.2483770277189172,-0.017811840137146727,,-1.1505298391075944,-1.1505298391075944
1193,0,596,B[N94]_NiC_nit_1M KOH_ vs RHE B_05_CVA_C02.txt,320,320,0,1.0000045,1.5899444,-0.01231721322983503,0.3419067054438703,0.05853445065001892,3.3308861792498923,,3.3308861792498923
1194,0,597,B[N94]_NiC_nit_1M KOH_ vs RHE B_05_CVA_C02.txt,313,0,313,1.0090981,1.6000451,-0.1995989361758086,0.256155252456665,-0.01591401913795125,,-1.0403738440306924,-1.0403738440306924
1195,0,597,B[N94]_NiC_nit_1M KOH_ vs RHE B_05_CVA_C02.txt,321,321,0,1.0000006,1.5907187,-0.01064461594164048,0.3427820171816258,0.058462728763751796,3.3826270733863195,,3.3826270733863195
1196,0,598,B[N94]_NiC_nit_1M KOH_ vs RHE B_05_CVA_C02.txt,312,0,312,1.0091107,1.5999597,-0.1994845318072942,0.2508220933377738,-0.016813337110121247,,-1.0445712570649872,-1.0445712570649872
1197,0,598,B[N94]_NiC_nit_1M KOH_ vs RHE B_05_CVA_C02.txt,321,321,0,1.0000134,1.5913026,-0.01191756688058376,0.3416461426694291,0.05917836319239649,3.38471553427394,,3.38471553427394
1198,0,599,B[N94]_NiC_nit_1M KOH_ vs RHE B_05_CVA_C02.txt,313,0,313,1.0090982,1.5999529,-0.1995069382019065,0.2544432904409326,-0.016079909777355766,,-1.0496450202522218,-1.0496450202522218
1199,0,599,B[N94]_NiC_nit_1M KOH_ vs RHE B_05_CVA_C02.txt,320,320,0,1.0000007,1.590938,-0.009360861342294746,0.3416361320858075,0.0583891150173812,3.3762404537121258,,3.3762404537121258
1200,0,600,B[N94]_NiC_nit_1M KOH_ vs RHE B_05_CVA_C02.txt,313,0,313,1.0090985,1.600039,-0.1999245974695003,0.2581535875797272,-0.016235469737158382,,-1.0605365936135367,-1.0605365936135367
1201,0,601,B[N94]_NiC_nit_1M KOH_ vs RHE B_05_CVA_C02.txt,321,321,0,0.99998367,1.5898881,-0.003729737563213091,0.3459092017147203,0.061942398726938575,3.6115099700819777,,3.6115099700819777
1202,0,601,B[N94]_NiC_nit_1M KOH_ vs RHE B_05_CVA_C02.txt,313,0,313,1.0091003,1.5999891,-0.1978895694853693,0.2686694510605023,-0.013266278075183633,,-0.8876315539864866,-0.8876315539864866
1203,0,601,B[N94]_NiC_nit_1M KOH_ vs RHE B_05_CVA_C02.txt,319,319,0,1.000003,1.5897651,-0.01085417717695236,0.3411870033998947,0.05972294254301791,3.4580061881282846,,3.4580061881282846
1204,0,602,B[N94]_NiC_nit_1M KOH_ vs RHE B_05_CVA_C02.txt,312,0,312,1.0091133,1.599975,-0.1973169816050966,0.2690542815504839,-0.014188947667889758,,-0.8923256241051619,-0.8923256241051619
1205,0,602,B[N94]_NiC_nit_1M KOH_ vs RHE B_05_CVA_C02.txt,318,318,0,1.0000278,1.5897038,-0.009425280421929085,0.340039456460604,0.059934339992999366,3.4402264892324217,,3.4402264892324217
1206,0,603,B[N94]_NiC_nit_1M KOH_ vs RHE B_05_CVA_C02.txt,313,0,313,1.0091007,1.5999552,-0.1986046767378213,0.2691450975042708,-0.013909828720631847,,-0.9260122024807673,-0.9260122024807673
1207,0,603,B[N94]_NiC_nit_1M KOH_ vs RHE B_05_CVA_C02.txt,320,320,0,1.0000032,1.5906494,-0.0094331419095397,0.3402843799770847,0.059611064733656426,3.450271566975046,,3.450271566975046
1208,0,604,B[N94]_NiC_nit_1M KOH_ vs RHE B_05_CVA_C02.txt,312,0,312,1.0091153,1.5999824,-0.1978173480593703,0.2707463051042254,-0.015123488946917462,,-0.9480193849730374,-0.9480193849730374
1209,0,604,B[N94]_NiC_nit_1M KOH_ vs RHE B_05_CVA_C02.txt,318,318,0,1.0000217,1.5910345,-0.01002446650527418,0.340565360642215,0.05953199553130565,3.445831935277875,,3.445831935277875
1210,0,605,B[N94]_NiC_nit_1M KOH_ vs RHE B_05_CVA_C02.txt,312,0,312,1.0091004,1.599952,-0.1988889820333624,0.2697746145228545,-0.01525006890614336,,-0.955201767449619,-0.955201767449619
1211,0,605,B[N94]_NiC_nit_1M KOH_ vs RHE B_05_CVA_C02.txt,319,319,0,1.0000031,1.5897119,-0.01045834925025702,0.3397111691115491,0.05882360044995794,3.4121444845031936,,3.4121444845031936
1212,0,606,B[N94]_NiC_nit_1M KOH_ vs RHE B_05_CVA_C02.txt,312,0,312,1.0091194,1.5999724,-0.199178373086442,0.2686619225301241,-0.01562875706890774,,-0.9775749925023114,-0.9775749925023114
1213,0,606,B[N94]_NiC_nit_1M KOH_ vs RHE B_05_CVA_C02.txt,317,317,0,1.0000384,1.5911273,-0.01016725180670619,0.3407168192811021,0.059579001517607186,3.4335149262360973,,3.4335149262360973
1214,0,607,B[N94]_NiC_nit_1M KOH_ vs RHE B_05_CVA_C02.txt,312,0,312,1.0091124,1.5999606,-0.1992175084851793,0.2692248428409743,-0.01590483921077637,,-0.9939332369814449,-0.9939332369814449
1215,0,607,B[N94]_NiC_nit_1M KOH_ vs RHE B_05_CVA_C02.txt,320,320,0,1.000015,1.5902534,-0.01049971487373114,0.3395141672417885,0.058783219846399073,3.4012012568513685,,3.4012012568513685
1216,0,608,B[N94]_NiC_nit_1M KOH_ vs RHE B_05_CVA_C02.txt,313,0,313,1.0091,1.5999533,-0.1991193168649823,0.2718289844367816,-0.014990915738182543,,-0.9910940031858952,-0.9910940031858952
1217,0,608,B[N94]_NiC_nit_1M KOH_ vs RHE B_05_CVA_C02.txt,321,321,0,1.0000027,1.5910702,-0.01064193137394993,0.3405931985271415,0.05946267501997909,3.4211979132905252,,3.4211979132905252
1218,0,609,B[N94]_NiC_nit_1M KOH_ vs RHE B_05_CVA_C02.txt,312,0,312,1.0091153,1.5999688,-0.1997667919503847,0.2695289820432663,-0.016116317408788036,,-1.00662129963631,-1.00662129963631
1219,0,609,B[N94]_NiC_nit_1M KOH_ vs RHE B_05_CVA_C02.txt,319,319,0,1.0000317,1.5905784,-0.009623516924137708,0.3410021724484715,0.05917077733331041,3.404528122796729,,3.404528122796729
1220,0,610,B[N94]_NiC_nit_1M KOH_ vs RHE B_05_CVA_C02.txt,313,0,313,1.0090948,1.599979,-0.1991621627603708,0.2719075582597563,-0.015384378875642755,,-1.0146165599887969,-1.0146165599887969
1221,0,610,B[N94]_NiC_nit_1M KOH_ vs RHE B_05_CVA_C02.txt,320,320,0,0.99999774,1.5901903,-0.0101298123760068,0.3419550093767156,0.059653582137495595,3.3978412457013936,,3.3978412457013936
1222,0,611,B[N94]_NiC_nit_1M KOH_ vs RHE B_05_CVA_C02.txt,313,0,313,1.0090986,1.6000413,-0.1991421699197702,0.2779587507247925,-0.015398988465004601,,-1.0177409258269348,-1.0177409258269348
1223,0,611,B[N94]_NiC_nit_1M KOH_ vs RHE B_05_CVA_C02.txt,319,319,0,1.0000014,1.5894846,-0.01034432720473927,0.3412874403238688,0.05861231543150354,3.374684411864424,,3.374684411864424
1224,0,612,B[N94]_NiC_nit_1M KOH_ vs RHE B_05_CVA_C02.txt,312,0,312,1.0090985,1.5999489,-0.1990690660533413,0.269871451854705,-0.016661673413216678,,-1.0388385555423099,-1.0388385555423099
1225,0,612,B[N94]_NiC_nit_1M KOH_ vs RHE B_05_CVA_C02.txt,317,317,0,1.0000012,1.5900551,-0.009612391827869536,0.3423951195194785,0.05803924956926379,3.379174148546571,,3.379174148546571
1226,0,613,B[N94]_NiC_nit_1M KOH_ vs RHE B_05_CVA_C02.txt,313,0,313,1.0090967,1.5999553,-0.1991235066111336,0.2710179582886072,-0.01595423631514329,,-1.048172983296399,-1.048172983296399
1227,0,613,B[N94]_NiC_nit_1M KOH_ vs RHE B_05_CVA_C02.txt,320,320,0,0.99999928,1.589994,-0.009965571696343642,0.342055853761928,0.05901230899748515,3.3708285966929763,,3.3708285966929763
1228,0,614,B[N94]_NiC_nit_1M KOH_ vs RHE B_05_CVA_C02.txt,312,0,312,1.0090998,1.5999519,-0.1993131330165231,0.2706003480901321,-0.01704650049137834,,-1.0618499365758844,-1.0618499365758844
1229,0,614,B[N94]_NiC_nit_1M KOH_ vs RHE B_05_CVA_C02.txt,324,324,0,1.0000024,1.5905665,-0.01111391741458488,0.3428535200193124,0.05987899350367424,3.3864098251983656,,3.3864098251983656
1230,0,615,B[N94]_NiC_nit_1M KOH_ vs RHE B_05_CVA_C02.txt,313,0,313,1.0090966,1.599967,-0.1991932782455703,0.2706089933281359,-0.01617097567209546,,-1.061214070575173,-1.061214070575173
1231,0,615,B[N94]_NiC_nit_1M KOH_ vs RHE B_05_CVA_C02.txt,320,320,0,0.99999917,1.5895021,-0.01160701457411051,0.3425379413148404,0.05817479282407247,3.3577243748194023,,3.3577243748194023
1232,0,616,B[N94]_NiC_nit_1M KOH_ vs RHE B_05_CVA_C02.txt,313,0,313,1.0090998,1.5999533,-0.1990713444362269,0.2714277732631429,-0.016305576648142858,,-1.0689975679230064,-1.0689975679230064
1233,0,616,B[N94]_NiC_nit_1M KOH_ vs RHE B_05_CVA_C02.txt,321,321,0,1.0000025,1.5907681,-0.01016752421855927,0.3433487423287578,0.05910015003934105,3.38054984617469,,3.38054984617469
1234,0,617,B[N94]_NiC_nit_1M KOH_ vs RHE B_05_CVA_C02.txt,313,0,313,1.0090995,1.5999691,-0.1993116773189747,0.269939383734827,-0.016423540700472965,,-1.0759291383173208,-1.0759291383173208
1235,0,617,B[N94]_NiC_nit_1M KOH_ vs RHE B_05_CVA_C02.txt,317,317,0,1.000002,1.5903531,-0.01163055934011936,0.3434870460091215,0.05772992188968469,3.3640497349491008,,3.3640497349491008
1236,0,618,B[N94]_NiC_nit_1M KOH_ vs RHE B_05_CVA_C02.txt,313,0,313,1.0090996,1.5999572,-0.1993697620176043,0.2693065709393958,-0.016684967986513873,,-1.0910719174461638,-1.0910719174461638
1237,0,618,B[N94]_NiC_nit_1M KOH_ vs RHE B_05_CVA_C02.txt,318,318,0,1.000002,1.5903862,-0.01046472785832441,0.3419459794399951,0.058343804211019416,3.375316834035071,,3.375316834035071
1238,0,619,B[N94]_NiC_nit_1M KOH_ vs RHE B_05_CVA_C02.txt,313,0,313,1.0090985,1.599987,-0.1991509737742647,0.270086311127828,-0.016551364453651195,,-1.083452457006384,-1.083452457006384
1239,0,619,B[N94]_NiC_nit_1M KOH_ vs RHE B_05_CVA_C02.txt,318,318,0,1.0000012,1.5902785,-0.01025852654129267,0.3426099490640149,0.058313016717452315,3.356646510554761,,3.356646510554761
1240,0,620,B[N94]_NiC_nit_1M KOH_ vs RHE B_05_CVA_C02.txt,313,0,313,1.009096,1.5999792,-0.19898130527387,0.2678743691548053,-0.016840708845878467,,-1.09977219338361,-1.09977219338361
1241,0,620,B[N94]_NiC_nit_1M KOH_ vs RHE B_05_CVA_C02.txt,321,321,0,0.99999869,1.5901823,-0.009857677105490292,0.3434195213678162,0.058511625941367475,3.3508797517295594,,3.3508797517295594
1242,0,621,B[N94]_NiC_nit_1M KOH_ vs RHE B_05_CVA_C02.txt,313,0,313,1.0090967,1.599991,-0.1989741226450166,0.2676856511312982,-0.017010726777423758,,-1.1099116410162204,-1.1099116410162204
1243,0,621,B[N94]_NiC_nit_1M KOH_ vs RHE B_05_CVA_C02.txt,319,319,0,0.9999994,1.5902629,-0.01057608040940503,0.343324336388896,0.05846292596299957,3.3584583674750315,,3.3584583674750315
1244,0,622,B[N94]_NiC_nit_1M KOH_ vs RHE B_05_CVA_C02.txt,312,0,312,1.0091213,1.5999752,-0.1982326884365042,0.2663455919639485,-0.018056746847018374,,-1.1210226934895793,-1.1210226934895793
1245,0,622,B[N94]_NiC_nit_1M KOH_ vs RHE B_05_CVA_C02.txt,320,320,0,1.0000236,1.5910779,-0.01036798302084208,0.3425502689591884,0.058810259696687475,3.364449946582065,,3.364449946582065
1246,0,623,B[N94]_NiC_nit_1M KOH_ vs RHE B_05_CVA_C02.txt,312,0,312,1.0091224,1.5999712,-0.1998694037333868,0.265171888547066,-0.018059705498118302,,-1.1209567863141414,-1.1209567863141414
1247,0,623,B[N94]_NiC_nit_1M KOH_ vs RHE B_05_CVA_C02.txt,320,320,0,1.000025,1.5904957,-0.01003261189907789,0.3429138312505864,0.05812851436972248,3.359183915920414,,3.359183915920414
1248,0,624,B[N94]_NiC_nit_1M KOH_ vs RHE B_05_CVA_C02.txt,312,0,312,1.0091213,1.5999781,-0.1981783919601483,0.2662109034402027,-0.01794041117592888,,-1.1140306080530789,-1.1140306080530789
1249,0,624,B[N94]_NiC_nit_1M KOH_ vs RHE B_05_CVA_C02.txt,318,318,0,1.0000272,1.5894847,-0.01125692008909854,0.3423071839161214,0.05858009254960524,3.3430263934095237,,3.3430263934095237
1250,0,625,B[N94]_NiC_nit_1M KOH_ vs RHE B_05_CVA_C02.txt,313,0,313,1.009094,1.5999911,-0.198970966768937,0.2662006039982256,-0.01708362458734051,,-1.1137720778074187,-1.1137720778074187
1251,0,625,B[N94]_NiC_nit_1M KOH_ vs RHE B_05_CVA_C02.txt,317,317,0,0.99999666,1.5908883,-0.009808135853273977,0.3445176181966703,0.0581643657731661,3.3833682281414315,,3.3833682281414315
1252,0,626,B[N94]_NiC_nit_1M KOH_ vs RHE B_05_CVA_C02.txt,312,0,312,1.0091153,1.599966,-0.1991620162339363,0.2656103045475193,-0.018057478163963168,,-1.120904759721125,-1.120904759721125
1253,0,626,B[N94]_NiC_nit_1M KOH_ vs RHE B_05_CVA_C02.txt,318,318,0,1.0000321,1.5902998,-0.01010958481914932,0.3428066472972082,0.05862303248968136,3.355952846220399,,3.355952846220399
1254,0,627,B[N94]_NiC_nit_1M KOH_ vs RHE B_05_CVA_C02.txt,313,0,313,1.0090985,1.5999515,-0.1989774754295839,0.2648388166790423,-0.017322647041368107,,-1.1274064494669174,-1.1274064494669174
1255,0,627,B[N94]_NiC_nit_1M KOH_ vs RHE B_05_CVA_C02.txt,319,319,0,1.0000012,1.5907962,-0.01093409893750824,0.3438135179464448,0.05869141403813944,3.366094886737753,,3.366094886737753
1256,0,628,B[N94]_NiC_nit_1M KOH_ vs RHE B_05_CVA_C02.txt,313,0,313,1.0090976,1.599997,-0.1985136846200044,0.266174740117529,-0.017282244050825415,,-1.1252281314769217,-1.1252281314769217
1257,0,628,B[N94]_NiC_nit_1M KOH_ vs RHE B_05_CVA_C02.txt,321,321,0,1.0000001,1.5898765,-0.01114692589592031,0.3427405570776063,0.05825966775774288,3.3498959060268874,,3.3498959060268874
1258,0,629,B[N94]_NiC_nit_1M KOH_ vs RHE B_05_CVA_C02.txt,313,0,313,1.0090978,1.5999773,-0.1989460977587365,0.2653949824364288,-0.017139130371346005,,-1.116925931090392,-1.116925931090392
1259,0,629,B[N94]_NiC_nit_1M KOH_ vs RHE B_05_CVA_C02.txt,317,317,0,1.0000004,1.5906876,-0.0106497892866964,0.3418686092024643,0.05808263663053288,3.374334633050103,,3.374334633050103
1260,0,630,B[N94]_NiC_nit_1M KOH_ vs RHE B_05_CVA_C02.txt,312,0,312,1.0091153,1.5999738,-0.197443643389994,0.2645985379412359,-0.018241264024668177,,-1.1315808071273468,-1.1315808071273468
1261,0,630,B[N94]_NiC_nit_1M KOH_ vs RHE B_05_CVA_C02.txt,321,321,0,1.0000356,1.5910505,-0.01118191293682214,0.3427414082998386,0.05900747235042887,3.374355257788261,,3.374355257788261
1262,0,631,B[N94]_NiC_nit_1M KOH_ vs RHE B_05_CVA_C02.txt,313,0,313,1.0090996,1.5999534,-0.1984926368587994,0.2644014915694357,-0.017468304189874623,,-1.1358051830821123,-1.1358051830821123
1263,0,631,B[N94]_NiC_nit_1M KOH_ vs RHE B_05_CVA_C02.txt,318,318,0,1.0000015,1.5898906,-0.01078799366950989,0.343460506588801,0.05806614092924334,3.356754360777581,,3.356754360777581
1264,0,632,B[N94]_NiC_nit_1M KOH_ vs RHE B_05_CVA_C02.txt,313,0,313,1.0090994,1.5999911,-0.1991071633255554,0.2648331322099846,-0.017264691637465412,,-1.1240036722150017,-1.1240036722150017
1265,0,632,B[N94]_NiC_nit_1M KOH_ vs RHE B_05_CVA_C02.txt,321,321,0,1.0000019,1.5899913,-0.01122843812260294,0.3431737809497033,0.05859936072769603,3.3605395286483577,,3.3605395286483577
1266,0,633,B[N94]_NiC_nit_1M KOH_ vs RHE B_05_CVA_C02.txt,313,0,313,1.0091014,1.5999912,-0.1990322904891366,0.264183315893878,-0.017336313837314835,,-1.1280547343822926,-1.1280547343822926
1267,0,633,B[N94]_NiC_nit_1M KOH_ vs RHE B_05_CVA_C02.txt,321,321,0,1.0000041,1.5912921,-0.01082426775246859,0.3435446680550673,0.0583441093567111,3.3770078386527476,,3.3770078386527476
1268,0,634,B[N94]_NiC_nit_1M KOH_ vs RHE B_05_CVA_C02.txt,312,0,312,1.0091195,1.5999748,-0.1995393865095201,0.263701880300367,-0.0184683921520292,,-1.1448919354673226,-1.1448919354673226
1269,0,634,B[N94]_NiC_nit_1M KOH_ vs RHE B_05_CVA_C02.txt,317,317,0,1.0000317,1.5896479,-0.0113418224081397,0.3431399702890778,0.058174510737879034,3.343860773462927,,3.343860773462927
1270,0,635,B[N94]_NiC_nit_1M KOH_ vs RHE B_05_CVA_C02.txt,312,0,312,1.0091668,1.6000164,-0.1980842587422833,0.2657709739037923,-0.018585393802167276,,-1.152108567859095,-1.152108567859095
1271,0,635,B[N94]_NiC_nit_1M KOH_ vs RHE B_05_CVA_C02.txt,321,321,0,0.99996936,1.5910958,-0.01362369861453772,0.343727997517064,0.05824385288061399,3.3637846424230036,,3.3637846424230036
1272,0,636,B[N94]_NiC_nit_1M KOH_ vs RHE B_05_CVA_C02.txt,312,0,312,1.0091234,1.5999873,-0.1978305038547239,0.2627388171611296,-0.0187404092339051,,-1.1607807282067015,-1.1607807282067015
1273,0,636,B[N94]_NiC_nit_1M KOH_ vs RHE B_05_CVA_C02.txt,318,318,0,1.0000374,1.5910534,-0.01146882565485106,0.3420725700700866,0.05867030038157985,3.384968918485567,,3.384968918485567
1274,0,637,B[N94]_NiC_nit_1M KOH_ vs RHE B_05_CVA_C02.txt,313,0,313,1.0090988,1.5999535,-0.1981945275362094,0.2640294510385264,-0.016916175943921766,,-1.1026319950151213,-1.1026319950151213
1275,0,637,B[N94]_NiC_nit_1M KOH_ vs RHE B_05_CVA_C02.txt,320,320,0,1.0000014,1.5897059,-0.01034352487034126,0.3418806788216195,0.05957356232814511,3.3872824055399064,,3.3872824055399064
1276,0,638,B[N94]_NiC_nit_1M KOH_ vs RHE B_05_CVA_C02.txt,313,0,313,1.0090948,1.5999575,-0.1978124234505372,0.2641642696045814,-0.0164796617823778,,-1.0770958943142255,-1.0770958943142255
1277,0,638,B[N94]_NiC_nit_1M KOH_ vs RHE B_05_CVA_C02.txt,319,319,0,0.9999975,1.5901141,-0.01096745301038027,0.3408513708004182,0.058921341674598504,3.4004446287395216,,3.4004446287395216
1278,0,639,B[N94]_NiC_nit_1M KOH_ vs RHE B_05_CVA_C02.txt,312,0,312,1.0091193,1.5999937,-0.1967719903480329,0.2646331996829421,-0.017203802149353836,,-1.0702162110932267,-1.0702162110932267
1279,0,639,B[N94]_NiC_nit_1M KOH_ vs RHE B_05_CVA_C02.txt,318,318,0,1.0000333,1.5904605,-0.01132708363234997,0.3409965364919318,0.059399073673492994,3.413308424712445,,3.413308424712445
1280,0,640,B[N94]_NiC_nit_1M KOH_ vs RHE B_05_CVA_C02.txt,313,0,313,1.0090984,1.5999614,-0.1974949543722123,0.264674184762913,-0.016407929056257434,,-1.0730730290136117,-1.0730730290136117
1281,0,640,B[N94]_NiC_nit_1M KOH_ vs RHE B_05_CVA_C02.txt,320,320,0,1.000001,1.5910777,-0.01052861460282103,0.3404701015504767,0.059305681118155575,3.4163559845926437,,3.4163559845926437
1282,0,641,B[N94]_NiC_nit_1M KOH_ vs RHE B_05_CVA_C02.txt,312,0,312,1.0091133,1.5999866,-0.1968071140511094,0.2640467363019141,-0.017428666729278897,,-1.0834304990571435,-1.0834304990571435
1283,0,641,B[N94]_NiC_nit_1M KOH_ vs RHE B_05_CVA_C02.txt,317,317,0,1.0000383,1.5901856,-0.01096043080490615,0.3400322480374526,0.05898197776698677,3.392994155938294,,3.392994155938294
1284,0,642,B[N94]_NiC_nit_1M KOH_ vs RHE B_05_CVA_C02.txt,312,0,312,1.0091208,1.5999666,-0.1980198492711436,0.2654789795235883,-0.01746799100918157,,-1.0859113639119673,-1.0859113639119673
1285,0,642,B[N94]_NiC_nit_1M KOH_ vs RHE B_05_CVA_C02.txt,315,315,0,1.0000331,1.5903695,-0.00973729680521898,0.3408365449303021,0.058646351630335526,3.4039142990946067,,3.4039142990946067
1286,0,643,B[N94]_NiC_nit_1M KOH_ vs RHE B_05_CVA_C02.txt,313,0,313,1.0090969,1.5999693,-0.197413911460254,0.2668653752492822,-0.016643947512742233,,-1.0875551168888424,-1.0875551168888424
1287,0,643,B[N94]_NiC_nit_1M KOH_ vs RHE B_05_CVA_C02.txt,319,319,0,0.9999994,1.58959,-0.01042987956948902,0.3414644391380639,0.0587426776735204,3.3821854898149564,,3.3821854898149564
1288,0,644,B[N94]_NiC_nit_1M KOH_ vs RHE B_05_CVA_C02.txt,312,0,312,1.0091208,1.5999683,-0.1964135079923857,0.2663025200366973,-0.017864870591621174,,-1.1096652712966888,-1.1096652712966888
1289,0,644,B[N94]_NiC_nit_1M KOH_ vs RHE B_05_CVA_C02.txt,320,320,0,1.0000234,1.5903879,-0.01312923245131969,0.3396460648862396,0.05898023175763083,3.3990566718528505,,3.3990566718528505
1290,0,645,B[N94]_NiC_nit_1M KOH_ vs RHE B_05_CVA_C02.txt,312,0,312,1.0091136,1.5999601,-0.1978439493097457,0.2673657861622898,-0.017625882171318576,,-1.0955131085722913,-1.0955131085722913
1291,0,645,B[N94]_NiC_nit_1M KOH_ vs RHE B_05_CVA_C02.txt,320,320,0,1.0000163,1.5899936,-0.01182083785533905,0.339866066573173,0.05887713470563769,3.3940009663685817,,3.3940009663685817
1292,0,646,B[N94]_NiC_nit_1M KOH_ vs RHE B_05_CVA_C02.txt,312,0,312,1.0091119,1.5999634,-0.1979835026732723,0.2674299402292384,-0.017775259389205014,,-1.1043877218994504,-1.1043877218994504
1293,0,646,B[N94]_NiC_nit_1M KOH_ vs RHE B_05_CVA_C02.txt,320,320,0,1.0000147,1.5896751,-0.01096490770578384,0.3415699503479921,0.05890572039570284,3.3839351413872745,,3.3839351413872745
1294,0,647,B[N94]_NiC_nit_1M KOH_ vs RHE B_05_CVA_C02.txt,313,0,313,1.0090997,1.5999792,-0.1972875287227908,0.2671662763408991,-0.01706056289260931,,-1.1127704524021587,-1.1127704524021587
1295,0,647,B[N94]_NiC_nit_1M KOH_ vs RHE B_05_CVA_C02.txt,317,317,0,1.0000015,1.5908917,-0.01137466710465758,0.3392729765909523,0.05830780752185562,3.397182714262065,,3.397182714262065
1296,0,648,B[N94]_NiC_nit_1M KOH_ vs RHE B_05_CVA_C02.txt,312,0,312,1.0091103,1.5999612,-0.1986577273480425,0.2665944187478582,-0.018079440341785546,,-1.1223365824196718,-1.1223365824196718
1297,0,648,B[N94]_NiC_nit_1M KOH_ vs RHE B_05_CVA_C02.txt,317,317,0,1.000013,1.5904961,-0.01150455698370934,0.3390601301342671,0.05841858394268962,3.393668351257957,,3.393668351257957
1298,0,649,B[N94]_NiC_nit_1M KOH_ vs RHE B_05_CVA_C02.txt,313,0,313,1.0090984,1.5999594,-0.1977312367747412,0.266653561721677,-0.01726613359247419,,-1.1244990365199883,-1.1244990365199883
1299,0,649,B[N94]_NiC_nit_1M KOH_ vs RHE B_05_CVA_C02.txt,318,318,0,1.000001,1.5900924,-0.01073375046658127,0.3392691382693571,0.05849443015125378,3.385810341377237,,3.385810341377237
1300,0,650,B[N94]_NiC_nit_1M KOH_ vs RHE B_05_CVA_C02.txt,313,0,313,1.0090991,1.599993,-0.1974989537650944,0.268232543831286,-0.017344685228212194,,-1.1296811046056732,-1.1296811046056732
1301,0,650,B[N94]_NiC_nit_1M KOH_ vs RHE B_05_CVA_C02.txt,317,317,0,1.0000017,1.5897137,-0.01078928081804644,0.3397573755413332,0.058302084865570675,3.376997078461073,,3.376997078461073
1302,0,651,B[N94]_NiC_nit_1M KOH_ vs RHE B_05_CVA_C02.txt,313,0,313,1.0090936,1.5999832,-0.1974324753210353,0.2670189381941501,-0.017341342028981303,,-1.1294146983655355,-1.1294146983655355
1303,0,651,B[N94]_NiC_nit_1M KOH_ vs RHE B_05_CVA_C02.txt,320,320,0,0.99999619,1.5908476,-0.010319868143162,0.3420261521673265,0.058867592729217044,3.407719393881431,,3.407719393881431
1304,0,652,B[N94]_NiC_nit_1M KOH_ vs RHE B_05_CVA_C02.txt,313,0,313,1.0090981,1.5999514,-0.1975590502560713,0.2671777813330936,-0.017336611992209032,,-1.1290183657553017,-1.1290183657553017
1305,0,652,B[N94]_NiC_nit_1M KOH_ vs RHE B_05_CVA_C02.txt,320,320,0,1.0000005,1.5904897,-0.01148928329348564,0.342041799796676,0.05898579646971933,3.4029601232498004,,3.4029601232498004
1306,0,653,B[N94]_NiC_nit_1M KOH_ vs RHE B_05_CVA_C02.txt,312,0,312,1.0091065,1.5999566,-0.1976818685925164,0.2664443636718001,-0.018290262072901166,,-1.134796185188896,-1.134796185188896
1307,0,653,B[N94]_NiC_nit_1M KOH_ vs RHE B_05_CVA_C02.txt,320,320,0,1.0000091,1.590696,-0.01209447998553514,0.3408430632590971,0.05958491903759074,3.4005585478072007,,3.4005585478072007
1308,0,654,B[N94]_NiC_nit_1M KOH_ vs RHE B_05_CVA_C02.txt,312,0,312,1.0091234,1.5999825,-0.1964947904652405,0.2672949785535987,-0.01829932928320384,,-1.1354482978946454,-1.1354482978946454
1309,0,654,B[N94]_NiC_nit_1M KOH_ vs RHE B_05_CVA_C02.txt,317,317,0,1.0000347,1.589589,-0.0116647296012021,0.3395628918823157,0.058624834312732535,3.379864504217476,,3.379864504217476
1310,0,655,B[N94]_NiC_nit_1M KOH_ vs RHE B_05_CVA_C02.txt,312,0,312,1.0091159,1.5999629,-0.1976994687626734,0.265118887951207,-0.018274305138299425,,-1.133633192408832,-1.133633192408832
1311,0,655,B[N94]_NiC_nit_1M KOH_ vs RHE B_05_CVA_C02.txt,321,321,0,1.0000185,1.5900843,-0.01188702136278152,0.3409157656874411,0.05879328869749276,3.3911743854768996,,3.3911743854768996
1312,0,656,B[N94]_NiC_nit_1M KOH_ vs RHE B_05_CVA_C02.txt,313,0,313,1.0090971,1.599993,-0.1970184501851331,0.2663459429081452,-0.017504172850453092,,-1.1388777212051233,-1.1388777212051233
1313,0,656,B[N94]_NiC_nit_1M KOH_ vs RHE B_05_CVA_C02.txt,317,317,0,0.99999964,1.5907937,-0.0111170019954443,0.3412655504051854,0.058322294538022804,3.401499383764065,,3.401499383764065
1314,0,657,B[N94]_NiC_nit_1M KOH_ vs RHE B_05_CVA_C02.txt,312,0,312,1.0091194,1.5999782,-0.1965758670776452,0.2654290471758161,-0.01841656399319508,,-1.1421485949114172,-1.1421485949114172
1315,0,657,B[N94]_NiC_nit_1M KOH_ vs RHE B_05_CVA_C02.txt,318,318,0,1.0000263,1.5896645,-0.01134803776883266,0.3402538025510273,0.06112070742911962,3.473474512080861,,3.473474512080861
1316,0,658,B[N94]_NiC_nit_1M KOH_ vs RHE B_05_CVA_C02.txt,313,0,313,1.0090981,1.5999651,-0.1958385587072138,0.2693622651252339,-0.015037287073126102,,-0.9934731805045293,-0.9934731805045293
1317,0,658,B[N94]_NiC_nit_1M KOH_ vs RHE B_05_CVA_C02.txt,319,319,0,1.0000006,1.5903721,-0.01012552250176668,0.3404830672456081,0.06098664339985408,3.493698789253177,,3.493698789253177
1318,0,659,B[N94]_NiC_nit_1M KOH_ vs RHE B_05_CVA_C02.txt,312,0,312,1.0091176,1.5999657,-0.1948858406213088,0.2697004036205573,-0.015969726408541718,,-0.9979336854837229,-0.9979336854837229
1319,0,659,B[N94]_NiC_nit_1M KOH_ vs RHE B_05_CVA_C02.txt,317,317,0,1.0000275,1.5895803,-0.01128641762973176,0.3401589298696406,0.060307978525618464,3.478826118928705,,3.478826118928705
1320,0,660,B[N94]_NiC_nit_1M KOH_ vs RHE B_05_CVA_C02.txt,313,0,313,1.0090996,1.6000313,-0.1961855336512222,0.276166119005369,-0.015027211686783318,,-0.9953702420534851,-0.9953702420534851
1321,0,660,B[N94]_NiC_nit_1M KOH_ vs RHE B_05_CVA_C02.txt,319,319,0,1.0000021,1.5902599,-0.01083287307182732,0.339282039723193,0.060334449334893854,3.4934284738001016,,3.4934284738001016
1322,0,661,B[N94]_NiC_nit_1M KOH_ vs RHE B_05_CVA_C02.txt,312,0,312,1.009105,1.5999565,-0.1960710648488022,0.2738212126752604,-0.01615310281416387,,-1.0094664808627585,-1.0094664808627585
1323,0,661,B[N94]_NiC_nit_1M KOH_ vs RHE B_05_CVA_C02.txt,320,320,0,1.0000077,1.5910285,-0.01122009567916393,0.3382265886146556,0.060385828426054534,3.4942959146026715,,3.4942959146026715
1324,0,662,B[N94]_NiC_nit_1M KOH_ vs RHE B_05_CVA_C02.txt,313,0,313,1.0091016,1.6000292,-0.1960975488827974,0.2765937654868411,-0.015434352236225399,,-1.0195978184689467,-1.0195978184689467
1325,0,662,B[N94]_NiC_nit_1M KOH_ vs RHE B_05_CVA_C02.txt,319,319,0,1.0000044,1.590621,-0.01022482634036115,0.3394085086788152,0.06057262100845014,3.4813055575433363,,3.4813055575433363
1326,0,663,B[N94]_NiC_nit_1M KOH_ vs RHE B_05_CVA_C02.txt,312,0,312,1.0091041,1.599952,-0.1962826912565818,0.2740837888171273,-0.016673085733212783,,-1.0404035626645773,-1.0404035626645773
1327,0,663,B[N94]_NiC_nit_1M KOH_ vs RHE B_05_CVA_C02.txt,320,320,0,1.0000067,1.5910264,-0.01093484565575163,0.33866239247449,0.06016943881632626,3.486042708690715,,3.486042708690715
1328,0,664,B[N94]_NiC_nit_1M KOH_ vs RHE B_05_CVA_C02.txt,313,0,313,1.0090986,1.6000272,-0.1958603731217476,0.2776547987823901,-0.015774855678797807,,-1.040350298495778,-1.040350298495778
1329,0,664,B[N94]_NiC_nit_1M KOH_ vs RHE B_05_CVA_C02.txt,317,317,0,1.0000013,1.5901524,-0.01087835896760225,0.3382947975373312,0.05951398283861858,3.458897518115275,,3.458897518115275
1330,0,665,B[N94]_NiC_nit_1M KOH_ vs RHE B_05_CVA_C02.txt,313,0,313,1.0090973,1.599957,-0.1960157751130665,0.2759112806423847,-0.015930903389136792,,-1.0489285627165663,-1.0489285627165663
1331,0,665,B[N94]_NiC_nit_1M KOH_ vs RHE B_05_CVA_C02.txt,320,320,0,1.0,1.5907323,-0.01147337444126606,0.3386364486758335,0.060517984493661026,3.474337708834974,,3.474337708834974
1332,0,666,B[N94]_NiC_nit_1M KOH_ vs RHE B_05_CVA_C02.txt,313,0,313,1.0091016,1.6000332,-0.1961441730992002,0.2792634069919586,-0.01606637412099583,,-1.058260970031242,-1.058260970031242
1333,0,666,B[N94]_NiC_nit_1M KOH_ vs RHE B_05_CVA_C02.txt,320,320,0,1.0000043,1.5897523,-0.01176229026168585,0.3385181477193564,0.05949168212998812,3.443650581464629,,3.443650581464629
1334,0,667,B[N94]_NiC_nit_1M KOH_ vs RHE B_05_CVA_C02.txt,313,0,313,1.0091006,1.5999531,-0.1961585549023754,0.2774486522311748,-0.016285462108651755,,-1.0700943486106418,-1.0700943486106418
1335,0,667,B[N94]_NiC_nit_1M KOH_ vs RHE B_05_CVA_C02.txt,318,318,0,1.0000038,1.5895959,-0.01120996944930243,0.3398129688865148,0.05937667317914883,3.4336337659630014,,3.4336337659630014
1336,0,668,B[N94]_NiC_nit_1M KOH_ vs RHE B_05_CVA_C02.txt,312,0,312,1.0091006,1.5999506,-0.1963629326662,0.2746875553714985,-0.017370237523751723,,-1.0817855823386093,-1.0817855823386093
1337,0,668,B[N94]_NiC_nit_1M KOH_ vs RHE B_05_CVA_C02.txt,320,320,0,1.0000038,1.5895535,-0.01073200694973703,0.3385052054575917,0.059576285087122385,3.431280661356363,,3.431280661356363
1338,0,669,B[N94]_NiC_nit_1M KOH_ vs RHE B_05_CVA_C02.txt,313,0,313,1.0091015,1.5999531,-0.196285425283533,0.2766317420817436,-0.0165275344210859,,-1.0839228103931702,-1.0839228103931702
1339,0,669,B[N94]_NiC_nit_1M KOH_ vs RHE B_05_CVA_C02.txt,320,320,0,1.0000042,1.5910366,-0.01156472317550493,0.3407475979832861,0.059876868202057024,3.4576965044277954,,3.4576965044277954
1340,0,670,B[N94]_NiC_nit_1M KOH_ vs RHE B_05_CVA_C02.txt,313,0,313,1.0090998,1.600037,-0.1961616421636882,0.2795712099127146,-0.0166703357634789,,-1.0941235717965012,-1.0941235717965012
1341,0,670,B[N94]_NiC_nit_1M KOH_ vs RHE B_05_CVA_C02.txt,317,317,0,1.0000024,1.5896554,-0.01179983746260405,0.3390289744067916,0.058816553702149305,3.41900084914492,,3.41900084914492
1342,0,671,B[N94]_NiC_nit_1M KOH_ vs RHE B_05_CVA_C02.txt,313,0,313,1.0090954,1.5999551,-0.1959444987901353,0.2748656171433472,-0.01689813389795932,,-1.1058814736112557,-1.1058814736112557
1343,0,671,B[N94]_NiC_nit_1M KOH_ vs RHE B_05_CVA_C02.txt,320,320,0,0.99999809,1.5906483,-0.01156819579393967,0.338831956702716,0.05954129546551616,3.4387584427393927,,3.4387584427393927
1344,0,672,B[N94]_NiC_nit_1M KOH_ vs RHE B_05_CVA_C02.txt,312,0,312,1.0091195,1.599967,-0.1950044570401892,0.2753251263728509,-0.017880346552940355,,-1.1121726210446972,-1.1121726210446972
1345,0,672,B[N94]_NiC_nit_1M KOH_ vs RHE B_05_CVA_C02.txt,317,317,0,1.0000222,1.5912364,-0.0140398908406496,0.3384225680639598,0.0592269059634899,3.446588610142887,,3.446588610142887
1346,0,673,B[N94]_NiC_nit_1M KOH_ vs RHE B_05_CVA_C02.txt,313,0,313,1.009101,1.6000371,-0.1958458375921843,0.2773627288963483,-0.01701837902955108,,-1.11414341538976,-1.11414341538976
1347,0,673,B[N94]_NiC_nit_1M KOH_ vs RHE B_05_CVA_C02.txt,320,320,0,1.0000037,1.5905393,-0.01090432748036543,0.3383861530900223,0.059299443128959115,3.4356048038362763,,3.4356048038362763
1348,0,674,B[N94]_NiC_nit_1M KOH_ vs RHE B_05_CVA_C02.txt,313,0,313,1.0090986,1.6000392,-0.1956113078866339,0.2793397605419159,-0.017010675164061125,,-1.1142029319202718,-1.1142029319202718
1349,0,674,B[N94]_NiC_nit_1M KOH_ vs RHE B_05_CVA_C02.txt,319,319,0,1.0000013,1.5905507,-0.01061935350298882,0.3384607987011616,0.059135331040169006,3.437066577657333,,3.437066577657333
1350,0,675,B[N94]_NiC_nit_1M KOH_ vs RHE B_05_CVA_C02.txt,312,0,312,1.0091103,1.5999581,-0.1959671165891024,0.2727199263042874,-0.01799288243368663,,-1.1182299122580124,-1.1182299122580124
1351,0,675,B[N94]_NiC_nit_1M KOH_ vs RHE B_05_CVA_C02.txt,320,320,0,1.000013,1.5902435,-0.01345569454133511,0.3380813981366755,0.059356938608903155,3.427192207321718,,3.427192207321718
1352,0,676,B[N94]_NiC_nit_1M KOH_ vs RHE B_05_CVA_C02.txt,313,0,313,1.009101,1.6000431,-0.195530413051294,0.2794988751411438,-0.01712736007498098,,-1.121085389609679,-1.121085389609679
1353,0,676,B[N94]_NiC_nit_1M KOH_ vs RHE B_05_CVA_C02.txt,320,320,0,1.0000037,1.5905474,-0.0124788535758853,0.338674301867226,0.05968110698128626,3.4359636139314698,,3.4359636139314698
1354,0,677,B[N94]_NiC_nit_1M KOH_ vs RHE B_05_CVA_C02.txt,313,0,313,1.0091002,1.5999571,-0.195427848447783,0.2746456602345342,-0.01724669689554341,,-1.1259874350095096,-1.1259874350095096
1355,0,677,B[N94]_NiC_nit_1M KOH_ vs RHE B_05_CVA_C02.txt,319,319,0,1.000003,1.589761,-0.01320687215775251,0.3384223272638657,0.05890076716610599,3.408465942772681,,3.408465942772681
1356,0,678,B[N94]_NiC_nit_1M KOH_ vs RHE B_05_CVA_C02.txt,312,0,312,1.0091084,1.5999595,-0.1959768025398265,0.2718723793824509,-0.01842546605004339,,-1.143773397478922,-1.143773397478922
1357,0,678,B[N94]_NiC_nit_1M KOH_ vs RHE B_05_CVA_C02.txt,320,320,0,1.0000118,1.5902464,-0.01275886036455631,0.3397781292906439,0.05959841494067376,3.4163502616268957,,3.4163502616268957
1358,0,679,B[N94]_NiC_nit_1M KOH_ vs RHE B_05_CVA_C02.txt,313,0,313,1.009101,1.6000471,-0.1957413155234726,0.279397040605545,-0.01739208872097641,,-1.1366059908909742,-1.1366059908909742
1359,0,679,B[N94]_NiC_nit_1M KOH_ vs RHE B_05_CVA_C02.txt,318,318,0,1.0000037,1.5913584,-0.0110470000654459,0.3386710247368363,0.0593571437783416,3.444805697269378,,3.444805697269378
1360,0,680,B[N94]_NiC_nit_1M KOH_ vs RHE B_05_CVA_C02.txt,313,0,313,1.0091009,1.599959,-0.1955253857635952,0.272508956168009,-0.01738821131503352,,-1.1344182664390488,-1.1344182664390488
1361,0,680,B[N94]_NiC_nit_1M KOH_ vs RHE B_05_CVA_C02.txt,320,320,0,1.0000035,1.5906425,-0.0111392755061388,0.3387063516559312,0.05948517989137515,3.436327237354511,,3.436327237354511
1362,0,681,B[N94]_NiC_nit_1M KOH_ vs RHE B_05_CVA_C02.txt,313,0,313,1.0090967,1.6000432,-0.1954873104937906,0.2786842584609985,-0.017369564093649235,,-1.1350848781582705,-1.1350848781582705
1363,0,681,B[N94]_NiC_nit_1M KOH_ vs RHE B_05_CVA_C02.txt,320,320,0,0.99999952,1.5907345,-0.01032942639290854,0.3389475721920228,0.05959445534141333,3.4324445362938145,,3.4324445362938145
1364,0,682,B[N94]_NiC_nit_1M KOH_ vs RHE B_05_CVA_C02.txt,313,0,313,1.0090976,1.6000353,-0.1956322143302769,0.275341427196627,-0.017433331195339376,,-1.1382593871301077,-1.1382593871301077
1365,0,682,B[N94]_NiC_nit_1M KOH_ vs RHE B_05_CVA_C02.txt,320,320,0,1.0000001,1.5911291,-0.01066434304432377,0.3389578157191162,0.059271437583784316,3.442991222008397,,3.442991222008397
1366,0,683,B[N94]_NiC_nit_1M KOH_ vs RHE B_05_CVA_C02.txt,312,0,312,1.0091079,1.5999572,-0.1958341737911879,0.2709182215773541,-0.018409292814774263,,-1.1426195763471785,-1.1426195763471785
1367,0,683,B[N94]_NiC_nit_1M KOH_ vs RHE B_05_CVA_C02.txt,317,317,0,1.0000106,1.5908504,-0.0113130072131753,0.3386688797567337,0.058804629372110825,3.430173806163573,,3.430173806163573
1368,0,684,B[N94]_NiC_nit_1M KOH_ vs RHE B_05_CVA_C02.txt,313,0,313,1.0090877,1.5999511,-0.1956791384785928,0.271229506186817,-0.017663469447917097,,-1.150161454140645,-1.150161454140645
1369,0,684,B[N94]_NiC_nit_1M KOH_ vs RHE B_05_CVA_C02.txt,318,318,0,0.99999022,1.5895984,-0.01086636641791658,0.3380985465212643,0.058927810215038165,3.3954947472431756,,3.3954947472431756
1370,0,685,B[N94]_NiC_nit_1M KOH_ vs RHE B_05_CVA_C02.txt,312,0,312,1.0091214,1.5999746,-0.1947523025009426,0.269023679398201,-0.018559938895137167,,-1.1512706378058561,-1.1512706378058561
1371,0,685,B[N94]_NiC_nit_1M KOH_ vs RHE B_05_CVA_C02.txt,317,317,0,1.0000377,1.5899837,-0.01159146937009481,0.3394520628347508,0.05903613681317443,3.412891545076051,,3.412891545076051
1372,0,686,B[N94]_NiC_nit_1M KOH_ vs RHE B_05_CVA_C02.txt,312,0,312,1.0091133,1.5999591,-0.1961700904720283,0.2703086442417569,-0.018617156287761404,,-1.1547885957593342,-1.1547885957593342
1373,0,686,B[N94]_NiC_nit_1M KOH_ vs RHE B_05_CVA_C02.txt,321,321,0,1.0000159,1.5910661,-0.01094008889049292,0.339229399491749,0.06001339269133718,3.43242889980694,,3.43242889980694
1374,0,687,B[N94]_NiC_nit_1M KOH_ vs RHE B_05_CVA_C02.txt,313,0,313,1.0091008,1.5999671,-0.1959014409306112,0.2704821222502252,-0.017694776878761934,,-1.1519049842488416,-1.1519049842488416
1375,0,687,B[N94]_NiC_nit_1M KOH_ vs RHE B_05_CVA_C02.txt,320,320,0,1.0000033,1.5899943,-0.01219566445797682,0.3387830864268939,0.05944401175392537,3.421355128203882,,3.421355128203882
1376,0,688,B[N94]_NiC_nit_1M KOH_ vs RHE B_05_CVA_C02.txt,312,0,312,1.0091059,1.5999546,-0.1957779290147954,0.270832397836319,-0.01848683983808062,,-1.1471924763799581,-1.1471924763799581
1377,0,688,B[N94]_NiC_nit_1M KOH_ vs RHE B_05_CVA_C02.txt,318,318,0,1.0000087,1.591364,-0.01313050650060177,0.3393069782820535,0.059074803343885166,3.436908626202381,,3.436908626202381
1378,0,689,B[N94]_NiC_nit_1M KOH_ vs RHE B_05_CVA_C02.txt,313,0,313,1.0090942,1.5999651,-0.1957117822892744,0.2697481830482897,-0.017759451830853246,,-1.1553348473423206,-1.1553348473423206
1379,0,689,B[N94]_NiC_nit_1M KOH_ vs RHE B_05_CVA_C02.txt,320,320,0,0.99999702,1.5897002,-0.01102281827479601,0.3384680111963712,0.05879838938323826,3.3933643258664516,,3.3933643258664516
1380,0,690,B[N94]_NiC_nit_1M KOH_ vs RHE B_05_CVA_C02.txt,313,0,313,1.0090966,1.5999514,-0.1955315907376778,0.2702414735834644,-0.017850618219858512,,-1.1607211109669935,-1.1607211109669935
1381,0,690,B[N94]_NiC_nit_1M KOH_ vs RHE B_05_CVA_C02.txt,318,318,0,0.99999952,1.5908723,-0.01038645791952694,0.3385844133226241,0.05883624736035557,3.4250365590893743,,3.4250365590893743
1382,0,691,B[N94]_NiC_nit_1M KOH_ vs RHE B_05_CVA_C02.txt,313,0,313,1.0091007,1.5999732,-0.1952251272139875,0.2698659307282904,-0.017829190262876472,,-1.1589109901363825,-1.1589109901363825
1383,0,691,B[N94]_NiC_nit_1M KOH_ vs RHE B_05_CVA_C02.txt,317,317,0,1.0000032,1.5905433,-0.01088536065071821,0.3383798515101191,0.05864116028879424,3.415524173859845,,3.415524173859845
1384,0,692,B[N94]_NiC_nit_1M KOH_ vs RHE B_05_CVA_C02.txt,312,0,312,1.0091058,1.5999531,-0.1917433823960444,0.2681593087812262,-0.018831916580650043,,-1.167134207467676,-1.167134207467676
1385,0,692,B[N94]_NiC_nit_1M KOH_ vs RHE B_05_CVA_C02.txt,319,319,0,1.0000085,1.5898641,-0.01259467378258705,0.3375352954248327,0.06031346543852275,3.4782393609213096,,3.4782393609213096
1386,0,693,B[N94]_NiC_nit_1M KOH_ vs RHE B_05_CVA_C02.txt,312,0,312,1.0091174,1.5999736,-0.1923083581679528,0.2691105257820436,-0.016518325655064465,,-1.0303873405705286,-1.0303873405705286
1387,0,693,B[N94]_NiC_nit_1M KOH_ vs RHE B_05_CVA_C02.txt,321,321,0,1.0000352,1.5911403,-0.01026127929809707,0.3377086193358771,0.06188939395358376,3.5306915166187807,,3.5306915166187807
1388,0,694,B[N94]_NiC_nit_1M KOH_ vs RHE B_05_CVA_C02.txt,312,0,312,1.0091176,1.599967,-0.1922755928424271,0.2737836906543145,-0.016303085839102123,,-1.0184027263785453,-1.0184027263785453
1389,0,694,B[N94]_NiC_nit_1M KOH_ vs RHE B_05_CVA_C02.txt,319,319,0,1.0000201,1.5894819,-0.01287977211177349,0.3336983894877192,0.05982316403035353,3.4675532243450844,,3.4675532243450844
1390,0,695,B[N94]_NiC_nit_1M KOH_ vs RHE B_05_CVA_C02.txt,313,0,313,1.0091009,1.6000332,-0.1933776054911487,0.2755345721607623,-0.01548245094475963,,-1.0220653338076324,-1.0220653338076324
1391,0,695,B[N94]_NiC_nit_1M KOH_ vs RHE B_05_CVA_C02.txt,319,319,0,1.0000035,1.5902658,-0.01058637346748425,0.336393949559209,0.06078466913357406,3.5201719408784027,,3.5201719408784027
1392,0,696,B[N94]_NiC_nit_1M KOH_ vs RHE B_05_CVA_C02.txt,312,0,312,1.0091006,1.5999486,-0.1914143322330677,0.2731807899475096,-0.015668078121224498,,-0.9805379219819054,-0.9805379219819054
1393,0,696,B[N94]_NiC_nit_1M KOH_ vs RHE B_05_CVA_C02.txt,319,319,0,1.0000038,1.5909116,-0.01210529915988445,0.3352101988161325,0.06121482142821288,3.5281308599855077,,3.5281308599855077
1394,0,697,B[N94]_NiC_nit_1M KOH_ vs RHE B_05_CVA_C02.txt,312,0,312,1.0091044,1.5999534,-0.1903960321781435,0.2730500195175409,-0.015689804575682677,,-0.9818188722526466,-0.9818188722526466
1395,0,697,B[N94]_NiC_nit_1M KOH_ vs RHE B_05_CVA_C02.txt,320,320,0,1.0000069,1.5909204,-0.01103045511990786,0.3343312368846352,0.061401655779624864,3.529525473689719,,3.529525473689719
1396,0,698,B[N94]_NiC_nit_1M KOH_ vs RHE B_05_CVA_C02.txt,313,0,313,1.009101,1.6000211,-0.1907692792061422,0.2784929210725036,-0.014760937698390623,,-0.9801203072092977,-0.9801203072092977
1397,0,698,B[N94]_NiC_nit_1M KOH_ vs RHE B_05_CVA_C02.txt,319,319,0,1.0000035,1.58977,-0.01125311900092207,0.3320715664192386,0.06027704707033023,3.4969521514726347,,3.4969521514726347
1398,0,699,B[N94]_NiC_nit_1M KOH_ vs RHE B_05_CVA_C02.txt,313,0,313,1.0090986,1.6000212,-0.1882358004334992,0.2792846230750388,-0.01479146355209892,,-0.9820926228503662,-0.9820926228503662
1399,0,699,B[N94]_NiC_nit_1M KOH_ vs RHE B_05_CVA_C02.txt,322,322,0,1.0000014,1.5904582,-0.01105301863635366,0.3351840052597375,0.06111029702914522,3.5190350503157872,,3.5190350503157872
1400,0,700,B[N94]_NiC_nit_1M KOH_ vs RHE B_05_CVA_C02.txt,313,0,313,1.0091014,1.6000093,-0.1901825408301177,0.2806468897539636,-0.014658789609672635,,-0.9746800727297318,-0.9746800727297318
1401,0,701,B[N94]_NiC_nit_1M KOH_ vs RHE B_05_CVA_C02.txt,323,323,0,0.99998283,1.5898143,-0.003851181136787827,0.3372209867502152,0.06415009030298993,3.752479790933982,,3.752479790933982
1402,0,701,B[N94]_NiC_nit_1M KOH_ vs RHE B_05_CVA_C02.txt,312,0,312,1.0091133,1.5999871,-0.1888154205773294,0.2908898044017052,-0.013333574961602675,,-0.8456182272779879,-0.8456182272779879
1403,0,701,B[N94]_NiC_nit_1M KOH_ vs RHE B_05_CVA_C02.txt,318,318,0,1.0000221,1.5905849,-0.0100219527259469,0.3309213468049785,0.06264836535450667,3.596791139076492,,3.596791139076492
1404,0,702,B[N94]_NiC_nit_1M KOH_ vs RHE B_05_CVA_C02.txt,312,0,312,1.0091144,1.5999606,-0.1889015317551788,0.2909577746282923,-0.01379599468109145,,-0.8729646219731951,-0.8729646219731951
1405,0,702,B[N94]_NiC_nit_1M KOH_ vs RHE B_05_CVA_C02.txt,319,319,0,1.0000169,1.5905062,-0.01110109314322472,0.3321349965595619,0.06259169327772167,3.587976124845057,,3.587976124845057
1406,0,703,B[N94]_NiC_nit_1M KOH_ vs RHE B_05_CVA_C02.txt,312,0,312,1.0091153,1.599969,-0.189227072988806,0.2919681072235107,-0.01398600253655783,,-0.8844648942923236,-0.8844648942923236
1407,0,703,B[N94]_NiC_nit_1M KOH_ vs RHE B_05_CVA_C02.txt,319,319,0,1.0000331,1.5898923,-0.01109533999115231,0.3335798738709301,0.0620898165261557,3.565827354163593,,3.565827354163593
1408,0,704,B[N94]_NiC_nit_1M KOH_ vs RHE B_05_CVA_C02.txt,312,0,312,1.0091194,1.5999774,-0.1895730362078892,0.2929801882969008,-0.014412689008791295,,-0.9099769572842308,-0.9099769572842308
1409,0,704,B[N94]_NiC_nit_1M KOH_ vs RHE B_05_CVA_C02.txt,320,320,0,1.0000336,1.5908059,-0.009899146225502723,0.3350700773081379,0.06225529353389966,3.5721177794467316,,3.5721177794467316
1410,0,705,B[N94]_NiC_nit_1M KOH_ vs RHE B_05_CVA_C02.txt,312,0,312,1.0091193,1.5999727,-0.1898873011828187,0.2932621248458561,-0.014759766304454178,,-0.9306492858960529,-0.9306492858960529
1411,0,705,B[N94]_NiC_nit_1M KOH_ vs RHE B_05_CVA_C02.txt,318,318,0,1.0000299,1.590947,-0.01129974952588478,0.3337138524217349,0.06214033298946898,3.5619567031862767,,3.5619567031862767
1412,0,706,B[N94]_NiC_nit_1M KOH_ vs RHE B_05_CVA_C02.txt,312,0,312,1.0090997,1.5999497,-0.1899841904738915,0.2941004840695127,-0.014900400605509864,,-0.9389468626918972,-0.9389468626918972
1413,0,706,B[N94]_NiC_nit_1M KOH_ vs RHE B_05_CVA_C02.txt,317,317,0,1.0000023,1.5896142,-0.01035828629265662,0.3326782007922615,0.060715686842367944,3.5279427442985885,,3.5279427442985885
1414,0,707,B[N94]_NiC_nit_1M KOH_ vs RHE B_05_CVA_C02.txt,313,0,313,1.0090997,1.599967,-0.1901300604318648,0.295579363470492,-0.014255488838932212,,-0.9562149535464652,-0.9562149535464652
1415,0,707,B[N94]_NiC_nit_1M KOH_ vs RHE B_05_CVA_C02.txt,319,319,0,1.0000023,1.5904689,-0.01033997007281237,0.3332225615962301,0.06134248072469833,3.5445256430074465,,3.5445256430074465
1416,0,708,B[N94]_NiC_nit_1M KOH_ vs RHE B_05_CVA_C02.txt,312,0,312,1.0091187,1.5999652,-0.1902164790868883,0.2928765508390603,-0.01541514740205994,,-0.9693472421216369,-0.9693472421216369
1417,0,708,B[N94]_NiC_nit_1M KOH_ vs RHE B_05_CVA_C02.txt,317,317,0,1.0000212,1.58991,-0.01034507341682911,0.3326804582209388,0.060539635486028885,3.5224792378724388,,3.5224792378724388
1418,0,709,B[N94]_NiC_nit_1M KOH_ vs RHE B_05_CVA_C02.txt,313,0,313,1.0090985,1.599961,-0.189873035795328,0.2948124778011572,-0.014495844949940093,,-0.9702539989573955,-0.9702539989573955
1419,0,709,B[N94]_NiC_nit_1M KOH_ vs RHE B_05_CVA_C02.txt,319,319,0,1.0000012,1.5895163,-0.01004942071259671,0.3324101764390957,0.06058620646969306,3.50239344154147,,3.50239344154147
1420,0,710,B[N94]_NiC_nit_1M KOH_ vs RHE B_05_CVA_C02.txt,312,0,312,1.0091233,1.599975,-0.1902439156717818,0.2922080231679454,-0.015964751209285304,,-1.0017298915120252,-1.0017298915120252
1421,0,710,B[N94]_NiC_nit_1M KOH_ vs RHE B_05_CVA_C02.txt,316,316,0,1.000042,1.5896184,-0.01136230652530987,0.3335812007696424,0.06077663757840379,3.4938776033873564,,3.4938776033873564
1422,0,711,B[N94]_NiC_nit_1M KOH_ vs RHE B_05_CVA_C02.txt,312,0,312,1.0091151,1.5999644,-0.1900591268582112,0.2922157396872835,-0.015985524263860375,,-1.0029523301047483,-1.0029523301047483
1423,0,711,B[N94]_NiC_nit_1M KOH_ vs RHE B_05_CVA_C02.txt,319,319,0,1.0000179,1.5900241,-0.01372488215565681,0.3330878045085544,0.06074775127605324,3.496405956872149,,3.496405956872149
1424,0,712,B[N94]_NiC_nit_1M KOH_ vs RHE B_05_CVA_C02.txt,312,0,312,1.0091178,1.5999649,-0.1902047788887256,0.2916720608870182,-0.01634026724657966,,-1.0238768439275896,-1.0238768439275896
1425,0,712,B[N94]_NiC_nit_1M KOH_ vs RHE B_05_CVA_C02.txt,320,320,0,1.0000206,1.5908959,-0.01395079866051674,0.3326281541426375,0.060828602365131726,3.5119675798125267,,3.5119675798125267
1426,0,713,B[N94]_NiC_nit_1M KOH_ vs RHE B_05_CVA_C02.txt,312,0,312,1.0091177,1.5999644,-0.1902161787248993,0.2916642044271738,-0.016568238022814142,,-1.0373565711312487,-1.0373565711312487
1427,0,713,B[N94]_NiC_nit_1M KOH_ vs RHE B_05_CVA_C02.txt,319,319,0,1.0000204,1.5901165,-0.01369051821529865,0.3330332026523344,0.06059541505043458,3.487861557330221,,3.487861557330221
1428,0,714,B[N94]_NiC_nit_1M KOH_ vs RHE B_05_CVA_C02.txt,312,0,312,1.0091153,1.5999823,-0.1905648149988486,0.2896723936904557,-0.016731690694122232,,-1.0468457332068115,-1.0468457332068115
1429,0,714,B[N94]_NiC_nit_1M KOH_ vs RHE B_05_CVA_C02.txt,317,317,0,1.0000398,1.5904888,-0.01148726498900816,0.3337699874206299,0.0607026117282059,3.4928579062265563,,3.4928579062265563
1430,0,715,B[N94]_NiC_nit_1M KOH_ vs RHE B_05_CVA_C02.txt,312,0,312,1.0091088,1.5999562,-0.1900169303428978,0.2907451125590697,-0.01680661456128378,,-1.0513405191069882,-1.0513405191069882
1431,0,715,B[N94]_NiC_nit_1M KOH_ vs RHE B_05_CVA_C02.txt,317,317,0,1.0000114,1.5902967,-0.01163055934011936,0.3335463410046003,0.05979044017651301,3.494075357304958,,3.494075357304958
1432,0,716,B[N94]_NiC_nit_1M KOH_ vs RHE B_05_CVA_C02.txt,313,0,313,1.0091016,1.5999513,-0.189982629466618,0.2910778289255886,-0.015795414378229622,,-1.0463927923685823,-1.0463927923685823
1433,0,716,B[N94]_NiC_nit_1M KOH_ vs RHE B_05_CVA_C02.txt,320,320,0,1.0000036,1.591177,-0.01113736629486084,0.333350488444875,0.060362334154123086,3.5055364003534777,,3.5055364003534777
1434,0,717,B[N94]_NiC_nit_1M KOH_ vs RHE B_05_CVA_C02.txt,312,0,312,1.0091254,1.5999742,-0.1899069178525821,0.2902062438629764,-0.017014553899651546,,-1.0635317216645985,-1.0635317216645985
1435,0,717,B[N94]_NiC_nit_1M KOH_ vs RHE B_05_CVA_C02.txt,317,317,0,1.0000374,1.5905242,-0.01169023873215475,0.3343070509566131,0.06046696487873034,3.4909679653887795,,3.4909679653887795
1436,0,718,B[N94]_NiC_nit_1M KOH_ vs RHE B_05_CVA_C02.txt,312,0,312,1.0091194,1.5999801,-0.1899406704550759,0.2893883296672036,-0.016958115415537194,,-1.0601170983674502,-1.0601170983674502
1437,0,718,B[N94]_NiC_nit_1M KOH_ vs RHE B_05_CVA_C02.txt,317,317,0,1.0000355,1.5897361,-0.0104875511425391,0.3344708894305288,0.06026609945777871,3.4762974963726516,,3.4762974963726516
1438,0,719,B[N94]_NiC_nit_1M KOH_ vs RHE B_05_CVA_C02.txt,312,0,312,1.0091193,1.5999677,-0.1899373038210275,0.288792859762907,-0.017091798386172245,,-1.0678794271076346,-1.0678794271076346
1439,0,719,B[N94]_NiC_nit_1M KOH_ vs RHE B_05_CVA_C02.txt,318,318,0,1.0000244,1.590988,-0.01157849854124444,0.3347348630535798,0.060988497109016375,3.497211725479832,,3.497211725479832
1440,0,720,B[N94]_NiC_nit_1M KOH_ vs RHE B_05_CVA_C02.txt,312,0,312,1.0091108,1.5999591,-0.1897277450077048,0.2881120661894476,-0.017245061668599,,-1.076891214321442,-1.076891214321442
1441,0,720,B[N94]_NiC_nit_1M KOH_ vs RHE B_05_CVA_C02.txt,319,319,0,1.0000135,1.5897282,-0.01404816471040249,0.3322198310238749,0.060326984155548435,3.4629838854692645,,3.4629838854692645
1442,0,721,B[N94]_NiC_nit_1M KOH_ vs RHE B_05_CVA_C02.txt,312,0,312,1.0091193,1.5999813,-0.1899367830570382,0.2888999677756248,-0.01730551383582307,,-1.0805555075250528,-1.0805555075250528
1443,0,721,B[N94]_NiC_nit_1M KOH_ vs RHE B_05_CVA_C02.txt,319,319,0,1.0000335,1.5905025,-0.01088397513010764,0.3339366036862843,0.0605370013685085,3.4684299716315867,,3.4684299716315867
1444,0,722,B[N94]_NiC_nit_1M KOH_ vs RHE B_05_CVA_C02.txt,313,0,313,1.009096,1.600003,-0.1894518930207729,0.2893346282451048,-0.016362169855046897,,-1.0790956259188733,-1.0790956259188733
1445,0,722,B[N94]_NiC_nit_1M KOH_ vs RHE B_05_CVA_C02.txt,318,318,0,0.99999869,1.5911733,-0.01075847192829396,0.3328727119164849,0.060055965763830516,3.4916353989080195,,3.4916353989080195
1446,0,723,B[N94]_NiC_nit_1M KOH_ vs RHE B_05_CVA_C02.txt,313,0,313,1.0091006,1.5999733,-0.1895593449235236,0.2877955942050265,-0.01664990883271192,,-1.0956279999123493,-1.0956279999123493
1447,0,723,B[N94]_NiC_nit_1M KOH_ vs RHE B_05_CVA_C02.txt,319,319,0,1.0000031,1.5899225,-0.01115270926738565,0.3324313688585838,0.059790956838750596,3.4503467030579675,,3.4503467030579675
1448,0,724,B[N94]_NiC_nit_1M KOH_ vs RHE B_05_CVA_C02.txt,312,0,312,1.0091194,1.5999898,-0.189935017107062,0.2863675088718018,-0.01765677648421974,,-1.1009673523362413,-1.1009673523362413
1449,0,724,B[N94]_NiC_nit_1M KOH_ vs RHE B_05_CVA_C02.txt,317,317,0,1.0000372,1.5903324,-0.0106065763641999,0.3359421248466283,0.05966864559017643,3.4650316967948256,,3.4650316967948256
1450,0,725,B[N94]_NiC_nit_1M KOH_ vs RHE B_05_CVA_C02.txt,312,0,312,1.0091214,1.599982,-0.1894559967614136,0.2860425204941723,-0.01771266081134209,,-1.1042037657323747,-1.1042037657323747
1451,0,725,B[N94]_NiC_nit_1M KOH_ vs RHE B_05_CVA_C02.txt,318,318,0,1.000029,1.5898161,-0.01083176611396283,0.333047814757129,0.060136573468428045,3.4476353896455083,,3.4476353896455083
1452,0,726,B[N94]_NiC_nit_1M KOH_ vs RHE B_05_CVA_C02.txt,313,0,313,1.0090954,1.5999693,-0.1891984849059312,0.28563577000131,-0.016927466208880273,,-1.110925744872857,-1.110925744872857
1453,0,726,B[N94]_NiC_nit_1M KOH_ vs RHE B_05_CVA_C02.txt,319,319,0,0.99999797,1.5895255,-0.01068010065785568,0.3321024834294359,0.05956053369739157,3.4400868101761697,,3.4400868101761697
1454,0,727,B[N94]_NiC_nit_1M KOH_ vs RHE B_05_CVA_C02.txt,313,0,313,1.0090979,1.6000249,-0.1885847948644566,0.2865215287260385,-0.016872180392855846,,-1.1086361677261574,-1.1086361677261574
1455,0,727,B[N94]_NiC_nit_1M KOH_ vs RHE B_05_CVA_C02.txt,320,320,0,1.0000005,1.590842,-0.010683614153253,0.3317469364524608,0.060026486163657425,3.472633910546306,,3.472633910546306
1456,0,728,B[N94]_NiC_nit_1M KOH_ vs RHE B_05_CVA_C02.txt,312,0,312,1.0091213,1.5999852,-0.1891912889760032,0.2845418453216553,-0.017949984386839063,,-1.1180128523786645,-1.1180128523786645
1457,0,728,B[N94]_NiC_nit_1M KOH_ vs RHE B_05_CVA_C02.txt,317,317,0,1.0000373,1.5907302,-0.01057749479595158,0.3327063345803591,0.06021932453476882,3.464241830621801,,3.464241830621801
1458,0,729,B[N94]_NiC_nit_1M KOH_ vs RHE B_05_CVA_C02.txt,312,0,312,1.0091214,1.5999709,-0.1890797327658619,0.2855880161126452,-0.017899152796548117,,-1.1150948593151846,-1.1150948593151846
1459,0,729,B[N94]_NiC_nit_1M KOH_ vs RHE B_05_CVA_C02.txt,320,320,0,1.0000241,1.5908263,-0.01226693857461214,0.3316873910145535,0.060151486278932485,3.470154932167493,,3.470154932167493
1460,0,730,B[N94]_NiC_nit_1M KOH_ vs RHE B_05_CVA_C02.txt,312,0,312,1.0091234,1.5999818,-0.1892416082723321,0.2861960322567914,-0.01791513498565364,,-1.1161486382694317,-1.1161486382694317
1461,0,730,B[N94]_NiC_nit_1M KOH_ vs RHE B_05_CVA_C02.txt,319,319,0,1.0000349,1.5903466,-0.01231444856295222,0.3322807627230695,0.06063084069930672,3.4521230065542676,,3.4521230065542676
1462,0,731,B[N94]_NiC_nit_1M KOH_ vs RHE B_05_CVA_C02.txt,313,0,313,1.0090998,1.5999973,-0.1891834851342598,0.2841893706632697,-0.01716140761856041,,-1.124916169204378,-1.124916169204378
1463,0,731,B[N94]_NiC_nit_1M KOH_ vs RHE B_05_CVA_C02.txt,320,320,0,1.0000024,1.5910262,-0.01321514323353767,0.3311304129279253,0.060510257182809946,3.4738338840315985,,3.4738338840315985
1464,0,732,B[N94]_NiC_nit_1M KOH_ vs RHE B_05_CVA_C02.txt,313,0,313,1.0090985,1.600027,-0.1879417364853593,0.2852651852628458,-0.017080398969346693,,-1.1203263223158992,-1.1203263223158992
1465,0,732,B[N94]_NiC_nit_1M KOH_ vs RHE B_05_CVA_C02.txt,320,320,0,1.0000012,1.5908203,-0.01226248405873775,0.3310522358788237,0.059655711949687086,3.4622893418942846,,3.4622893418942846
1466,0,733,B[N94]_NiC_nit_1M KOH_ vs RHE B_05_CVA_C02.txt,313,0,313,1.0090998,1.600021,-0.1892630398066855,0.2840424160594524,-0.017242835151126075,,-1.1295340162150533,-1.1295340162150533
1467,0,733,B[N94]_NiC_nit_1M KOH_ vs RHE B_05_CVA_C02.txt,317,317,0,1.0000024,1.5896641,-0.01227393932640553,0.3308882688482611,0.05927838152320567,3.4377946995117323,,3.4377946995117323
1468,0,734,B[N94]_NiC_nit_1M KOH_ vs RHE B_05_CVA_C02.txt,313,0,313,1.0091,1.5999655,-0.1884868337510057,0.28250637713899,-0.01712771712575398,,-1.1220145525965537,-1.1220145525965537
1469,0,734,B[N94]_NiC_nit_1M KOH_ vs RHE B_05_CVA_C02.txt,320,320,0,1.0000026,1.5910285,-0.01176865492016077,0.3303039702946458,0.06017351914544853,3.4666490781887482,,3.4666490781887482
1470,0,735,B[N94]_NiC_nit_1M KOH_ vs RHE B_05_CVA_C02.txt,313,0,313,1.0090964,1.600029,-0.1886563412430458,0.282907406273095,-0.017236378757277532,,-1.1290043204988431,-1.1290043204988431
1471,0,735,B[N94]_NiC_nit_1M KOH_ vs RHE B_05_CVA_C02.txt,319,319,0,0.99999893,1.5900275,-0.01128658417450348,0.3309666416416972,0.059895912841418805,3.4446011562144587,,3.4446011562144587
1472,0,736,B[N94]_NiC_nit_1M KOH_ vs RHE B_05_CVA_C02.txt,313,0,313,1.0090984,1.6000271,-0.1883294247866902,0.2819045186042786,-0.017194082670283252,,-1.1263664346032627,-1.1263664346032627
1473,0,736,B[N94]_NiC_nit_1M KOH_ vs RHE B_05_CVA_C02.txt,319,319,0,1.000001,1.5895724,-0.01118714240906032,0.3311174428659216,0.059888049658536245,3.4584767539934003,,3.4584767539934003
1474,0,737,B[N94]_NiC_nit_1M KOH_ vs RHE B_05_CVA_C02.txt,313,0,313,1.0090998,1.6000232,-0.1877081703363092,0.2826347137274947,-0.016860379361848563,,-1.1064355545304525,-1.1064355545304525
1475,0,737,B[N94]_NiC_nit_1M KOH_ vs RHE B_05_CVA_C02.txt,319,319,0,1.0000025,1.5901175,-0.01188155741471313,0.3311202876707253,0.05981553967069041,3.4706999414509627,,3.4706999414509627
1476,0,738,B[N94]_NiC_nit_1M KOH_ vs RHE B_05_CVA_C02.txt,313,0,313,1.0090954,1.6000171,-0.1880108106298296,0.2831444131291431,-0.016781732981084374,,-1.1019371230215385,-1.1019371230215385
1477,0,738,B[N94]_NiC_nit_1M KOH_ vs RHE B_05_CVA_C02.txt,319,319,0,0.99999797,1.5898625,-0.01213139016181231,0.3308557845561093,0.060153068829481994,3.468584258869814,,3.468584258869814
1478,0,739,B[N94]_NiC_nit_1M KOH_ vs RHE B_05_CVA_C02.txt,313,0,313,1.0090966,1.6000131,-0.1879572745178113,0.2831365090349438,-0.016812066969416718,,-1.1034513998358833,-1.1034513998358833
1479,0,739,B[N94]_NiC_nit_1M KOH_ vs RHE B_05_CVA_C02.txt,320,320,0,0.99999952,1.591138,-0.01116474529566324,0.3299951801036896,0.06009034376179016,3.488243116169722,,3.488243116169722
1480,0,740,B[N94]_NiC_nit_1M KOH_ vs RHE B_05_CVA_C02.txt,312,0,312,1.0091101,1.5999672,-0.1877502664887712,0.2843023567664913,-0.017532546139682643,,-1.0931290195960952,-1.0931290195960952
1481,0,740,B[N94]_NiC_nit_1M KOH_ vs RHE B_05_CVA_C02.txt,321,321,0,1.0000126,1.59105,-0.01169674377888441,0.3299099481308654,0.06072795268166744,3.4986930069060835,,3.4986930069060835
1482,0,741,B[N94]_NiC_nit_1M KOH_ vs RHE B_05_CVA_C02.txt,313,0,313,1.0090967,1.5999556,-0.1872686242504571,0.2828574549892675,-0.016656384108814832,,-1.0939287542257161,-1.0939287542257161
1483,0,741,B[N94]_NiC_nit_1M KOH_ vs RHE B_05_CVA_C02.txt,319,319,0,0.99999928,1.5905182,-0.01200602389872074,0.329671863601174,0.060369778367148005,3.4908490181369047,,3.4908490181369047
1484,0,742,B[N94]_NiC_nit_1M KOH_ vs RHE B_05_CVA_C02.txt,313,0,313,1.0090977,1.6000191,-0.1872942216515998,0.2837009825136345,-0.01680172103752763,,-1.103447162839261,-1.103447162839261
1485,0,742,B[N94]_NiC_nit_1M KOH_ vs RHE B_05_CVA_C02.txt,320,320,0,1.0000004,1.5909344,-0.01131942659697455,0.3298159585906095,0.06053173567781585,3.497144279173923,,3.497144279173923
1486,0,743,B[N94]_NiC_nit_1M KOH_ vs RHE B_05_CVA_C02.txt,312,0,312,1.0091234,1.5999969,-0.1876553535016297,0.283978964273746,-0.017696100132817028,,-1.1028236645984844,-1.1028236645984844
1487,0,743,B[N94]_NiC_nit_1M KOH_ vs RHE B_05_CVA_C02.txt,317,317,0,1.0000371,1.5907362,-0.01052167483832797,0.3307517861231588,0.06084186574508899,3.497241734398073,,3.497241734398073
1488,0,744,B[N94]_NiC_nit_1M KOH_ vs RHE B_05_CVA_C02.txt,312,0,312,1.0091233,1.5999908,-0.1878087721292392,0.2845532955794496,-0.017812889121668833,,-1.1098329407504297,-1.1098329407504297
1489,0,744,B[N94]_NiC_nit_1M KOH_ vs RHE B_05_CVA_C02.txt,316,316,0,1.0000429,1.5900173,-0.0114114130847156,0.3312668441952593,0.06035443588582929,3.474078230030909,,3.474078230030909
1490,0,745,B[N94]_NiC_nit_1M KOH_ vs RHE B_05_CVA_C02.txt,313,0,313,1.0090984,1.6000171,-0.1870479209648015,0.2841460491004195,-0.016932343416647094,,-1.1110205375311262,-1.1110205375311262
1491,0,745,B[N94]_NiC_nit_1M KOH_ vs RHE B_05_CVA_C02.txt,319,319,0,1.000001,1.5901244,-0.01184734463205805,0.3288534012189417,0.059972286015233606,3.4813983177099543,,3.4813983177099543
1492,0,746,B[N94]_NiC_nit_1M KOH_ vs RHE B_05_CVA_C02.txt,313,0,313,1.0090997,1.600029,-0.1870958774907969,0.2838551181813944,-0.01688779799826088,,-1.1087154635141034,-1.1087154635141034
1493,0,746,B[N94]_NiC_nit_1M KOH_ vs RHE B_05_CVA_C02.txt,319,319,0,1.0000023,1.5905104,-0.01112801435848942,0.3287549032081147,0.06036201973121863,3.496768323867573,,3.496768323867573
1494,0,747,B[N94]_NiC_nit_1M KOH_ vs RHE B_05_CVA_C02.txt,313,0,313,1.0090996,1.6000111,-0.1864613510154154,0.283926903553631,-0.016839904637094685,,-1.105573174993451,-1.105573174993451
1495,0,747,B[N94]_NiC_nit_1M KOH_ vs RHE B_05_CVA_C02.txt,319,319,0,1.0000021,1.5897245,-0.01200069819131627,0.3284664412393825,0.060266099324963934,3.474887219532643,,3.474887219532643
1496,0,748,B[N94]_NiC_nit_1M KOH_ vs RHE B_05_CVA_C02.txt,313,0,313,1.0090994,1.6000249,-0.1868599568168201,0.2842858738087593,-0.016947782106368447,,-1.1123525715028157,-1.1123525715028157
1497,0,748,B[N94]_NiC_nit_1M KOH_ vs RHE B_05_CVA_C02.txt,320,320,0,1.0000019,1.5912223,-0.01191220049867812,0.328210930337792,0.06069387423484326,3.5031779995588135,,3.5031779995588135
1498,0,749,B[N94]_NiC_nit_1M KOH_ vs RHE B_05_CVA_C02.txt,313,0,313,1.0090938,1.6000229,-0.1862126481732158,0.2838677116062329,-0.01689856657043383,,-1.1092001902923194,-1.1092001902923194
1499,0,749,B[N94]_NiC_nit_1M KOH_ vs RHE B_05_CVA_C02.txt,321,321,0,0.9999963,1.589774,-0.01199347659459582,0.3279288388213306,0.06082654962885843,3.471600273117559,,3.471600273117559
1500,0,750,B[N94]_NiC_nit_1M KOH_ vs RHE B_05_CVA_C02.txt,313,0,313,1.0090965,1.5999753,-0.1865063244942933,0.283749281091893,-0.017008612012973667,,-1.1154069370577726,-1.1154069370577726
1501,0,750,B[N94]_NiC_nit_1M KOH_ vs RHE B_05_CVA_C02.txt,318,318,0,0.99999905,1.5895479,-0.0109010213662101,0.3290026712563776,0.06212392403279721,3.573493442693376,,3.573493442693376
1502,0,751,B[N94]_NiC_nit_1M KOH_ vs RHE B_05_CVA_C02.txt,313,0,313,1.0091017,1.5999991,-0.1850995433950166,0.2873187006815616,-0.013887181622929698,,-0.9308512429271727,-0.9308512429271727
1503,0,751,B[N94]_NiC_nit_1M KOH_ vs RHE B_05_CVA_C02.txt,319,319,0,1.0000036,1.5911078,-0.01223193760961294,0.3280828037446741,0.06307829391611335,3.6342674442391893,,3.6342674442391893
1504,0,752,B[N94]_NiC_nit_1M KOH_ vs RHE B_05_CVA_C02.txt,312,0,312,1.0091254,1.5999959,-0.1858061699864914,0.2887481416647248,-0.014724300594583836,,-0.9276148401470574,-0.9276148401470574
1505,0,752,B[N94]_NiC_nit_1M KOH_ vs RHE B_05_CVA_C02.txt,317,317,0,1.0000321,1.5895458,-0.0118906357511878,0.3269533415998689,0.062345274716266975,3.588764914864559,,3.588764914864559
1506,0,753,B[N94]_NiC_nit_1M KOH_ vs RHE B_05_CVA_C02.txt,312,0,312,1.0091174,1.5999693,-0.1854655249358035,0.2920121639966959,-0.015037198655666049,,-0.9465763151693269,-0.9465763151693269
1507,0,753,B[N94]_NiC_nit_1M KOH_ vs RHE B_05_CVA_C02.txt,319,319,0,1.0000391,1.5908941,-0.01148442119093882,0.3282100901667815,0.06272024248865858,3.6103485571515295,,3.6103485571515295
1508,0,754,B[N94]_NiC_nit_1M KOH_ vs RHE B_05_CVA_C02.txt,312,0,312,1.0091234,1.5999837,-0.1854736625049556,0.2911211596801877,-0.01524724370131247,,-0.9590353888484472,-0.9590353888484472
1509,0,754,B[N94]_NiC_nit_1M KOH_ vs RHE B_05_CVA_C02.txt,319,319,0,1.0000429,1.5899123,-0.01145186607415477,0.3272508090060876,0.06287556568177913,3.5790404151205095,,3.5790404151205095
1510,0,755,B[N94]_NiC_nit_1M KOH_ vs RHE B_05_CVA_C02.txt,312,0,312,1.0091233,1.5999699,-0.1858368599548861,0.293173572955987,-0.015434214840067986,,-0.9704443357326092,-0.9704443357326092
1511,0,755,B[N94]_NiC_nit_1M KOH_ vs RHE B_05_CVA_C02.txt,319,319,0,1.0000256,1.590904,-0.01111891120672226,0.327074940492516,0.06228480577433221,3.5930081187932066,,3.5930081187932066
1512,0,756,B[N94]_NiC_nit_1M KOH_ vs RHE B_05_CVA_C02.txt,312,0,312,1.0091273,1.599977,-0.1859284100710616,0.2930676970216963,-0.015621319078985722,,-0.9815978606095954,-0.9815978606095954
1513,0,756,B[N94]_NiC_nit_1M KOH_ vs RHE B_05_CVA_C02.txt,317,317,0,1.0000377,1.5895026,-0.01024622259259489,0.3262270631450623,0.061595142929783395,3.550838945709497,,3.550838945709497
1514,0,757,B[N94]_NiC_nit_1M KOH_ vs RHE B_05_CVA_C02.txt,313,0,313,1.0090964,1.5999572,-0.1862675179241151,0.2938827613125676,-0.014907377567306188,,-0.9947267671460395,-0.9947267671460395
1515,0,757,B[N94]_NiC_nit_1M KOH_ vs RHE B_05_CVA_C02.txt,318,318,0,0.99999893,1.5907764,-0.01112018481058924,0.3269774028286478,0.06177787501785816,3.571958543231305,,3.571958543231305
1516,0,758,B[N94]_NiC_nit_1M KOH_ vs RHE B_05_CVA_C02.txt,313,0,313,1.0091003,1.5999769,-0.1856325644177028,0.2956876670536781,-0.015070250527673235,,-1.0042573431392785,-1.0042573431392785
1517,0,758,B[N94]_NiC_nit_1M KOH_ vs RHE B_05_CVA_C02.txt,320,320,0,1.000003,1.5909836,-0.01169345193825988,0.3268154566748688,0.06183670275038673,3.5687121624671154,,3.5687121624671154
1518,0,759,B[N94]_NiC_nit_1M KOH_ vs RHE B_05_CVA_C02.txt,312,0,312,1.0091014,1.5999503,-0.1859170924998755,0.2933458941323415,-0.01635435437468003,,-1.0248930819167614,-1.0248930819167614
1519,0,759,B[N94]_NiC_nit_1M KOH_ vs RHE B_05_CVA_C02.txt,319,319,0,1.0000041,1.5899122,-0.01218802761286497,0.3269278934450002,0.06134121092187136,3.537362898705334,,3.537362898705334
1520,0,760,B[N94]_NiC_nit_1M KOH_ vs RHE B_05_CVA_C02.txt,312,0,312,1.0091174,1.5999672,-0.1860930768184374,0.2938870584092479,-0.01649983901150621,,-1.0336256944684281,-1.0336256944684281
1521,0,760,B[N94]_NiC_nit_1M KOH_ vs RHE B_05_CVA_C02.txt,317,317,0,1.0000405,1.5912738,-0.01146301678542433,0.3266810236415814,0.06199559771940129,3.570593417055367,,3.570593417055367
1522,0,761,B[N94]_NiC_nit_1M KOH_ vs RHE B_05_CVA_C02.txt,312,0,312,1.0091122,1.5999596,-0.1859310450541682,0.2936913045969876,-0.01657063636287519,,-1.0377859450548224,-1.0377859450548224
1523,0,761,B[N94]_NiC_nit_1M KOH_ vs RHE B_05_CVA_C02.txt,319,319,0,1.0000149,1.5905082,-0.01035004395277982,0.3268153939720533,0.06151525843107269,3.5474656911763445,,3.5474656911763445
1524,0,762,B[N94]_NiC_nit_1M KOH_ vs RHE B_05_CVA_C02.txt,312,0,312,1.0091076,1.59996,-0.1858447675313957,0.2933787425810641,-0.016711616963130737,,-1.046101429797505,-1.046101429797505
1525,0,762,B[N94]_NiC_nit_1M KOH_ vs RHE B_05_CVA_C02.txt,317,317,0,1.0000103,1.5910921,-0.0115389209240675,0.3261311753389551,0.0609150530377871,3.55015231835651,,3.55015231835651
1526,0,763,B[N94]_NiC_nit_1M KOH_ vs RHE B_05_CVA_C02.txt,312,0,312,1.0091,1.5999484,-0.1856883566417791,0.2932801163196563,-0.01702208826292621,,-1.064480165066453,-1.064480165066453
1527,0,763,B[N94]_NiC_nit_1M KOH_ vs RHE B_05_CVA_C02.txt,324,324,0,1.0000026,1.5908556,-0.01088677194860321,0.3261153715372036,0.06241734719918693,3.5395030453211107,,3.5395030453211107
1528,0,764,B[N94]_NiC_nit_1M KOH_ vs RHE B_05_CVA_C02.txt,313,0,313,1.0091002,1.5999551,-0.185822348723002,0.2951443739559338,-0.01597815299195615,,-1.0587692167480507,-1.0587692167480507
1529,0,764,B[N94]_NiC_nit_1M KOH_ vs RHE B_05_CVA_C02.txt,320,320,0,1.0000029,1.5911667,-0.01131682563573122,0.3262705289875436,0.06091840439623718,3.543812759652068,,3.543812759652068
1530,0,765,B[N94]_NiC_nit_1M KOH_ vs RHE B_05_CVA_C02.txt,312,0,312,1.0091244,1.5999709,-0.1856171503968368,0.2914369923946181,-0.017170013202481,,-1.0729929693126337,-1.0729929693126337
1531,0,765,B[N94]_NiC_nit_1M KOH_ vs RHE B_05_CVA_C02.txt,317,317,0,1.0000269,1.5903041,-0.01117109414190054,0.3261389521727107,0.06050691766244693,3.524260189395486,,3.524260189395486
1532,0,766,B[N94]_NiC_nit_1M KOH_ vs RHE B_05_CVA_C02.txt,313,0,313,1.0090997,1.5999552,-0.1852060449159203,0.2927986441747001,-0.01624402419169309,,-1.0732165392122421,-1.0732165392122421
1533,0,766,B[N94]_NiC_nit_1M KOH_ vs RHE B_05_CVA_C02.txt,319,319,0,1.0000024,1.5906142,-0.01253421884030104,0.3262335857137204,0.061121138348940236,3.523476898032064,,3.523476898032064
1534,0,767,B[N94]_NiC_nit_1M KOH_ vs RHE B_05_CVA_C02.txt,312,0,312,1.0091194,1.5999776,-0.1857002899081923,0.2910737633705138,-0.017334996252805584,,-1.0826288773876906,-1.0826288773876906
1535,0,767,B[N94]_NiC_nit_1M KOH_ vs RHE B_05_CVA_C02.txt,320,320,0,1.000038,1.5911689,-0.01106044027790551,0.3253756062200281,0.061565069948835205,3.5388008861435427,,3.5388008861435427
1536,0,768,B[N94]_NiC_nit_1M KOH_ vs RHE B_05_CVA_C02.txt,312,0,312,1.0091134,1.5999714,-0.1852911954123329,0.2924221242085476,-0.0174062194914441,,-1.0870456794700476,-1.0870456794700476
1537,0,768,B[N94]_NiC_nit_1M KOH_ vs RHE B_05_CVA_C02.txt,317,317,0,1.0000161,1.5897182,-0.01239166967570782,0.3263919997249922,0.06067120454661521,3.500702004540507,,3.500702004540507
1538,0,769,B[N94]_NiC_nit_1M KOH_ vs RHE B_05_CVA_C02.txt,313,0,313,1.0090979,1.5999691,-0.1853599513231763,0.2929748068464559,-0.01657048630488061,,-1.0928083460534805,-1.0928083460534805
1539,0,769,B[N94]_NiC_nit_1M KOH_ vs RHE B_05_CVA_C02.txt,320,320,0,1.0000005,1.5910943,-0.01130272844887301,0.32592329448801,0.06113787451902521,3.534314701193907,,3.534314701193907
1540,0,770,B[N94]_NiC_nit_1M KOH_ vs RHE B_05_CVA_C02.txt,312,0,312,1.0091174,1.599965,-0.1855299987742534,0.2925174470458707,-0.017587203115903685,,-1.0977901364998075,-1.0977901364998075
1541,0,770,B[N94]_NiC_nit_1M KOH_ vs RHE B_05_CVA_C02.txt,319,319,0,1.0000199,1.5898143,-0.01320750638842583,0.3262745805100864,0.06076613596602499,3.498147273242804,,3.498147273242804
1542,0,771,B[N94]_NiC_nit_1M KOH_ vs RHE B_05_CVA_C02.txt,312,0,312,1.0091214,1.5999826,-0.1842551438276976,0.289530064120437,-0.017672850443114514,,-1.102413006898851,-1.102413006898851
1543,0,771,B[N94]_NiC_nit_1M KOH_ vs RHE B_05_CVA_C02.txt,316,316,0,1.0000404,1.5900201,-0.01195048402737955,0.3249772196449195,0.06030852337687119,3.500142172996814,,3.500142172996814
1544,0,772,B[N94]_NiC_nit_1M KOH_ vs RHE B_05_CVA_C02.txt,312,0,312,1.0091213,1.5999769,-0.1854592315671715,0.2902455611361398,-0.017876560813155713,,-1.1145833848058693,-1.1145833848058693
1545,0,772,B[N94]_NiC_nit_1M KOH_ vs RHE B_05_CVA_C02.txt,320,320,0,1.0000236,1.5909182,-0.01118764001876116,0.3262309053651471,0.06078875724483692,3.5138192988990244,,3.5138192988990244
1546,0,773,B[N94]_NiC_nit_1M KOH_ vs RHE B_05_CVA_C02.txt,312,0,312,1.0091214,1.5999871,-0.1855732286170939,0.2894295492479877,-0.017988955050740572,,-1.1211136681177143,-1.1211136681177143
1547,0,773,B[N94]_NiC_nit_1M KOH_ vs RHE B_05_CVA_C02.txt,320,320,0,1.0000352,1.590974,-0.01239252695813781,0.3245049022788349,0.06104060273007387,3.5097402363499763,,3.5097402363499763
1548,0,774,B[N94]_NiC_nit_1M KOH_ vs RHE B_05_CVA_C02.txt,312,0,312,1.0091214,1.5999852,-0.1854203574713909,0.2881572647020221,-0.018094015612689203,,-1.1271468162253533,-1.1271468162253533
1549,0,774,B[N94]_NiC_nit_1M KOH_ vs RHE B_05_CVA_C02.txt,318,318,0,1.000029,1.5896176,-0.01218974436430828,0.3246542004438338,0.06053252288564785,3.4753502252715953,,3.4753502252715953
1550,0,775,B[N94]_NiC_nit_1M KOH_ vs RHE B_05_CVA_C02.txt,313,0,313,1.0090986,1.5999693,-0.1850426441503972,0.2883857279381843,-0.017256780842168813,,-1.1321745983775773,-1.1321745983775773
1551,0,775,B[N94]_NiC_nit_1M KOH_ vs RHE B_05_CVA_C02.txt,320,320,0,1.0000014,1.5909791,-0.01154939475995692,0.3250121713877947,0.06067367838193318,3.5014309459800215,,3.5014309459800215
1552,0,776,B[N94]_NiC_nit_1M KOH_ vs RHE B_05_CVA_C02.txt,312,0,312,1.0091233,1.5999886,-0.185524215639389,0.2872771173715591,-0.018249259250401478,,-1.136157891706558,-1.136157891706558
1553,0,776,B[N94]_NiC_nit_1M KOH_ vs RHE B_05_CVA_C02.txt,317,317,0,1.0000377,1.5912749,-0.01222805239792382,0.3244290329586406,0.060461492904113616,3.5078469568714614,,3.5078469568714614
1554,0,777,B[N94]_NiC_nit_1M KOH_ vs RHE B_05_CVA_C02.txt,312,0,312,1.0091274,1.5999944,-0.1853163035852861,0.2863438162538741,-0.018152885761944598,,-1.1302945638152835,-1.1302945638152835
1555,0,777,B[N94]_NiC_nit_1M KOH_ vs RHE B_05_CVA_C02.txt,317,317,0,1.0000365,1.5910788,-0.01194900981392022,0.3238862759603962,0.061395611112921154,3.5546534959573712,,3.5546534959573712
1556,0,778,B[N94]_NiC_nit_1M KOH_ vs RHE B_05_CVA_C02.txt,312,0,312,1.0091233,1.5999811,-0.1839628650089808,0.2876316422925269,-0.017037065640701118,,-1.0643052875740013,-1.0643052875740013
1557,0,778,B[N94]_NiC_nit_1M KOH_ vs RHE B_05_CVA_C02.txt,316,316,0,1.0000436,1.5906082,-0.01213890371183235,0.3228586585979421,0.06096889775083732,3.5375258596994046,,3.5375258596994046
1558,0,779,B[N94]_NiC_nit_1M KOH_ vs RHE B_05_CVA_C02.txt,312,0,312,1.0091254,1.5999862,-0.1840375118721602,0.2881423484894539,-0.01698318851561459,,-1.0612796720143234,-1.0612796720143234
1559,0,779,B[N94]_NiC_nit_1M KOH_ vs RHE B_05_CVA_C02.txt,317,317,0,1.0000294,1.5913023,-0.01208725992752163,0.3231459048156884,0.06132686782011282,3.55701953180869,,3.55701953180869
1560,0,780,B[N94]_NiC_nit_1M KOH_ vs RHE B_05_CVA_C02.txt,312,0,312,1.0091213,1.5999856,-0.184094264665567,0.2892489048742481,-0.01710545021179263,,-1.068683419742244,-1.068683419742244
1561,0,780,B[N94]_NiC_nit_1M KOH_ vs RHE B_05_CVA_C02.txt,317,317,0,1.0000427,1.589895,-0.01087261242792009,0.3232713647273376,0.06094301994798238,3.5204715416389307,,3.5204715416389307
1562,0,781,B[N94]_NiC_nit_1M KOH_ vs RHE B_05_CVA_C02.txt,312,0,312,1.0091193,1.599967,-0.1840210143649934,0.2906986111547889,-0.01719516283384877,,-1.0741796810112907,-1.0741796810112907
1563,0,781,B[N94]_NiC_nit_1M KOH_ vs RHE B_05_CVA_C02.txt,318,318,0,1.0000353,1.5904101,-0.01118873304818446,0.3230891621002305,0.06132025627070477,3.533581665749661,,3.533581665749661
1564,0,782,B[N94]_NiC_nit_1M KOH_ vs RHE B_05_CVA_C02.txt,313,0,313,1.0090998,1.5999613,-0.1836754401040859,0.2896295863649119,-0.016200038236072075,,-1.0696012057632367,-1.0696012057632367
1565,0,782,B[N94]_NiC_nit_1M KOH_ vs RHE B_05_CVA_C02.txt,318,318,0,1.0000024,1.5901873,-0.01193403035564267,0.3244731422125507,0.060635312358782445,3.525590663952129,,3.525590663952129
1566,0,783,B[N94]_NiC_nit_1M KOH_ vs RHE B_05_CVA_C02.txt,313,0,313,1.0090948,1.599987,-0.1837829879205799,0.2896968372490094,-0.016392350914724397,,-1.0814898059663918,-1.0814898059663918
1567,0,783,B[N94]_NiC_nit_1M KOH_ vs RHE B_05_CVA_C02.txt,319,319,0,0.99999774,1.5895184,-0.01087739212316988,0.3233678552470325,0.06056577054723279,3.5090604513262784,,3.5090604513262784
1568,0,784,B[N94]_NiC_nit_1M KOH_ vs RHE B_05_CVA_C02.txt,312,0,312,1.0091213,1.5999887,-0.184089670374612,0.2878469169139857,-0.017510904528215365,,-1.0926017416818286,-1.0926017416818286
1569,0,784,B[N94]_NiC_nit_1M KOH_ vs RHE B_05_CVA_C02.txt,317,317,0,1.0000271,1.5902869,-0.01153958787802946,0.3226263461868633,0.06086389800915329,3.526384673085497,,3.526384673085497
1570,0,785,B[N94]_NiC_nit_1M KOH_ vs RHE B_05_CVA_C02.txt,312,0,312,1.0091143,1.5999629,-0.1836495530350131,0.2892546064631883,-0.01734064519318023,,-1.0826732866854905,-1.0826732866854905
1571,0,785,B[N94]_NiC_nit_1M KOH_ vs RHE B_05_CVA_C02.txt,319,319,0,1.0000168,1.5905104,-0.01172665320336819,0.3237974910480905,0.061281021817011665,3.533082651220455,,3.533082651220455
1572,0,786,B[N94]_NiC_nit_1M KOH_ vs RHE B_05_CVA_C02.txt,312,0,312,1.0091274,1.5999877,-0.1840529894044175,0.2889035761356356,-0.017679593915798226,,-1.102748190111177,-1.102748190111177
1573,0,786,B[N94]_NiC_nit_1M KOH_ vs RHE B_05_CVA_C02.txt,316,316,0,1.000047,1.5908022,-0.01123753600404598,0.3225585860713966,0.06095251364013827,3.5356112687225356,,3.5356112687225356
1574,0,787,B[N94]_NiC_nit_1M KOH_ vs RHE B_05_CVA_C02.txt,313,0,313,1.009094,1.600003,-0.1836961856092776,0.2895494939192478,-0.016682920756025472,,-1.0986815375991084,-1.0986815375991084
1575,0,787,B[N94]_NiC_nit_1M KOH_ vs RHE B_05_CVA_C02.txt,319,319,0,0.99999666,1.5907084,-0.01119495908041364,0.3234602707163665,0.06114715127649559,3.532302730091172,,3.532302730091172
1576,0,788,B[N94]_NiC_nit_1M KOH_ vs RHE B_05_CVA_C02.txt,312,0,312,1.0091254,1.5999902,-0.1842007402151182,0.2882383424660255,-0.017807438731376236,,-1.110264963602398,-1.110264963602398
1577,0,788,B[N94]_NiC_nit_1M KOH_ vs RHE B_05_CVA_C02.txt,317,317,0,1.0000294,1.59092,-0.01155491472910281,0.3230826857777208,0.0612318553425897,3.5384576913575785,,3.5384576913575785
1578,0,789,B[N94]_NiC_nit_1M KOH_ vs RHE B_05_CVA_C02.txt,312,0,312,1.0091214,1.5999924,-0.184544690985379,0.2878015477742455,-0.01789135451296562,,-1.1151025859777128,-1.1151025859777128
1579,0,789,B[N94]_NiC_nit_1M KOH_ vs RHE B_05_CVA_C02.txt,317,317,0,1.0000349,1.5897012,-0.01105080979138029,0.32287183367604,0.06066582233682977,3.5017565874460264,,3.5017565874460264
1580,0,790,B[N94]_NiC_nit_1M KOH_ vs RHE B_05_CVA_C02.txt,313,0,313,1.0090853,1.5999514,-0.1842989089232363,0.2882649549778473,-0.017031710608724278,,-1.1189911901776772,-1.1189911901776772
1581,0,790,B[N94]_NiC_nit_1M KOH_ vs RHE B_05_CVA_C02.txt,319,319,0,0.9999876,1.5900124,-0.0111520029604435,0.3236660303689618,0.060623748067295175,3.5071680940757664,,3.5071680940757664
1582,0,791,B[N94]_NiC_nit_1M KOH_ vs RHE B_05_CVA_C02.txt,312,0,312,1.0091233,1.5999888,-0.1839944521877808,0.2875624219576514,-0.018092052555854127,,-1.126971275230997,-1.126971275230997
1583,0,791,B[N94]_NiC_nit_1M KOH_ vs RHE B_05_CVA_C02.txt,317,317,0,1.0000309,1.5913178,-0.01149146481787477,0.3221149449251391,0.060761220624540646,3.5317967819623273,,3.5317967819623273
1584,0,792,B[N94]_NiC_nit_1M KOH_ vs RHE B_05_CVA_C02.txt,312,0,312,1.0091273,1.5999956,-0.1839089935920324,0.2866350137270415,-0.018322232910623706,,-1.1404621765501648,-1.1404621765501648
1585,0,792,B[N94]_NiC_nit_1M KOH_ vs RHE B_05_CVA_C02.txt,316,316,0,1.000048,1.5896304,-0.01150085511758472,0.321387319261587,0.06039283695049823,3.487806744337672,,3.487806744337672
1586,0,793,B[N94]_NiC_nit_1M KOH_ vs RHE B_05_CVA_C02.txt,312,0,312,1.0091234,1.5999888,-0.1838966874837626,0.2872164527575174,-0.01838244724106774,,-1.1441129175461586,-1.1441129175461586
1587,0,793,B[N94]_NiC_nit_1M KOH_ vs RHE B_05_CVA_C02.txt,316,316,0,1.0000284,1.5896155,-0.01210078985794731,0.3220513552490427,0.06028035917268823,3.480957786093441,,3.480957786093441
1588,0,794,B[N94]_NiC_nit_1M KOH_ vs RHE B_05_CVA_C02.txt,312,0,312,1.0091274,1.5999981,-0.1843460142515929,0.2863560688495634,-0.018524303151159945,,-1.1523501467386463,-1.1523501467386463
1589,0,794,B[N94]_NiC_nit_1M KOH_ vs RHE B_05_CVA_C02.txt,317,317,0,1.0000314,1.5909222,-0.01252080228490134,0.3220584599717347,0.060706563647938395,3.5078524068685213,,3.5078524068685213
1590,0,795,B[N94]_NiC_nit_1M KOH_ vs RHE B_05_CVA_C02.txt,312,0,312,1.0091274,1.5999856,-0.1828331793034617,0.2871181253463995,-0.017562181723230375,,-1.0953812017016076,-1.0953812017016076
1591,0,795,B[N94]_NiC_nit_1M KOH_ vs RHE B_05_CVA_C02.txt,315,315,0,1.0000458,1.5895007,-0.01113436324521899,0.3219804126036134,0.061552141810116937,3.5785669846682766,,3.5785669846682766
1592,0,796,B[N94]_NiC_nit_1M KOH_ vs RHE B_05_CVA_C02.txt,313,0,313,1.0090967,1.600001,-0.1809793038824319,0.2876090990460437,-0.014381199358198857,,-0.9609707366986808,-0.9609707366986808
1593,0,796,B[N94]_NiC_nit_1M KOH_ vs RHE B_05_CVA_C02.txt,318,318,0,0.99999928,1.5897955,-0.01146281942846661,0.3210085090051646,0.062145287213191854,3.5976276127095432,,3.5976276127095432
1594,0,797,B[N94]_NiC_nit_1M KOH_ vs RHE B_05_CVA_C02.txt,313,0,313,1.0090837,1.599995,-0.1804103527036083,0.2887332199708275,-0.014090780683534887,,-0.9440004588653039,-0.9440004588653039
1595,0,797,B[N94]_NiC_nit_1M KOH_ vs RHE B_05_CVA_C02.txt,318,318,0,0.99998558,1.5905802,-0.01153001189231873,0.3204926326041617,0.06234730604803934,3.628609362545015,,3.628609362545015
1596,0,798,B[N94]_NiC_nit_1M KOH_ vs RHE B_05_CVA_C02.txt,313,0,313,1.0090989,1.5999811,-0.1804486829704931,0.291687002000601,-0.014411872930448204,,-0.9638918600837328,-0.9638918600837328
1597,0,798,B[N94]_NiC_nit_1M KOH_ vs RHE B_05_CVA_C02.txt,318,318,0,1.0000017,1.5904803,-0.01212566345930099,0.3186008086199807,0.06223759318045267,3.611726009168788,,3.611726009168788
1598,0,799,B[N94]_NiC_nit_1M KOH_ vs RHE B_05_CVA_C02.txt,313,0,313,1.009094,1.599981,-0.1807795375177506,0.2927231153716208,-0.014581462045527694,,-0.9748865276591425,-0.9748865276591425
1599,0,799,B[N94]_NiC_nit_1M KOH_ vs RHE B_05_CVA_C02.txt,321,321,0,0.99999654,1.5894884,-0.01126591488718987,0.3203104527265754,0.0626875310735109,3.5809287915577945,,3.5809287915577945
1600,0,800,B[N94]_NiC_nit_1M KOH_ vs RHE B_05_CVA_C02.txt,312,0,312,1.0091254,1.5999776,-0.1814567079210567,0.2920430898666382,-0.015757901222502077,,-0.9893868113992879,-0.9893868113992879
1601,0,801,B[N94]_NiC_nit_1M KOH_ vs RHE B_05_CVA_C02.txt,322,322,0,0.99998093,1.5896705,-0.004138130187020611,0.3233532819851428,0.06640506456856476,3.8574574947901294,,3.8574574947901294
1602,0,801,B[N94]_NiC_nit_1M KOH_ vs RHE B_05_CVA_C02.txt,312,0,312,1.0091255,1.5999894,-0.1807790052368077,0.3090538849433253,-0.012853420797133138,,-0.8202691712413158,-0.8202691712413158
1603,0,801,B[N94]_NiC_nit_1M KOH_ vs RHE B_05_CVA_C02.txt,317,317,0,1.000044,1.5896585,-0.0103964978949197,0.3185930611126131,0.06446008639143704,3.6833904438439378,,3.6833904438439378
1604,0,802,B[N94]_NiC_nit_1M KOH_ vs RHE B_05_CVA_C02.txt,313,0,313,1.0090948,1.5999595,-0.1803041035212214,0.3076915144920349,-0.012403438286016876,,-0.8503766263534103,-0.8503766263534103
1605,0,802,B[N94]_NiC_nit_1M KOH_ vs RHE B_05_CVA_C02.txt,322,322,0,0.99999774,1.5912932,-0.0102396021678072,0.3188484102077753,0.06474555382204812,3.7095946198189167,,3.7095946198189167
1606,0,803,B[N94]_NiC_nit_1M KOH_ vs RHE B_05_CVA_C02.txt,313,0,313,1.0091004,1.5999932,-0.1804270173822611,0.3092092340407162,-0.012887723416658291,,-0.8794640426716533,-0.8794640426716533
1607,0,803,B[N94]_NiC_nit_1M KOH_ vs RHE B_05_CVA_C02.txt,319,319,0,1.0000031,1.5898677,-0.01210020761936903,0.3192574578906857,0.0636341173226759,3.6555967076483333,,3.6555967076483333
1608,0,804,B[N94]_NiC_nit_1M KOH_ vs RHE B_05_CVA_C02.txt,312,0,312,1.0091213,1.5999867,-0.1811915953106773,0.309381501328561,-0.014023090473031243,,-0.8897257727661285,-0.8897257727661285
1609,0,804,B[N94]_NiC_nit_1M KOH_ vs RHE B_05_CVA_C02.txt,316,316,0,1.0000286,1.5897518,-0.01090861920142916,0.3195558711486406,0.06285735786386094,3.649132320825498,,3.649132320825498
1610,0,805,B[N94]_NiC_nit_1M KOH_ vs RHE B_05_CVA_C02.txt,313,0,313,1.0091006,1.6000031,-0.180673853085076,0.3103426682188156,-0.013316318404957785,,-0.9058044055708634,-0.9058044055708634
1611,0,805,B[N94]_NiC_nit_1M KOH_ vs RHE B_05_CVA_C02.txt,319,319,0,1.0000031,1.5897599,-0.01077352364992966,0.3193125707088358,0.06301917046196638,3.629581736588812,,3.629581736588812
1612,0,806,B[N94]_NiC_nit_1M KOH_ vs RHE B_05_CVA_C02.txt,313,0,313,1.009096,1.600011,-0.1804869089525498,0.3098474709277457,-0.013629670814209252,,-0.9241789097509076,-0.9241789097509076
1613,0,806,B[N94]_NiC_nit_1M KOH_ vs RHE B_05_CVA_C02.txt,318,318,0,0.99999869,1.589582,-0.01142056925100801,0.319141475953245,0.06264538436319189,3.6119178159540586,,3.6119178159540586
1614,0,807,B[N94]_NiC_nit_1M KOH_ vs RHE B_05_CVA_C02.txt,313,0,313,1.0090947,1.5999833,-0.1806563276550198,0.3084822044424387,-0.01400559566536738,,-0.9461460555332663,-0.9461460555332663
1615,0,807,B[N94]_NiC_nit_1M KOH_ vs RHE B_05_CVA_C02.txt,321,321,0,0.99999738,1.5896862,-0.01188230386975669,0.318983563442532,0.06315531567134228,3.6082913664848713,,3.6082913664848713
1616,0,808,B[N94]_NiC_nit_1M KOH_ vs RHE B_05_CVA_C02.txt,313,0,313,1.0090998,1.5999973,-0.1808056814228739,0.309263472971709,-0.014267943145444934,,-0.9617970937488065,-0.9617970937488065
1617,0,808,B[N94]_NiC_nit_1M KOH_ vs RHE B_05_CVA_C02.txt,319,319,0,1.0000025,1.5907072,-0.01100242642037896,0.3174162205757117,0.062858973902228,3.6280043313593504,,3.6280043313593504
1618,0,809,B[N94]_NiC_nit_1M KOH_ vs RHE B_05_CVA_C02.txt,313,0,313,1.0090982,1.6000072,-0.180847027635537,0.3095212203005078,-0.01446423405241444,,-0.9736625813354862,-0.9736625813354862
1619,0,809,B[N94]_NiC_nit_1M KOH_ vs RHE B_05_CVA_C02.txt,322,322,0,1.0000007,1.5907483,-0.01242348924279213,0.3185398322217439,0.06357112633433219,3.618001722536818,,3.618001722536818
1620,0,810,B[N94]_NiC_nit_1M KOH_ vs RHE B_05_CVA_C02.txt,313,0,313,1.0090967,1.6000072,-0.1808350539408107,0.3083718114573022,-0.014688481187890458,,-0.9864419751727379,-0.9864419751727379
1621,0,810,B[N94]_NiC_nit_1M KOH_ vs RHE B_05_CVA_C02.txt,319,319,0,0.9999994,1.591244,-0.01285113487392664,0.3195374210848012,0.06278375249941502,3.6291303304868543,,3.6291303304868543
1622,0,811,B[N94]_NiC_nit_1M KOH_ vs RHE B_05_CVA_C02.txt,313,0,313,1.0090972,1.5999953,-0.1809184273273357,0.3083011203485986,-0.014754923876823032,,-0.9904002551869127,-0.9904002551869127
1623,0,811,B[N94]_NiC_nit_1M KOH_ vs RHE B_05_CVA_C02.txt,319,319,0,0.99999988,1.5904129,-0.01269331388175488,0.3182045887390963,0.06227814518258483,3.5963416945281836,,3.5963416945281836
1624,0,812,B[N94]_NiC_nit_1M KOH_ vs RHE B_05_CVA_C02.txt,313,0,313,1.0090971,1.6000171,-0.1810992283060786,0.307758629322052,-0.01506572277840679,,-1.0087972590320717,-1.0087972590320717
1625,0,812,B[N94]_NiC_nit_1M KOH_ vs RHE B_05_CVA_C02.txt,319,319,0,0.99999964,1.59085,-0.01099505265364829,0.3191664611276366,0.06241486043848146,3.605664971363896,,3.605664971363896
1626,0,813,B[N94]_NiC_nit_1M KOH_ vs RHE B_05_CVA_C02.txt,313,0,313,1.0090947,1.6000012,-0.1807247363816171,0.3081996829613392,-0.01512294656570638,,-1.0121166347287542,-1.0121166347287542
1627,0,813,B[N94]_NiC_nit_1M KOH_ vs RHE B_05_CVA_C02.txt,319,319,0,0.99999726,1.589666,-0.01108557111381192,0.3197823473702017,0.06177875388453609,3.5704818262673665,,3.5704818262673665
1628,0,814,B[N94]_NiC_nit_1M KOH_ vs RHE B_05_CVA_C02.txt,313,0,313,1.0090803,1.6000171,-0.1806723420813485,0.3073240442478911,-0.01529940037401415,,-1.0225928234087327,-1.0225928234087327
1629,0,814,B[N94]_NiC_nit_1M KOH_ vs RHE B_05_CVA_C02.txt,320,320,0,0.99998283,1.5910463,-0.01123960277713515,0.3185054173766186,0.06330453753655241,3.5953250268572265,,3.5953250268572265
1630,0,815,B[N94]_NiC_nit_1M KOH_ vs RHE B_05_CVA_C02.txt,313,0,313,1.0090963,1.5999557,-0.1809066273615141,0.3055821087049402,-0.015539809154672908,,-1.0356696962275256,-1.0356696962275256
1631,0,815,B[N94]_NiC_nit_1M KOH_ vs RHE B_05_CVA_C02.txt,318,318,0,0.99999881,1.589947,-0.01236430555582047,0.3167346021266155,0.06146359328900148,3.566819081343475,,3.566819081343475
1632,0,816,B[N94]_NiC_nit_1M KOH_ vs RHE B_05_CVA_C02.txt,313,0,313,1.0090823,1.5999973,-0.1807878382116455,0.3057204543248466,-0.015644699684137932,,-1.0422570449645998,-1.0422570449645998
1633,0,816,B[N94]_NiC_nit_1M KOH_ vs RHE B_05_CVA_C02.txt,319,319,0,0.99998498,1.5910538,-0.01204532808016828,0.3188872733201125,0.06179454037895918,3.5894893212132573,,3.5894893212132573
1634,0,817,B[N94]_NiC_nit_1M KOH_ vs RHE B_05_CVA_C02.txt,313,0,313,1.0090842,1.6000054,-0.1805674664283954,0.3043648995783013,-0.01574939502044101,,-1.0485022902098162,-1.0485022902098162
1635,0,817,B[N94]_NiC_nit_1M KOH_ vs RHE B_05_CVA_C02.txt,320,320,0,0.99998689,1.5910363,-0.01190324876781391,0.3187141072946615,0.06241828534718341,3.5879307977911967,,3.5879307977911967
1636,0,818,B[N94]_NiC_nit_1M KOH_ vs RHE B_05_CVA_C02.txt,313,0,313,1.0090965,1.6000391,-0.1805679549177261,0.3071637451648712,-0.015871232789205398,,-1.0564481956688496,-1.0564481956688496
1637,0,818,B[N94]_NiC_nit_1M KOH_ vs RHE B_05_CVA_C02.txt,319,319,0,0.99999905,1.5905643,-0.01208717600725917,0.3171562166947641,0.061950189067637,3.571580481694845,,3.571580481694845
1638,0,819,B[N94]_NiC_nit_1M KOH_ vs RHE B_05_CVA_C02.txt,313,0,313,1.0090936,1.6000153,-0.1808647750680512,0.3034632491028827,-0.016008062771498428,,-1.0631951977904965,-1.0631951977904965
1639,0,819,B[N94]_NiC_nit_1M KOH_ vs RHE B_05_CVA_C02.txt,323,323,0,0.99999619,1.5912563,-0.01136494158645687,0.3193130701862517,0.06225432236194343,3.5846025509189587,,3.5846025509189587
1640,0,820,B[N94]_NiC_nit_1M KOH_ vs RHE B_05_CVA_C02.txt,313,0,313,1.0090954,1.6000074,-0.1806511157740887,0.3025282899970592,-0.01613821100992024,,-1.0706619290551471,-1.0706619290551471
1641,0,820,B[N94]_NiC_nit_1M KOH_ vs RHE B_05_CVA_C02.txt,319,319,0,0.99999809,1.5910497,-0.01101014578523094,0.3185771451623127,0.061786841637227224,3.5784374902352187,,3.5784374902352187
1642,0,821,B[N94]_NiC_nit_1M KOH_ vs RHE B_05_CVA_C02.txt,313,0,313,1.0090984,1.6000013,-0.1806341945239556,0.3022248829188552,-0.016216698413527058,,-1.0752069164247655,-1.0752069164247655
1643,0,821,B[N94]_NiC_nit_1M KOH_ vs RHE B_05_CVA_C02.txt,319,319,0,1.000001,1.5905492,-0.01180340671587898,0.317501284420592,0.06160969752017474,3.5625767056286137,,3.5625767056286137
1644,0,822,B[N94]_NiC_nit_1M KOH_ vs RHE B_05_CVA_C02.txt,312,0,312,1.0090994,1.5999506,-0.1804374252320153,0.2981404321534291,-0.017340254630362695,,-1.0842297780101098,-1.0842297780101098
1645,0,822,B[N94]_NiC_nit_1M KOH_ vs RHE B_05_CVA_C02.txt,318,318,0,1.0000019,1.5897982,-0.01147593460653139,0.3170952762978345,0.06091827749104513,3.5422377605278204,,3.5422377605278204
1646,0,823,B[N94]_NiC_nit_1M KOH_ vs RHE B_05_CVA_C02.txt,312,0,312,1.0090981,1.5999491,-0.1804916693535803,0.2975447267293925,-0.017274833495357467,,-1.0802866567744518,-1.0802866567744518
1647,0,823,B[N94]_NiC_nit_1M KOH_ vs RHE B_05_CVA_C02.txt,318,318,0,1.0000005,1.5911701,-0.01298222783952951,0.3164751570028921,0.06152526140354679,3.580887364055912,,3.580887364055912
1648,0,824,B[N94]_NiC_nit_1M KOH_ vs RHE B_05_CVA_C02.txt,312,0,312,1.0090986,1.5999486,-0.1804480489166913,0.2973746687173842,-0.01735350051967896,,-1.0849212217397106,-1.0849212217397106
1649,0,824,B[N94]_NiC_nit_1M KOH_ vs RHE B_05_CVA_C02.txt,319,319,0,1.0000013,1.5906508,-0.01168815244961045,0.3180298842372706,0.06191753364435288,3.5631097900121955,,3.5631097900121955
1650,0,825,B[N94]_NiC_nit_1M KOH_ vs RHE B_05_CVA_C02.txt,312,0,312,1.0091044,1.5999523,-0.1804521006438091,0.2978081926703444,-0.017519952730617117,,-1.0946904782891573,-1.0946904782891573
1651,0,825,B[N94]_NiC_nit_1M KOH_ vs RHE B_05_CVA_C02.txt,318,318,0,1.0000069,1.5910703,-0.01133299030038021,0.3161625488033,0.061261637225299266,3.566018043449542,,3.566018043449542
1652,0,826,B[N94]_NiC_nit_1M KOH_ vs RHE B_05_CVA_C02.txt,312,0,312,1.0091101,1.5999601,-0.1799723937031579,0.2963052154941992,-0.017612992152638698,,-1.100053944295606,-1.100053944295606
1653,0,826,B[N94]_NiC_nit_1M KOH_ vs RHE B_05_CVA_C02.txt,318,318,0,1.0000126,1.5897002,-0.01314896065741777,0.3165166770574821,0.06081230632519601,3.533431033525097,,3.533431033525097
1654,0,827,B[N94]_NiC_nit_1M KOH_ vs RHE B_05_CVA_C02.txt,312,0,312,1.0091116,1.5999583,-0.1800703633208967,0.2956780254840852,-0.017726286090457073,,-1.106678441146957,-1.106678441146957
1655,0,827,B[N94]_NiC_nit_1M KOH_ vs RHE B_05_CVA_C02.txt,319,319,0,1.0000141,1.5896142,-0.01314896065741777,0.3173540297996968,0.06084874273651841,3.525370160801291,,3.525370160801291
1656,0,828,B[N94]_NiC_nit_1M KOH_ vs RHE B_05_CVA_C02.txt,312,0,312,1.0091116,1.5999615,-0.1799193680426967,0.29534900798039,-0.01776569890903213,,-1.1089470096851346,-1.1089470096851346
1657,0,828,B[N94]_NiC_nit_1M KOH_ vs RHE B_05_CVA_C02.txt,319,319,0,1.0000142,1.590659,-0.01160849513405043,0.3160244207998061,0.06119432782314359,3.548758180240458,,3.548758180240458
1658,0,829,B[N94]_NiC_nit_1M KOH_ vs RHE B_05_CVA_C02.txt,312,0,312,1.0091118,1.59996,-0.1801342313160283,0.2953005704012783,-0.01775444264616859,,-1.1082516677403575,-1.1082516677403575
1659,0,829,B[N94]_NiC_nit_1M KOH_ vs RHE B_05_CVA_C02.txt,318,318,0,1.0000144,1.5898024,-0.01279067900031805,0.3161051575288211,0.0610552579519602,3.5272041104070206,,3.5272041104070206
1660,0,830,B[N94]_NiC_nit_1M KOH_ vs RHE B_05_CVA_C02.txt,312,0,312,1.0091138,1.5999619,-0.1795178925118737,0.2939620059590005,-0.0179207761013881,,-1.1178740107815195,-1.1178740107815195
1661,0,830,B[N94]_NiC_nit_1M KOH_ vs RHE B_05_CVA_C02.txt,317,317,0,1.0000165,1.5897058,-0.01162876221148865,0.3157899112897884,0.06038049064660384,3.520003180090445,,3.520003180090445
1662,0,831,B[N94]_NiC_nit_1M KOH_ vs RHE B_05_CVA_C02.txt,313,0,313,1.0090954,1.5999571,-0.1799048519701762,0.2967961379822266,-0.017102574199593393,,-1.1258426458460864,-1.1258426458460864
1663,0,831,B[N94]_NiC_nit_1M KOH_ vs RHE B_05_CVA_C02.txt,320,320,0,0.99999809,1.5904025,-0.01182948417313721,0.3148499744635328,0.061498261447000345,3.5344985043589476,,3.5344985043589476
1664,0,832,B[N94]_NiC_nit_1M KOH_ vs RHE B_05_CVA_C02.txt,313,0,313,1.0090972,1.5999532,-0.1795222048282226,0.2942893803119659,-0.017106774252479716,,-1.1253576354761097,-1.1253576354761097
1665,0,832,B[N94]_NiC_nit_1M KOH_ vs RHE B_05_CVA_C02.txt,319,319,0,1.0,1.5895342,-0.01188929040875775,0.3152558259729092,0.06118705679398798,3.5174585270255188,,3.5174585270255188
1666,0,833,B[N94]_NiC_nit_1M KOH_ vs RHE B_05_CVA_C02.txt,312,0,312,1.0090997,1.599952,-0.1796440193811224,0.2942498394598565,-0.017972377924544505,,-1.1208450599390645,-1.1208450599390645
1667,0,833,B[N94]_NiC_nit_1M KOH_ vs RHE B_05_CVA_C02.txt,318,318,0,1.0000015,1.5899022,-0.01253867242485285,0.315433211401885,0.060954418978747114,3.5234342459155004,,3.5234342459155004
1668,0,834,B[N94]_NiC_nit_1M KOH_ vs RHE B_05_CVA_C02.txt,312,0,312,1.0091234,1.5999758,-0.1801574622501776,0.2928803066412602,-0.018120866571957803,,-1.129503937530421,-1.129503937530421
1669,0,834,B[N94]_NiC_nit_1M KOH_ vs RHE B_05_CVA_C02.txt,315,315,0,1.0000496,1.5895026,-0.01179324868409073,0.3150901449818542,0.060720506217833745,3.5181839130674324,,3.5181839130674324
1670,0,835,B[N94]_NiC_nit_1M KOH_ vs RHE B_05_CVA_C02.txt,312,0,312,1.0091294,1.599978,-0.1801649401629675,0.2921096486704684,-0.018057826573402297,,-1.1257071692137424,-1.1257071692137424
1671,0,835,B[N94]_NiC_nit_1M KOH_ vs RHE B_05_CVA_C02.txt,317,317,0,1.0000381,1.5897019,-0.01273552028994475,0.3158833587522354,0.061625765269666836,3.5216537919226654,,3.5216537919226654
1672,0,836,B[N94]_NiC_nit_1M KOH_ vs RHE B_05_CVA_C02.txt,313,0,313,1.0090935,1.5999571,-0.179525455172076,0.2925368767717602,-0.016777509090542635,,-1.10526288332096,-1.10526288332096
1673,0,836,B[N94]_NiC_nit_1M KOH_ vs RHE B_05_CVA_C02.txt,318,318,0,0.99999607,1.5906863,-0.0116068072738531,0.3147830411544503,0.06239396164154326,3.6188351221970634,,3.6188351221970634
1674,0,837,B[N94]_NiC_nit_1M KOH_ vs RHE B_05_CVA_C02.txt,312,0,312,1.0091308,1.5999783,-0.1785797545526018,0.2929742549146921,-0.01599114744818638,,-1.0034768226150574,-1.0034768226150574
1675,0,837,B[N94]_NiC_nit_1M KOH_ vs RHE B_05_CVA_C02.txt,316,316,0,1.0000437,1.5903656,-0.01239762244926346,0.3131733334783293,0.062159552763029584,3.602757653422958,,3.602757653422958
1676,0,838,B[N94]_NiC_nit_1M KOH_ vs RHE B_05_CVA_C02.txt,312,0,312,1.0091128,1.5999633,-0.1780196287886844,0.2934565842151642,-0.016125855581442694,,-1.01148358072616,-1.01148358072616
1677,0,838,B[N94]_NiC_nit_1M KOH_ vs RHE B_05_CVA_C02.txt,322,322,0,1.0000157,1.5906961,-0.01122964187727675,0.311797794182854,0.06262660836356054,3.6058701661276595,,3.6058701661276595
1678,0,839,B[N94]_NiC_nit_1M KOH_ vs RHE B_05_CVA_C02.txt,312,0,312,1.0091203,1.5999708,-0.1780730714730474,0.2934092237399173,-0.016169101211959358,,-1.014073412201549,-1.014073412201549
1679,0,839,B[N94]_NiC_nit_1M KOH_ vs RHE B_05_CVA_C02.txt,321,321,0,1.0000229,1.5900766,-0.01442235615104437,0.3122583903842722,0.06206847590409556,3.5893973240728987,,3.5893973240728987
1680,0,840,B[N94]_NiC_nit_1M KOH_ vs RHE B_05_CVA_C02.txt,313,0,313,1.0090972,1.5999769,-0.1779338802330965,0.2966424505347789,-0.015200728460717622,,-1.0122479327270117,-1.0122479327270117
1681,0,840,B[N94]_NiC_nit_1M KOH_ vs RHE B_05_CVA_C02.txt,319,319,0,0.99999988,1.5902588,-0.0113520478708265,0.3120706777108175,0.06213002800104527,3.5902003434207352,,3.5902003434207352
1682,0,841,B[N94]_NiC_nit_1M KOH_ vs RHE B_05_CVA_C02.txt,312,0,312,1.0091146,1.599962,-0.1776518743084106,0.2946322927641312,-0.01626901651268642,,-1.0200570615415179,-1.0200570615415179
1683,0,841,B[N94]_NiC_nit_1M KOH_ vs RHE B_05_CVA_C02.txt,319,319,0,1.0000172,1.5910598,-0.01337360218167305,0.3115939148914557,0.06239868811200991,3.60848667557191,,3.60848667557191
1684,0,842,B[N94]_NiC_nit_1M KOH_ vs RHE B_05_CVA_C02.txt,312,0,312,1.0091085,1.5999594,-0.1772359518462348,0.2955790413750541,-0.016245051702235454,,-1.0187424046806461,-1.0187424046806461
1685,0,842,B[N94]_NiC_nit_1M KOH_ vs RHE B_05_CVA_C02.txt,318,318,0,1.000011,1.5895922,-0.01128153466498077,0.3109562349270121,0.06180773594569809,3.5731823340591613,,3.5731823340591613
1686,0,843,B[N94]_NiC_nit_1M KOH_ vs RHE B_05_CVA_C02.txt,312,0,312,1.0091085,1.5999583,-0.1775207614175365,0.2945966819922123,-0.01620714927064154,,-1.016394208860131,-1.016394208860131
1687,0,843,B[N94]_NiC_nit_1M KOH_ vs RHE B_05_CVA_C02.txt,318,318,0,1.0000111,1.5901804,-0.01206289758176907,0.3112057742154139,0.062023374286514735,3.588378748566859,,3.588378748566859
1688,0,844,B[N94]_NiC_nit_1M KOH_ vs RHE B_05_CVA_C02.txt,312,0,312,1.0091044,1.5999537,-0.1773716615314069,0.2968058953893942,-0.016226143194146496,,-1.0178492933980705,-1.0178492933980705
1689,0,844,B[N94]_NiC_nit_1M KOH_ vs RHE B_05_CVA_C02.txt,319,319,0,1.0000069,1.5912479,-0.01206520758569241,0.3113324689231907,0.06201132190780696,3.6121451539895855,,3.6121451539895855
1690,0,845,B[N94]_NiC_nit_1M KOH_ vs RHE B_05_CVA_C02.txt,312,0,312,1.0091128,1.5999618,-0.1766636330191069,0.2949798155662622,-0.016237374393156027,,-1.018274568606085,-1.018274568606085
1691,0,845,B[N94]_NiC_nit_1M KOH_ vs RHE B_05_CVA_C02.txt,318,318,0,1.0000155,1.5906821,-0.01209002640098333,0.309794011973858,0.06212566687782692,3.602920526541656,,3.602920526541656
1692,0,846,B[N94]_NiC_nit_1M KOH_ vs RHE B_05_CVA_C02.txt,312,0,312,1.0091046,1.5999635,-0.1769494084062282,0.2950083987657406,-0.016148144326191133,,-1.0130131058568033,-1.0130131058568033
1693,0,846,B[N94]_NiC_nit_1M KOH_ vs RHE B_05_CVA_C02.txt,318,318,0,1.0000073,1.5894963,-0.01167642170279895,0.3106128006525517,0.0619480888647075,3.5782323316243985,,3.5782323316243985
1694,0,847,B[N94]_NiC_nit_1M KOH_ vs RHE B_05_CVA_C02.txt,312,0,312,1.0091078,1.5999562,-0.1766172663080802,0.2964476334012073,-0.015912017243971465,,-0.9991979394110714,-0.9991979394110714
1695,0,847,B[N94]_NiC_nit_1M KOH_ vs RHE B_05_CVA_C02.txt,319,319,0,1.0000105,1.5901726,-0.01180047262459993,0.3100739991845711,0.06274271280753208,3.6066570342066524,,3.6066570342066524
1696,0,848,B[N94]_NiC_nit_1M KOH_ vs RHE B_05_CVA_C02.txt,313,0,313,1.0090959,1.6000272,-0.1760774826666898,0.2988846813854957,-0.014136457045851532,,-0.9506632843628414,-0.9506632843628414
1697,0,848,B[N94]_NiC_nit_1M KOH_ vs RHE B_05_CVA_C02.txt,319,319,0,0.99999857,1.589678,-0.0106818435167003,0.3103189754980157,0.06333287273604958,3.6458174102120404,,3.6458174102120404
1698,0,849,B[N94]_NiC_nit_1M KOH_ vs RHE B_05_CVA_C02.txt,313,0,313,1.0090948,1.6000293,-0.1748409086393969,0.2993413844007122,-0.01323321190597525,,-0.8969744172283051,-0.8969744172283051
1699,0,849,B[N94]_NiC_nit_1M KOH_ vs RHE B_05_CVA_C02.txt,321,321,0,0.99999738,1.5912602,-0.01057318044951428,0.3077287157466166,0.06424373674806086,3.687868365144925,,3.687868365144925
1700,0,850,B[N94]_NiC_nit_1M KOH_ vs RHE B_05_CVA_C02.txt,313,0,313,1.0090847,1.5999618,-0.1723355046780578,0.3016193139812215,-0.01274065538329728,,-0.8683084395349452,-0.8683084395349452
1701,0,850,B[N94]_NiC_nit_1M KOH_ vs RHE B_05_CVA_C02.txt,321,321,0,0.99998724,1.5909601,-0.01047858784915187,0.3074348642038727,0.06419509118654308,3.683669204180189,,3.683669204180189
1702,0,851,B[N94]_NiC_nit_1M KOH_ vs RHE B_05_CVA_C02.txt,312,0,312,1.0090914,1.5999517,-0.1742420789955939,0.297667117168506,-0.01373064961436128,,-0.8703140775322887,-0.8703140775322887
1703,0,851,B[N94]_NiC_nit_1M KOH_ vs RHE B_05_CVA_C02.txt,317,317,0,0.99999404,1.5895641,-0.01074632550792202,0.307604158208012,0.0630859471557114,3.6464017795081385,,3.6464017795081385
1704,0,852,B[N94]_NiC_nit_1M KOH_ vs RHE B_05_CVA_C02.txt,313,0,313,1.0090967,1.5999657,-0.1739094504135026,0.3031799151845598,-0.012552022957221519,,-0.8575202985199079,-0.8575202985199079
1705,0,852,B[N94]_NiC_nit_1M KOH_ vs RHE B_05_CVA_C02.txt,319,319,0,0.99999928,1.590454,-0.01092855118053118,0.3067823035108221,0.06306795437279811,3.663923305538966,,3.663923305538966
1706,0,853,B[N94]_NiC_nit_1M KOH_ vs RHE B_05_CVA_C02.txt,313,0,313,1.0090977,1.6000053,-0.1734889280295004,0.303260303709818,-0.012574964558616532,,-0.8589271957301922,-0.8589271957301922
1707,0,853,B[N94]_NiC_nit_1M KOH_ vs RHE B_05_CVA_C02.txt,318,318,0,1.0000002,1.5907286,-0.01088154210668543,0.3059481070076034,0.06296351602756928,3.6696248945201217,,3.6696248945201217
1708,0,854,B[N94]_NiC_nit_1M KOH_ vs RHE B_05_CVA_C02.txt,313,0,313,1.0091003,1.5999794,-0.1733414943093654,0.3048099778268645,-0.012527428019931956,,-0.8567453965581254,-0.8567453965581254
1709,0,854,B[N94]_NiC_nit_1M KOH_ vs RHE B_05_CVA_C02.txt,321,321,0,1.000003,1.5906681,-0.01279386039823294,0.3042062493910833,0.06325011360199373,3.6577266251326868,,3.6577266251326868
1710,0,855,B[N94]_NiC_nit_1M KOH_ vs RHE B_05_CVA_C02.txt,313,0,313,1.0090973,1.5999695,-0.1724634422405793,0.3051273557155028,-0.012566588007192054,,-0.8593687933372979,-0.8593687933372979
1711,0,855,B[N94]_NiC_nit_1M KOH_ vs RHE B_05_CVA_C02.txt,317,317,0,1.0,1.5901562,-0.01052433423885504,0.3005288558189418,0.06291242394405769,3.649801194485112,,3.649801194485112
1712,0,856,B[N94]_NiC_nit_1M KOH_ vs RHE B_05_CVA_C02.txt,313,0,313,1.0090971,1.5999575,-0.1730602549224242,0.3060819733401998,-0.01345317689755847,,-0.9119457639938728,-0.9119457639938728
1713,0,856,B[N94]_NiC_nit_1M KOH_ vs RHE B_05_CVA_C02.txt,321,321,0,0.99999964,1.5898782,-0.01096207239543615,0.3028345953616607,0.06240350047779089,3.585285873725035,,3.585285873725035
1714,0,857,B[N94]_NiC_nit_1M KOH_ vs RHE B_05_CVA_C02.txt,313,0,313,1.0090989,1.5999795,-0.1721920242180444,0.3034788966178894,-0.014107824870097773,,-0.9504919294443732,-0.9504919294443732
1715,0,857,B[N94]_NiC_nit_1M KOH_ vs RHE B_05_CVA_C02.txt,318,318,0,1.0000017,1.5896903,-0.01289886329323053,0.3000969944167324,0.061298056425164116,3.560322715650432,,3.560322715650432
1716,0,858,B[N94]_NiC_nit_1M KOH_ vs RHE B_05_CVA_C02.txt,313,0,313,1.0090966,1.5999954,-0.1730666181253866,0.3037688771019811,-0.014333611205994353,,-0.9635771063108862,-0.9635771063108862
1717,0,858,B[N94]_NiC_nit_1M KOH_ vs RHE B_05_CVA_C02.txt,321,321,0,0.99999952,1.5896784,-0.01096342071239748,0.3023057286312029,0.06157045652951327,3.554238734249377,,3.554238734249377
1718,0,859,B[N94]_NiC_nit_1M KOH_ vs RHE B_05_CVA_C02.txt,313,0,313,1.0090986,1.5999794,-0.1720509977104505,0.3037473806675446,-0.014424463373589632,,-0.9691182275995908,-0.9691182275995908
1719,0,859,B[N94]_NiC_nit_1M KOH_ vs RHE B_05_CVA_C02.txt,322,322,0,1.0000013,1.5899566,-0.01276649627834558,0.301350751307548,0.06201763903993857,3.562919064497914,,3.562919064497914
1720,0,860,B[N94]_NiC_nit_1M KOH_ vs RHE B_05_CVA_C02.txt,313,0,313,1.0090966,1.6000073,-0.1725435124983947,0.3051734022472217,-0.014553379185317662,,-0.9773318292180574,-0.9773318292180574
1721,0,860,B[N94]_NiC_nit_1M KOH_ vs RHE B_05_CVA_C02.txt,319,319,0,0.99999917,1.5910482,-0.01140863075852394,0.3018812224205785,0.06172745120775735,3.581367245178778,,3.581367245178778
1722,0,861,B[N94]_NiC_nit_1M KOH_ vs RHE B_05_CVA_C02.txt,313,0,313,1.0090967,1.5999993,-0.172985914433001,0.3043625387160673,-0.014757221062005986,,-0.9888747711007204,-0.9888747711007204
1723,0,861,B[N94]_NiC_nit_1M KOH_ vs RHE B_05_CVA_C02.txt,318,318,0,0.9999994,1.590338,-0.01133760520378533,0.3026394496853122,0.061431174702335715,3.5626414458934064,,3.5626414458934064
1724,0,862,B[N94]_NiC_nit_1M KOH_ vs RHE B_05_CVA_C02.txt,313,0,313,1.0090971,1.5999973,-0.1722095120042098,0.3039002988649451,-0.014820248225106762,,-0.9928688412271494,-0.9928688412271494
1725,0,862,B[N94]_NiC_nit_1M KOH_ vs RHE B_05_CVA_C02.txt,318,318,0,0.99999964,1.5902841,-0.01189587493022176,0.3008000535583689,0.061162715627580404,3.5553528671080605,,3.5553528671080605
1726,0,863,B[N94]_NiC_nit_1M KOH_ vs RHE B_05_CVA_C02.txt,313,0,313,1.0090984,1.5999855,-0.1730635811914567,0.3034798762072684,-0.015054315553507962,,-1.00682346119809,-1.00682346119809
1727,0,863,B[N94]_NiC_nit_1M KOH_ vs RHE B_05_CVA_C02.txt,318,318,0,1.000001,1.5903372,-0.01255776453763247,0.3030729615639607,0.06141747785577619,3.5584689521529933,,3.5584689521529933
1728,0,864,B[N94]_NiC_nit_1M KOH_ vs RHE B_05_CVA_C02.txt,313,0,313,1.0090966,1.5999875,-0.1721810436959128,0.3040522349917371,-0.01509393063425683,,-1.0091218459798916,-1.0091218459798916
1729,0,864,B[N94]_NiC_nit_1M KOH_ vs RHE B_05_CVA_C02.txt,319,319,0,0.99999917,1.5902333,-0.01110275344842154,0.302162829334458,0.06169136275098625,3.558104596209898,,3.558104596209898
1730,0,865,B[N94]_NiC_nit_1M KOH_ vs RHE B_05_CVA_C02.txt,313,0,313,1.0090985,1.600033,-0.1729443178316195,0.3049426674842834,-0.015136888882945048,,-1.0123791648468747,-1.0123791648468747
1731,0,865,B[N94]_NiC_nit_1M KOH_ vs RHE B_05_CVA_C02.txt,318,318,0,1.0000018,1.5905371,-0.01305286679416895,0.3033951303431399,0.061238623441437406,3.5589225080505993,,3.5589225080505993
1732,0,866,B[N94]_NiC_nit_1M KOH_ vs RHE B_05_CVA_C02.txt,313,0,313,1.0090839,1.5999875,-0.1717747697873446,0.3034484716861143,-0.015324006907996391,,-1.0226563824193682,-1.0226563824193682
1733,0,866,B[N94]_NiC_nit_1M KOH_ vs RHE B_05_CVA_C02.txt,319,319,0,0.99998653,1.5907547,-0.01227481096335079,0.3001834439521797,0.061089949984449256,3.5538648212682773,,3.5538648212682773
1734,0,867,B[N94]_NiC_nit_1M KOH_ vs RHE B_05_CVA_C02.txt,313,0,313,1.0091014,1.6000054,-0.1726287048169861,0.3018957642109497,-0.015556182311374404,,-1.0358583964957235,-1.0358583964957235
1735,0,867,B[N94]_NiC_nit_1M KOH_ vs RHE B_05_CVA_C02.txt,318,318,0,1.0000039,1.5898021,-0.01122836861759424,0.3019281425282161,0.06078640144978267,3.527038062751056,,3.527038062751056
1736,0,868,B[N94]_NiC_nit_1M KOH_ vs RHE B_05_CVA_C02.txt,312,0,312,1.0091008,1.5999517,-0.1727473257077228,0.2987091174970065,-0.016641324981855686,,-1.0429295457894703,-1.0429295457894703
1737,0,868,B[N94]_NiC_nit_1M KOH_ vs RHE B_05_CVA_C02.txt,318,318,0,1.0000033,1.5901861,-0.01178456377238035,0.3020341031204152,0.06116826052696655,3.53821543057696,,3.53821543057696
1738,0,869,B[N94]_NiC_nit_1M KOH_ vs RHE B_05_CVA_C02.txt,312,0,312,1.0090998,1.5999502,-0.1718340660577491,0.2980275652846514,-0.016581391917795087,,-1.0392645207887306,-1.0392645207887306
1739,0,869,B[N94]_NiC_nit_1M KOH_ vs RHE B_05_CVA_C02.txt,319,319,0,1.0000025,1.5911484,-0.01127072980465448,0.300568637219417,0.06202557160779816,3.5794745079596315,,3.5794745079596315
1740,0,870,B[N94]_NiC_nit_1M KOH_ vs RHE B_05_CVA_C02.txt,313,0,313,1.0091014,1.5999994,-0.1722926303228371,0.3030247033938114,-0.01534414933544317,,-1.0237022623979177,-1.0237022623979177
1741,0,870,B[N94]_NiC_nit_1M KOH_ vs RHE B_05_CVA_C02.txt,318,318,0,1.0000041,1.590484,-0.01196465920656919,0.3023642499082007,0.061487864549614316,3.5565694880552283,,3.5565694880552283
1742,0,871,B[N94]_NiC_nit_1M KOH_ vs RHE B_05_CVA_C02.txt,313,0,313,1.0090981,1.5999855,-0.1710261126988999,0.3004670110733612,-0.015429218759011775,,-1.0278282811129371,-1.0278282811129371
1743,0,871,B[N94]_NiC_nit_1M KOH_ vs RHE B_05_CVA_C02.txt,318,318,0,1.0000006,1.5905821,-0.01168430671500771,0.3012877431990983,0.06125087479782119,3.558684296917406,,3.558684296917406
1744,0,872,B[N94]_NiC_nit_1M KOH_ vs RHE B_05_CVA_C02.txt,313,0,313,1.0090972,1.5999955,-0.1724895379677409,0.3012290958394392,-0.015650570724952368,,-1.0412054950599134,-1.0412054950599134
1745,0,872,B[N94]_NiC_nit_1M KOH_ vs RHE B_05_CVA_C02.txt,319,319,0,0.99999964,1.5909495,-0.01121755037456751,0.3015935456907197,0.06211363133038457,3.5596753077263754,,3.5596753077263754
1746,0,873,B[N94]_NiC_nit_1M KOH_ vs RHE B_05_CVA_C02.txt,312,0,312,1.009094,1.5999494,-0.1712298493458415,0.2975349080562593,-0.016740028458703603,,-1.0485583794025684,-1.0485583794025684
1747,0,873,B[N94]_NiC_nit_1M KOH_ vs RHE B_05_CVA_C02.txt,318,318,0,0.99999666,1.5896963,-0.01179994766236001,0.3014455203618667,0.06099367535515388,3.5335272432300373,,3.5335272432300373
1748,0,874,B[N94]_NiC_nit_1M KOH_ vs RHE B_05_CVA_C02.txt,312,0,312,1.0091,1.5999516,-0.1715244165808101,0.296837386364738,-0.016720846986079823,,-1.0473036721957745,-1.0473036721957745
1749,0,874,B[N94]_NiC_nit_1M KOH_ vs RHE B_05_CVA_C02.txt,319,319,0,1.0000025,1.5909469,-0.0132310539484024,0.3000693108440302,0.06155957145286826,3.5603054081058465,,3.5603054081058465
1750,0,875,B[N94]_NiC_nit_1M KOH_ vs RHE B_05_CVA_C02.txt,312,0,312,1.0091078,1.5999571,-0.1722617179839341,0.2974966103615966,-0.01670792025523595,,-1.0466234062529807,-1.0466234062529807
1751,0,875,B[N94]_NiC_nit_1M KOH_ vs RHE B_05_CVA_C02.txt,320,320,0,1.0000095,1.5900904,-0.01332141924649477,0.3021377858858454,0.06147727774780033,3.5425613336324915,,3.5425613336324915
1752,0,876,B[N94]_NiC_nit_1M KOH_ vs RHE B_05_CVA_C02.txt,313,0,313,1.0091014,1.6000412,-0.1706161222516402,0.3033643662929535,-0.015665900961508904,,-1.0429602854988895,-1.0429602854988895
1753,0,876,B[N94]_NiC_nit_1M KOH_ vs RHE B_05_CVA_C02.txt,318,318,0,1.0000041,1.5905842,-0.01239103265106678,0.3012619813286932,0.060866992841150526,3.5436983168648664,,3.5436983168648664
1754,0,877,B[N94]_NiC_nit_1M KOH_ vs RHE B_05_CVA_C02.txt,312,0,312,1.0091032,1.599952,-0.1718764914463182,0.2961931607375536,-0.01680110772820671,,-1.0519578447608884,-1.0519578447608884
1755,0,877,B[N94]_NiC_nit_1M KOH_ vs RHE B_05_CVA_C02.txt,318,318,0,1.000006,1.5906862,-0.01186007182316288,0.3006365311503043,0.06088767651396833,3.5416662924666538,,3.5416662924666538
1756,0,878,B[N94]_NiC_nit_1M KOH_ vs RHE B_05_CVA_C02.txt,312,0,312,1.0090977,1.5999594,-0.1695492018195472,0.2952465441491869,-0.016975865521823025,,-1.0621833500645494,-1.0621833500645494
1757,0,878,B[N94]_NiC_nit_1M KOH_ vs RHE B_05_CVA_C02.txt,318,318,0,1.0000002,1.5903883,-0.01217530015856028,0.2984836049817514,0.060826736151478135,3.5302849322905145,,3.5302849322905145
1758,0,879,B[N94]_NiC_nit_1M KOH_ vs RHE B_05_CVA_C02.txt,312,0,312,1.0091152,1.5999675,-0.1709671875122871,0.295326906733397,-0.017053442636215718,,-1.0667472361996786,-1.0667472361996786
1759,0,879,B[N94]_NiC_nit_1M KOH_ vs RHE B_05_CVA_C02.txt,322,322,0,1.0000176,1.5907919,-0.01216066442430019,0.2996863033105095,0.06198986002730322,3.5324316481074733,,3.5324316481074733
1760,0,880,B[N94]_NiC_nit_1M KOH_ vs RHE B_05_CVA_C02.txt,312,0,312,1.0091178,1.5999665,-0.1702535109256127,0.295005280070189,-0.01718547995603833,,-1.074473303411921,-1.074473303411921
1761,0,880,B[N94]_NiC_nit_1M KOH_ vs RHE B_05_CVA_C02.txt,318,318,0,1.0000206,1.5895023,-0.01161083299666643,0.3001282155422751,0.06045473543775619,3.505529092910654,,3.505529092910654
1762,0,881,B[N94]_NiC_nit_1M KOH_ vs RHE B_05_CVA_C02.txt,312,0,312,1.0091175,1.599967,-0.1696940773178446,0.2942637873858938,-0.017022279622527385,,-1.0647100068552486,-1.0647100068552486
1763,0,881,B[N94]_NiC_nit_1M KOH_ vs RHE B_05_CVA_C02.txt,318,318,0,1.00002,1.5897024,-0.01301341131329536,0.2988316055410731,0.06105734630388522,3.508462822482798,,3.508462822482798
1764,0,882,B[N94]_NiC_nit_1M KOH_ vs RHE B_05_CVA_C02.txt,312,0,312,1.0091138,1.599967,-0.1702175541592634,0.2946412795927467,-0.01715121005585998,,-1.07240760382251,-1.07240760382251
1765,0,882,B[N94]_NiC_nit_1M KOH_ vs RHE B_05_CVA_C02.txt,320,320,0,1.0000165,1.5901896,-0.01180047262459993,0.2990888919559511,0.06124423370080406,3.5112796307184104,,3.5112796307184104
1766,0,883,B[N94]_NiC_nit_1M KOH_ vs RHE B_05_CVA_C02.txt,313,0,313,1.0091035,1.6000413,-0.1693488083489194,0.298355758190155,-0.016169491458997657,,-1.0713681612935393,-1.0713681612935393
1767,0,883,B[N94]_NiC_nit_1M KOH_ vs RHE B_05_CVA_C02.txt,318,318,0,1.0000061,1.5901883,-0.01286938324894594,0.2951870279419689,0.06097502559783571,3.51257180095008,,3.51257180095008
1768,0,884,B[N94]_NiC_nit_1M KOH_ vs RHE B_05_CVA_C02.txt,312,0,312,1.0091163,1.5999687,-0.1703328632658244,0.2937140949070445,-0.017275737162782696,,-1.0796747955960793,-1.0796747955960793
1769,0,884,B[N94]_NiC_nit_1M KOH_ vs RHE B_05_CVA_C02.txt,319,319,0,1.0000188,1.5910537,-0.01139879443292513,0.2994326938921994,0.06063948768811963,3.5254002102747606,,3.5254002102747606
1770,0,885,B[N94]_NiC_nit_1M KOH_ vs RHE B_05_CVA_C02.txt,312,0,312,1.0091223,1.5999705,-0.1698219191811039,0.2933981135869638,-0.01742441546454071,,-1.0883817273532155,-1.0883817273532155
1771,0,885,B[N94]_NiC_nit_1M KOH_ vs RHE B_05_CVA_C02.txt,319,319,0,1.0000249,1.590953,-0.01313814148306847,0.2980951761729278,0.06093609505407797,3.5248579151197763,,3.5248579151197763
1772,0,886,B[N94]_NiC_nit_1M KOH_ vs RHE B_05_CVA_C02.txt,312,0,312,1.0091234,1.5999788,-0.1698757669619821,0.2921683771269662,-0.017439325313025906,,-1.0890475147621514,-1.0890475147621514
1773,0,886,B[N94]_NiC_nit_1M KOH_ vs RHE B_05_CVA_C02.txt,319,319,0,1.0000484,1.58992,-0.01216860953718424,0.2984253453874266,0.06096023558789495,3.497860913410281,,3.497860913410281
1774,0,887,B[N94]_NiC_nit_1M KOH_ vs RHE B_05_CVA_C02.txt,312,0,312,1.0091119,1.5999713,-0.1684849838554849,0.2919528178679637,-0.01751528787591204,,-1.0935613196900489,-1.0935613196900489
1775,0,887,B[N94]_NiC_nit_1M KOH_ vs RHE B_05_CVA_C02.txt,319,319,0,1.0000145,1.5909561,-0.01182100389395721,0.2975564032974329,0.061044401465440185,3.518087650061617,,3.518087650061617
1776,0,888,B[N94]_NiC_nit_1M KOH_ vs RHE B_05_CVA_C02.txt,312,0,312,1.0091249,1.5999752,-0.1695636953293265,0.2926266797491022,-0.01740272766973476,,-1.0870121244398356,-1.0870121244398356
1777,0,888,B[N94]_NiC_nit_1M KOH_ vs RHE B_05_CVA_C02.txt,319,319,0,1.0000274,1.5906701,-0.01537183299660683,0.2979901656556145,0.06068165916990632,3.512213316319477,,3.512213316319477
1778,0,889,B[N94]_NiC_nit_1M KOH_ vs RHE B_05_CVA_C02.txt,312,0,312,1.0091215,1.5999717,-0.1692960809373525,0.2923679555717262,-0.017404569637691623,,-1.0869916753438067,-1.0869916753438067
1779,0,889,B[N94]_NiC_nit_1M KOH_ vs RHE B_05_CVA_C02.txt,319,319,0,1.0000241,1.5912459,-0.01499446015805006,0.2984405258047387,0.06131197319258381,3.5437952016549583,,3.5437952016549583
1780,0,890,B[N94]_NiC_nit_1M KOH_ vs RHE B_05_CVA_C02.txt,312,0,312,1.0091219,1.5999755,-0.1686834255337987,0.2913624515404569,-0.017264908943310873,,-1.078609111603082,-1.078609111603082
1781,0,890,B[N94]_NiC_nit_1M KOH_ vs RHE B_05_CVA_C02.txt,319,319,0,1.0000243,1.5911528,-0.01232103165239096,0.2966874877025414,0.060917018312243,3.5372958839897755,,3.5372958839897755
1782,0,891,B[N94]_NiC_nit_1M KOH_ vs RHE B_05_CVA_C02.txt,312,0,312,1.0091294,1.5999812,-0.1694845450185967,0.2906325231580174,-0.017369504177477117,,-1.0846226194335244,-1.0846226194335244
1783,0,891,B[N94]_NiC_nit_1M KOH_ vs RHE B_05_CVA_C02.txt,319,319,0,1.0000319,1.5910981,-0.0114379800161932,0.2979821039443027,0.060882807765058215,3.5232959586841983,,3.5232959586841983
1784,0,892,B[N94]_NiC_nit_1M KOH_ vs RHE B_05_CVA_C02.txt,312,0,312,1.0091295,1.5999871,-0.1683086326892203,0.2910534393402839,-0.01757024904200789,,-1.0966218286043612,-1.0966218286043612
1785,0,892,B[N94]_NiC_nit_1M KOH_ vs RHE B_05_CVA_C02.txt,316,316,0,1.0000428,1.5900222,-0.0128023471062382,0.2929840371645303,0.06037085875956234,3.4884185559321033,,3.4884185559321033
1786,0,893,B[N94]_NiC_nit_1M KOH_ vs RHE B_05_CVA_C02.txt,312,0,312,1.0091299,1.5999782,-0.169282033158079,0.2904087781906126,-0.017660850466472137,,-1.1017925602773126,-1.1017925602773126
1787,0,893,B[N94]_NiC_nit_1M KOH_ vs RHE B_05_CVA_C02.txt,322,322,0,1.0000325,1.589728,-0.01266594883054495,0.2979533279243451,0.06188110105108515,3.482535729651665,,3.482535729651665
1788,0,894,B[N94]_NiC_nit_1M KOH_ vs RHE B_05_CVA_C02.txt,312,0,312,1.0091274,1.5999775,-0.1677809054245895,0.2902254197332594,-0.017183592476192524,,-1.0735296975307234,-1.0735296975307234
1789,0,894,B[N94]_NiC_nit_1M KOH_ vs RHE B_05_CVA_C02.txt,318,318,0,1.0000353,1.5895805,-0.0122816996433987,0.2981347649540185,0.06298021315338835,3.6323468906068985,,3.6323468906068985
1790,0,895,B[N94]_NiC_nit_1M KOH_ vs RHE B_05_CVA_C02.txt,312,0,312,1.009117,1.5999645,-0.1670015001455953,0.2949500481287632,-0.01409509323263543,,-0.8913176481260708,-0.8913176481260708
1791,0,895,B[N94]_NiC_nit_1M KOH_ vs RHE B_05_CVA_C02.txt,318,318,0,1.0000197,1.5902843,-0.01292559131979942,0.2979185496269841,0.063017975800791,3.633687283049345,,3.633687283049345
1792,0,896,B[N94]_NiC_nit_1M KOH_ vs RHE B_05_CVA_C02.txt,312,0,312,1.009099,1.5999488,-0.1664513808906661,0.2960808300971984,-0.014149836866171212,,-0.8947859062369233,-0.8947859062369233
1793,0,896,B[N94]_NiC_nit_1M KOH_ vs RHE B_05_CVA_C02.txt,318,318,0,1.0000017,1.5894922,-0.01091773095174198,0.2950581900333265,0.06258587940669252,3.599515947867526,,3.599515947867526
1794,0,897,B[N94]_NiC_nit_1M KOH_ vs RHE B_05_CVA_C02.txt,312,0,312,1.009101,1.5999492,-0.1667900841959831,0.2963908958435058,-0.01444783106042941,,-0.9125014791033847,-0.9125014791033847
1795,0,897,B[N94]_NiC_nit_1M KOH_ vs RHE B_05_CVA_C02.txt,321,321,0,1.0000037,1.5909642,-0.01170883420854807,0.2948649813468045,0.06281582201524982,3.6250467761064558,,3.6250467761064558
1796,0,898,B[N94]_NiC_nit_1M KOH_ vs RHE B_05_CVA_C02.txt,312,0,312,1.0090988,1.5999503,-0.166265336582524,0.2978097559237964,-0.014642093224243497,,-0.924295329177543,-0.924295329177543
1797,0,898,B[N94]_NiC_nit_1M KOH_ vs RHE B_05_CVA_C02.txt,321,321,0,1.0000014,1.5903722,-0.01158117181014112,0.2940556202247393,0.0630687918423912,3.6122200446891792,,3.6122200446891792
1798,0,899,B[N94]_NiC_nit_1M KOH_ vs RHE B_05_CVA_C02.txt,312,0,312,1.0091044,1.5999557,-0.1667470050795147,0.2985509912604869,-0.014662790207828253,,-0.9256158351703255,-0.9256158351703255
1799,0,899,B[N94]_NiC_nit_1M KOH_ vs RHE B_05_CVA_C02.txt,318,318,0,1.000007,1.5904419,-0.01145114346771786,0.2953234825612068,0.06231263581001422,3.6164811362456004,,3.6164811362456004
1800,0,900,B[N94]_NiC_nit_1M KOH_ vs RHE B_05_CVA_C02.txt,313,0,313,1.0090954,1.6000013,-0.1661622225181429,0.3025848638752233,-0.01335402841650121,,-0.9053298923242734,-0.9053298923242734
1801,0,901,B[N94]_NiC_nit_1M KOH_ vs RHE B_05_CVA_C02.txt,316,316,0,0.99998367,1.5899979,-0.003660457541565021,0.2992315240981522,0.06723280881616574,3.8984291201482595,,3.8984291201482595
1802,0,901,B[N94]_NiC_nit_1M KOH_ vs RHE B_05_CVA_C02.txt,312,0,312,1.0091233,1.5999956,-0.1649407493286326,0.3156433999538422,-0.011376924239116239,,-0.7340908461702619,-0.7340908461702619
1803,0,901,B[N94]_NiC_nit_1M KOH_ vs RHE B_05_CVA_C02.txt,317,317,0,1.0000447,1.5896052,-0.01190258093899296,0.2936152817374684,0.0637738304769654,3.68545220141299,,3.68545220141299
1804,0,902,B[N94]_NiC_nit_1M KOH_ vs RHE B_05_CVA_C02.txt,313,0,313,1.0090972,1.5999553,-0.1651253361189591,0.3148726903377685,-0.011144272439609554,,-0.777978195749474,-0.777978195749474
1805,0,902,B[N94]_NiC_nit_1M KOH_ vs RHE B_05_CVA_C02.txt,320,320,0,0.99999988,1.5902362,-0.0110692735761404,0.2930601918380029,0.06369722273917358,3.6847872338660324,,3.6847872338660324
1806,0,903,B[N94]_NiC_nit_1M KOH_ vs RHE B_05_CVA_C02.txt,312,0,312,1.0091058,1.5999546,-0.1656982337913229,0.3147398816778305,-0.01282145357041009,,-0.819398887800994,-0.819398887800994
1807,0,903,B[N94]_NiC_nit_1M KOH_ vs RHE B_05_CVA_C02.txt,317,317,0,1.0000085,1.5902084,-0.01314896065741777,0.292811654907005,0.06285458906625684,3.6654190750195172,,3.6654190750195172
1808,0,904,B[N94]_NiC_nit_1M KOH_ vs RHE B_05_CVA_C02.txt,313,0,313,1.0090986,1.5999593,-0.1655523944027811,0.3155274293992827,-0.012182005815766768,,-0.8400681211315891,-0.8400681211315891
1809,0,904,B[N94]_NiC_nit_1M KOH_ vs RHE B_05_CVA_C02.txt,317,317,0,1.0000014,1.5895132,-0.01253039948642254,0.2942523921643931,0.06259723949089395,3.6362912051861236,,3.6362912051861236
1810,0,905,B[N94]_NiC_nit_1M KOH_ vs RHE B_05_CVA_C02.txt,313,0,313,1.0090982,1.5999633,-0.1657627783189137,0.3156918047562889,-0.012557547529393242,,-0.8625300150983424,-0.8625300150983424
1811,0,905,B[N94]_NiC_nit_1M KOH_ vs RHE B_05_CVA_C02.txt,320,320,0,1.0000007,1.5897518,-0.01086257219625015,0.293840941974131,0.0631530796871483,3.6267704077986673,,3.6267704077986673
1812,0,906,B[N94]_NiC_nit_1M KOH_ vs RHE B_05_CVA_C02.txt,313,0,313,1.0091022,1.5999533,-0.1659802363798679,0.3159093856811523,-0.012892745268253245,,-0.8825809445278023,-0.8825809445278023
1813,0,906,B[N94]_NiC_nit_1M KOH_ vs RHE B_05_CVA_C02.txt,321,321,0,1.0000048,1.5898221,-0.0122718786739785,0.2942037082800262,0.06329576436043725,3.621229159886778,,3.621229159886778
1814,0,907,B[N94]_NiC_nit_1M KOH_ vs RHE B_05_CVA_C02.txt,313,0,313,1.0090994,1.5999732,-0.1656448673440385,0.3154220231201337,-0.013093382281273033,,-0.8945377210696012,-0.8945377210696012
1815,0,907,B[N94]_NiC_nit_1M KOH_ vs RHE B_05_CVA_C02.txt,318,318,0,1.0000019,1.5902301,-0.01267676707357168,0.2930715700879984,0.0626262442216609,3.6213051738912188,,3.6213051738912188
1816,0,908,B[N94]_NiC_nit_1M KOH_ vs RHE B_05_CVA_C02.txt,313,0,313,1.0090922,1.5999811,-0.1662169962747477,0.3146876634463016,-0.01337325061147361,,-0.9110318144794363,-0.9110318144794363
1817,0,908,B[N94]_NiC_nit_1M KOH_ vs RHE B_05_CVA_C02.txt,321,321,0,0.99999475,1.5910062,-0.01146660996196064,0.2940069746297278,0.06351541245135361,3.6313657639323527,,3.6313657639323527
1818,0,909,B[N94]_NiC_nit_1M KOH_ vs RHE B_05_CVA_C02.txt,313,0,313,1.0090969,1.5999573,-0.1662319331001296,0.3139958874039026,-0.013657603140733719,,-0.9270998230961175,-0.9270998230961175
1819,0,909,B[N94]_NiC_nit_1M KOH_ vs RHE B_05_CVA_C02.txt,318,318,0,0.9999994,1.5910755,-0.01193220354616642,0.2947497265349455,0.06264518191664126,3.626605455871422,,3.626605455871422
1820,0,910,B[N94]_NiC_nit_1M KOH_ vs RHE B_05_CVA_C02.txt,313,0,313,1.0091002,1.5999811,-0.16633799510081,0.3141736776932422,-0.013834097776420978,,-0.93759555911982,-0.93759555911982
1821,0,910,B[N94]_NiC_nit_1M KOH_ vs RHE B_05_CVA_C02.txt,317,317,0,1.0000029,1.589817,-0.01165897577353146,0.2928413832514245,0.061941767544371605,3.590333188586332,,3.590333188586332
1822,0,911,B[N94]_NiC_nit_1M KOH_ vs RHE B_05_CVA_C02.txt,313,0,313,1.0090946,1.5999672,-0.1664788713007191,0.3140772626451822,-0.01406754008633375,,-0.9514915564534338,-0.9514915564534338
1823,0,911,B[N94]_NiC_nit_1M KOH_ vs RHE B_05_CVA_C02.txt,321,321,0,0.99999726,1.591022,-0.0125643364153803,0.2944296579932763,0.06291749911987532,3.6133856428468074,,3.6133856428468074
1824,0,912,B[N94]_NiC_nit_1M KOH_ vs RHE B_05_CVA_C02.txt,313,0,313,1.009096,1.5999733,-0.1664233070319707,0.3136338319467462,-0.014215781804415096,,-0.9600841348371045,-0.9600841348371045
1825,0,912,B[N94]_NiC_nit_1M KOH_ vs RHE B_05_CVA_C02.txt,318,318,0,0.99999869,1.5909221,-0.01284477114677429,0.292553580580952,0.0615834695357767,3.6079087443935283,,3.6079087443935283
1826,0,913,B[N94]_NiC_nit_1M KOH_ vs RHE B_05_CVA_C02.txt,313,0,313,1.0090959,1.5999732,-0.1663628190196595,0.3121285755997119,-0.014339242624128178,,-0.9672670330129098,-0.9672670330129098
1827,0,913,B[N94]_NiC_nit_1M KOH_ vs RHE B_05_CVA_C02.txt,320,320,0,0.99999857,1.5896661,-0.01242059819481295,0.292279013019213,0.062337566687619236,3.574263646031323,,3.574263646031323
1828,0,914,B[N94]_NiC_nit_1M KOH_ vs RHE B_05_CVA_C02.txt,313,0,313,1.0091007,1.5999674,-0.1663630929580318,0.3116413405601013,-0.014473072718075356,,-0.9750418239355637,-0.9750418239355637
1829,0,914,B[N94]_NiC_nit_1M KOH_ vs RHE B_05_CVA_C02.txt,318,318,0,1.0000032,1.5901297,-0.01217351636201469,0.2930744621664931,0.06171971338487093,3.5811856191160834,,3.5811856191160834
1830,0,915,B[N94]_NiC_nit_1M KOH_ vs RHE B_05_CVA_C02.txt,313,0,313,1.0090948,1.5999813,-0.1663744014143291,0.3124090063831075,-0.014655692898052734,,-0.985755528220197,-0.985755528220197
1831,0,915,B[N94]_NiC_nit_1M KOH_ vs RHE B_05_CVA_C02.txt,318,318,0,0.99999774,1.5908221,-0.01180301886051893,0.2928290421612245,0.06199346617988948,3.592891823020513,,3.592891823020513
1832,0,916,B[N94]_NiC_nit_1M KOH_ vs RHE B_05_CVA_C02.txt,313,0,313,1.0090985,1.5999733,-0.1662511216427746,0.3106137721434878,-0.014815763760842005,,-0.9952077665129103,-0.9952077665129103
1833,0,916,B[N94]_NiC_nit_1M KOH_ vs RHE B_05_CVA_C02.txt,318,318,0,1.0000018,1.5906301,-0.01173763855805865,0.2928420229894924,0.06173232834227748,3.5802409516616525,,3.5802409516616525
1834,0,917,B[N94]_NiC_nit_1M KOH_ vs RHE B_05_CVA_C02.txt,313,0,313,1.0090935,1.5999813,-0.1660623567298483,0.3097454873116119,-0.015024095759754597,,-1.0070688020478265,-1.0070688020478265
1835,0,917,B[N94]_NiC_nit_1M KOH_ vs RHE B_05_CVA_C02.txt,319,319,0,0.99999607,1.5903226,-0.01268802913229755,0.2919563368609421,0.06157232409730676,3.5649797544411714,,3.5649797544411714
1836,0,918,B[N94]_NiC_nit_1M KOH_ vs RHE B_05_CVA_C02.txt,312,0,312,1.0091295,1.5999962,-0.1662058823043293,0.3090382034961987,-0.0160985397773404,,-1.0128031168710572,-1.0128031168710572
1837,0,918,B[N94]_NiC_nit_1M KOH_ vs RHE B_05_CVA_C02.txt,316,316,0,1.0000442,1.5907114,-0.01166800334448775,0.292539985956503,0.06174863251272863,3.5752917001214337,,3.5752917001214337
1838,0,919,B[N94]_NiC_nit_1M KOH_ vs RHE B_05_CVA_C02.txt,313,0,313,1.0090964,1.6000111,-0.166198953591511,0.3089014077964034,-0.015085646956017997,,-1.0103560379487415,-1.0103560379487415
1839,0,919,B[N94]_NiC_nit_1M KOH_ vs RHE B_05_CVA_C02.txt,319,319,0,0.99999893,1.5900683,-0.01303313858807087,0.2919232867000574,0.06145971582800125,3.554941022566577,,3.554941022566577
1840,0,920,B[N94]_NiC_nit_1M KOH_ vs RHE B_05_CVA_C02.txt,313,0,313,1.0090957,1.600019,-0.1656313520104679,0.3089916174826413,-0.01509562985398182,,-1.0110928287390983,-1.0110928287390983
1841,0,920,B[N94]_NiC_nit_1M KOH_ vs RHE B_05_CVA_C02.txt,318,318,0,0.99999845,1.5906261,-0.01198705793965771,0.2923693650169477,0.061667574508585295,3.575402428782979,,3.575402428782979
1842,0,921,B[N94]_NiC_nit_1M KOH_ vs RHE B_05_CVA_C02.txt,313,0,313,1.0090978,1.5999774,-0.1660682360681638,0.3071313396744104,-0.015164328808039635,,-1.014707685212644,-1.014707685212644
1843,0,921,B[N94]_NiC_nit_1M KOH_ vs RHE B_05_CVA_C02.txt,318,318,0,1.0000004,1.589882,-0.01333923824131489,0.2921276597487399,0.061287332018759244,3.554068072273101,,3.554068072273101
1844,0,922,B[N94]_NiC_nit_1M KOH_ vs RHE B_05_CVA_C02.txt,313,0,313,1.0090948,1.5999833,-0.1657183314079146,0.3071666353422662,-0.015094198768728891,,-1.010149627675459,-1.010149627675459
1845,0,922,B[N94]_NiC_nit_1M KOH_ vs RHE B_05_CVA_C02.txt,319,319,0,0.99999738,1.5907072,-0.01186788887919293,0.2920423541438231,0.06157167582710566,3.5709486268079975,,3.5709486268079975
1846,0,923,B[N94]_NiC_nit_1M KOH_ vs RHE B_05_CVA_C02.txt,313,0,313,1.0090998,1.6000072,-0.1658958155508437,0.3074862108282419,-0.015272884685992876,,-1.0210077161056124,-1.0210077161056124
1847,0,923,B[N94]_NiC_nit_1M KOH_ vs RHE B_05_CVA_C02.txt,318,318,0,1.0000025,1.5899842,-0.012340122833848,0.291676221013589,0.06091350671025435,3.5430562205413874,,3.5430562205413874
1848,0,924,B[N94]_NiC_nit_1M KOH_ vs RHE B_05_CVA_C02.txt,313,0,313,1.0090997,1.5999854,-0.1655721071688493,0.3065374195575714,-0.015508053195293315,,-1.0345192979346667,-1.0345192979346667
1849,0,924,B[N94]_NiC_nit_1M KOH_ vs RHE B_05_CVA_C02.txt,320,320,0,1.0000015,1.5909344,-0.01321323495358229,0.2915467838811772,0.061783931731256014,3.5645586431044327,,3.5645586431044327
1850,0,925,B[N94]_NiC_nit_1M KOH_ vs RHE B_05_CVA_C02.txt,312,0,312,1.009128,1.5999737,-0.1656078389092432,0.3057875125794798,-0.01655573878742718,,-1.0391846632962907,-1.0391846632962907
1851,0,925,B[N94]_NiC_nit_1M KOH_ vs RHE B_05_CVA_C02.txt,318,318,0,1.0000305,1.5909315,-0.01418753154575825,0.2917381154752703,0.06097928164122319,3.5657765169283975,,3.5657765169283975
1852,0,926,B[N94]_NiC_nit_1M KOH_ vs RHE B_05_CVA_C02.txt,313,0,313,1.0090978,1.5999833,-0.1652152941467184,0.304185182504032,-0.01561655590686388,,-1.040220093848269,-1.040220093848269
1853,0,926,B[N94]_NiC_nit_1M KOH_ vs RHE B_05_CVA_C02.txt,320,320,0,1.0000004,1.5895722,-0.01184085597608078,0.2917002401335962,0.06178630752115819,3.5365985315689596,,3.5365985315689596
1854,0,927,B[N94]_NiC_nit_1M KOH_ vs RHE B_05_CVA_C02.txt,313,0,313,1.0090936,1.5999734,-0.1649555754257039,0.3060523666765373,-0.015534152311582889,,-1.0359337418831498,-1.0359337418831498
1855,0,927,B[N94]_NiC_nit_1M KOH_ vs RHE B_05_CVA_C02.txt,318,318,0,0.99999619,1.5910248,-0.01284413505345583,0.2913671362850812,0.06117287180536864,3.563059168609102,,3.563059168609102
1856,0,928,B[N94]_NiC_nit_1M KOH_ vs RHE B_05_CVA_C02.txt,313,0,313,1.0090936,1.5999755,-0.1648633197469923,0.3039498290289999,-0.01580656987497846,,-1.0514488883041901,-1.0514488883041901
1857,0,928,B[N94]_NiC_nit_1M KOH_ vs RHE B_05_CVA_C02.txt,318,318,0,0.99999619,1.5900881,-0.01219674448847125,0.2902375131722301,0.060753488421841015,3.5193559679771336,,3.5193559679771336
1858,0,929,B[N94]_NiC_nit_1M KOH_ vs RHE B_05_CVA_C02.txt,312,0,312,1.0091026,1.5999517,-0.1648467453776419,0.2994640494386356,-0.01712888570075236,,-1.071867185908531,-1.071867185908531
1859,0,929,B[N94]_NiC_nit_1M KOH_ vs RHE B_05_CVA_C02.txt,321,321,0,1.000005,1.5898803,-0.01152033955063594,0.289905180432446,0.06143401764873988,3.5244449714959045,,3.5244449714959045
1860,0,930,B[N94]_NiC_nit_1M KOH_ vs RHE B_05_CVA_C02.txt,312,0,312,1.0090954,1.5999492,-0.1646533417612686,0.2988544607162478,-0.016923746328675708,,-1.0596516311266837,-1.0596516311266837
1861,0,930,B[N94]_NiC_nit_1M KOH_ vs RHE B_05_CVA_C02.txt,321,321,0,0.99999785,1.5912261,-0.01149920330553206,0.2894529332399305,0.06186780701863951,3.5571369293761714,,3.5571369293761714
1862,0,931,B[N94]_NiC_nit_1M KOH_ vs RHE B_05_CVA_C02.txt,312,0,312,1.0090984,1.5999486,-0.1643522827551384,0.2986035680770873,-0.01684736430842232,,-1.0550705097798025,-1.0550705097798025
1863,0,931,B[N94]_NiC_nit_1M KOH_ vs RHE B_05_CVA_C02.txt,318,318,0,1.000001,1.5909301,-0.01193710218143204,0.2898905909645195,0.061068706645242714,3.5538889423379554,,3.5538889423379554
1864,0,932,B[N94]_NiC_nit_1M KOH_ vs RHE B_05_CVA_C02.txt,312,0,312,1.0090994,1.5999506,-0.164430510683697,0.2983217446171507,-0.016881516747541365,,-1.057021523898345,-1.057021523898345
1865,0,932,B[N94]_NiC_nit_1M KOH_ vs RHE B_05_CVA_C02.txt,318,318,0,1.0000019,1.5907761,-0.01206534574537177,0.2892638437877078,0.06088088713016671,3.5399275861352795,,3.5399275861352795
1866,0,933,B[N94]_NiC_nit_1M KOH_ vs RHE B_05_CVA_C02.txt,312,0,312,1.0091,1.5999519,-0.1643608172875108,0.2963302663216982,-0.016975044253365445,,-1.0622780035589525,-1.0622780035589525
1867,0,933,B[N94]_NiC_nit_1M KOH_ vs RHE B_05_CVA_C02.txt,318,318,0,1.0000026,1.5895982,-0.01306304894387722,0.2897333456496893,0.06056362660803942,3.510588556183464,,3.510588556183464
1868,0,934,B[N94]_NiC_nit_1M KOH_ vs RHE B_05_CVA_C02.txt,312,0,312,1.00911,1.5999581,-0.1644412110514852,0.2961792416042752,-0.017107337596906677,,-1.070078011886718,-1.070078011886718
1869,0,934,B[N94]_NiC_nit_1M KOH_ vs RHE B_05_CVA_C02.txt,319,319,0,1.0000125,1.5904659,-0.01374270208179951,0.2894761927996123,0.061119655866143874,3.5307346447170818,,3.5307346447170818
1870,0,935,B[N94]_NiC_nit_1M KOH_ vs RHE B_05_CVA_C02.txt,312,0,312,1.0091046,1.5999525,-0.1643032713736702,0.2969823138167458,-0.017096058479988956,,-1.0694120746674862,-1.0694120746674862
1871,0,935,B[N94]_NiC_nit_1M KOH_ vs RHE B_05_CVA_C02.txt,322,322,0,1.0000073,1.5910822,-0.01284484136039799,0.2891824899459317,0.061146998141278025,3.53439089770474,,3.53439089770474
1872,0,936,B[N94]_NiC_nit_1M KOH_ vs RHE B_05_CVA_C02.txt,312,0,312,1.0091208,1.5999691,-0.1641730985582575,0.2951379038393496,-0.017325106518351275,,-1.0827055240764427,-1.0827055240764427
1873,0,936,B[N94]_NiC_nit_1M KOH_ vs RHE B_05_CVA_C02.txt,319,319,0,1.0000234,1.5912479,-0.01267485786229372,0.2887545263884959,0.06106346691887481,3.53716203888916,,3.53716203888916
1874,0,937,B[N94]_NiC_nit_1M KOH_ vs RHE B_05_CVA_C02.txt,312,0,312,1.0090793,1.5999695,-0.1641189759504334,0.2950037710368633,-0.01731098847327996,,-1.0819644056988245,-1.0819644056988245
1875,0,937,B[N94]_NiC_nit_1M KOH_ vs RHE B_05_CVA_C02.txt,318,318,0,1.0000325,1.5907494,-0.0122595576196909,0.2891303337937989,0.061142301635541386,3.536523771673045,,3.536523771673045
1876,0,938,B[N94]_NiC_nit_1M KOH_ vs RHE B_05_CVA_C02.txt,312,0,312,1.0091107,1.5999646,-0.1638060037143536,0.2975906357169142,-0.016717724177006177,,-1.047111323064515,-1.047111323064515
1877,0,938,B[N94]_NiC_nit_1M KOH_ vs RHE B_05_CVA_C02.txt,318,318,0,1.0000134,1.5909663,-0.01158552415479247,0.2888502744338386,0.06066710056455361,3.551949803380709,,3.551949803380709
1878,0,939,B[N94]_NiC_nit_1M KOH_ vs RHE B_05_CVA_C02.txt,313,0,313,1.0090933,1.599967,-0.1631037603329474,0.2960043517143829,-0.015862256670091723,,-1.0514659990788986,-1.0514659990788986
1879,0,939,B[N94]_NiC_nit_1M KOH_ vs RHE B_05_CVA_C02.txt,320,320,0,0.99999595,1.5909355,-0.01208698261610192,0.2877533748133857,0.06114936073996825,3.5461158208115324,,3.5461158208115324
1880,0,940,B[N94]_NiC_nit_1M KOH_ vs RHE B_05_CVA_C02.txt,312,0,312,1.0091027,1.599948,-0.1631252573813327,0.2948505347967143,-0.016953731018853314,,-1.060570736649004,-1.060570736649004
1881,0,940,B[N94]_NiC_nit_1M KOH_ vs RHE B_05_CVA_C02.txt,321,321,0,1.0000054,1.5897726,-0.01218459815920697,0.2872222392072004,0.06083140445559653,3.513815681216944,,3.513815681216944
1882,0,941,B[N94]_NiC_nit_1M KOH_ vs RHE B_05_CVA_C02.txt,313,0,313,1.0090917,1.599973,-0.1628884515311156,0.2951968014240265,-0.015989210351600128,,-1.0590090551740394,-1.0590090551740394
1883,0,941,B[N94]_NiC_nit_1M KOH_ vs RHE B_05_CVA_C02.txt,318,318,0,0.99999428,1.5903784,-0.01301850285381079,0.2875002344734128,0.0605781181591418,3.5312933735981624,,3.5312933735981624
1884,0,942,B[N94]_NiC_nit_1M KOH_ vs RHE B_05_CVA_C02.txt,313,0,313,1.0090959,1.5999789,-0.1628878970176895,0.295859788422999,-0.01586829576329258,,-1.0519461446073368,-1.0519461446073368
1885,0,942,B[N94]_NiC_nit_1M KOH_ vs RHE B_05_CVA_C02.txt,321,321,0,0.99999857,1.5897923,-0.01166500389000358,0.2872329007525876,0.06142234520157348,3.5127987721297864,,3.5127987721297864
1886,0,943,B[N94]_NiC_nit_1M KOH_ vs RHE B_05_CVA_C02.txt,312,0,312,1.0091197,1.5999676,-0.1627263001806982,0.2937293693423269,-0.017044242706538076,,-1.0657896882272944,-1.0657896882272944
1887,0,943,B[N94]_NiC_nit_1M KOH_ vs RHE B_05_CVA_C02.txt,319,319,0,1.0000224,1.5909529,-0.01444526482373476,0.2872599114655112,0.061090241745439276,3.539352250946778,,3.539352250946778
1888,0,944,B[N94]_NiC_nit_1M KOH_ vs RHE B_05_CVA_C02.txt,312,0,312,1.0091193,1.5999688,-0.162551061060005,0.2932630375027649,-0.017067815654175266,,-1.0670932118863925,-1.0670932118863925
1889,0,944,B[N94]_NiC_nit_1M KOH_ vs RHE B_05_CVA_C02.txt,321,321,0,1.0000219,1.5900863,-0.01220024425698363,0.2875850273628711,0.062442784532562946,3.592529873226596,,3.592529873226596
1890,0,945,B[N94]_NiC_nit_1M KOH_ vs RHE B_05_CVA_C02.txt,312,0,312,1.0091118,1.5999629,-0.1607637662800867,0.2950678738050683,-0.013651289250551871,,-0.8651217064349259,-0.8651217064349259
1891,0,945,B[N94]_NiC_nit_1M KOH_ vs RHE B_05_CVA_C02.txt,320,320,0,1.0000144,1.5904841,-0.01310950610786676,0.2848425272612225,0.06363673901726072,3.6546046706963113,,3.6546046706963113
1892,0,946,B[N94]_NiC_nit_1M KOH_ vs RHE B_05_CVA_C02.txt,313,0,313,1.0091014,1.6000353,-0.158224777482748,0.3001436804947639,-0.012076057077893589,,-0.8285651735687007,-0.8285651735687007
1893,0,946,B[N94]_NiC_nit_1M KOH_ vs RHE B_05_CVA_C02.txt,320,320,0,1.0000041,1.5905385,-0.01203084271401167,0.2855866904516939,0.06302352063666027,3.6471063493735496,,3.6471063493735496
1894,0,947,B[N94]_NiC_nit_1M KOH_ vs RHE B_05_CVA_C02.txt,313,0,313,1.0090946,1.6000392,-0.1590788529287149,0.3018242120742798,-0.012140776719895314,,-0.8330233153551769,-0.8330233153551769
1895,0,947,B[N94]_NiC_nit_1M KOH_ vs RHE B_05_CVA_C02.txt,320,320,0,0.99999714,1.5901474,-0.01078959737248991,0.2833979359227587,0.06291491335961705,3.6302940995376822,,3.6302940995376822
1896,0,948,B[N94]_NiC_nit_1M KOH_ vs RHE B_05_CVA_C02.txt,313,0,313,1.0090997,1.5999551,-0.1588047598417063,0.2998754071152728,-0.012088878827056037,,-0.8287796902934849,-0.8287796902934849
1897,0,948,B[N94]_NiC_nit_1M KOH_ vs RHE B_05_CVA_C02.txt,316,316,0,1.0000015,1.589782,-0.01105399988591671,0.2827123503591178,0.06190430604183824,3.6251386386688145,,3.6251386386688145
1898,0,949,B[N94]_NiC_nit_1M KOH_ vs RHE B_05_CVA_C02.txt,313,0,313,1.0090981,1.6000332,-0.1588918089945888,0.3033701536503242,-0.011861525120569025,,-0.8169784050186739,-0.8169784050186739
1899,0,949,B[N94]_NiC_nit_1M KOH_ vs RHE B_05_CVA_C02.txt,319,319,0,1.0000006,1.5912423,-0.01084764969548105,0.2827469443743129,0.06326089265981882,3.6664415354198865,,3.6664415354198865
1900,0,950,B[N94]_NiC_nit_1M KOH_ vs RHE B_05_CVA_C02.txt,313,0,313,1.0090967,1.5999933,-0.1578017752089187,0.3027948795453361,-0.011610659177425329,,-0.801689501529614,-0.801689501529614
1901,0,950,B[N94]_NiC_nit_1M KOH_ vs RHE B_05_CVA_C02.txt,320,320,0,0.99999928,1.5906323,-0.01230194047093391,0.2823008595216494,0.06354885938414603,3.6524615338740007,,3.6524615338740007
1902,0,951,B[N94]_NiC_nit_1M KOH_ vs RHE B_05_CVA_C02.txt,313,0,313,1.0090982,1.600033,-0.1577178640747934,0.3051013246826502,-0.011562603956380674,,-0.8000277743536673,-0.8000277743536673
1903,0,951,B[N94]_NiC_nit_1M KOH_ vs RHE B_05_CVA_C02.txt,317,317,0,1.0000008,1.5911342,-0.01122038673771469,0.2804613800458853,0.06263209903866511,3.654234256763422,,3.654234256763422
1904,0,952,B[N94]_NiC_nit_1M KOH_ vs RHE B_05_CVA_C02.txt,312,0,312,1.0091254,1.5999728,-0.1576446153550461,0.3066653052442949,-0.012501605130506044,,-0.7989248421142513,-0.7989248421142513
1905,0,952,B[N94]_NiC_nit_1M KOH_ vs RHE B_05_CVA_C02.txt,314,314,0,1.0000319,1.5895424,-0.0110649973899126,0.2795069169567213,0.06199091332864929,3.6197756574444497,,3.6197756574444497
1906,0,953,B[N94]_NiC_nit_1M KOH_ vs RHE B_05_CVA_C02.txt,312,0,312,1.0091234,1.5999857,-0.1578419312537132,0.3078695199181958,-0.012349197142992374,,-0.790150451452428,-0.790150451452428
1907,0,953,B[N94]_NiC_nit_1M KOH_ vs RHE B_05_CVA_C02.txt,317,317,0,1.0000274,1.5894803,-0.0115279300477017,0.278573068291269,0.062475305875302596,3.607621790988264,,3.607621790988264
1908,0,954,B[N94]_NiC_nit_1M KOH_ vs RHE B_05_CVA_C02.txt,312,0,312,1.0091295,1.6000025,-0.1553516353557933,0.3070873708828632,-0.01254949232357183,,-0.8019681602303885,-0.8019681602303885
1909,0,954,B[N94]_NiC_nit_1M KOH_ vs RHE B_05_CVA_C02.txt,315,315,0,1.000042,1.5910161,-0.0109592449851334,0.2788823211475338,0.06245885079918467,3.643890336707395,,3.643890336707395
1910,0,955,B[N94]_NiC_nit_1M KOH_ vs RHE B_05_CVA_C02.txt,313,0,313,1.0090983,1.5999675,-0.1563270067720146,0.3061142039039861,-0.012566339628900946,,-0.8596007665847114,-0.8596007665847114
1911,0,955,B[N94]_NiC_nit_1M KOH_ vs RHE B_05_CVA_C02.txt,319,319,0,1.0000008,1.5899595,-0.01101025697046326,0.2791593670320303,0.061709548289007446,3.5552681053824156,,3.5552681053824156
1912,0,956,B[N94]_NiC_nit_1M KOH_ vs RHE B_05_CVA_C02.txt,313,0,313,1.0091032,1.6000111,-0.1572656458668651,0.305958959719409,-0.013169024736859295,,-0.8952132373927495,-0.8952132373927495
1913,0,956,B[N94]_NiC_nit_1M KOH_ vs RHE B_05_CVA_C02.txt,318,318,0,1.0000058,1.590333,-0.01157464180141687,0.2756293928437819,0.06152195327432894,3.5607183407230183,,3.5607183407230183
1914,0,957,B[N94]_NiC_nit_1M KOH_ vs RHE B_05_CVA_C02.txt,313,0,313,1.0090966,1.5999833,-0.1576078690897071,0.3060617531123366,-0.013273152789737862,,-0.9012354943260931,-0.9012354943260931
1915,0,957,B[N94]_NiC_nit_1M KOH_ vs RHE B_05_CVA_C02.txt,317,317,0,0.99999976,1.5900545,-0.01207157131284475,0.2774219462207861,0.0607213378565091,3.544258893221855,,3.544258893221855
1916,0,958,B[N94]_NiC_nit_1M KOH_ vs RHE B_05_CVA_C02.txt,313,0,313,1.0090997,1.5999556,-0.1568317158953891,0.3051624913578448,-0.013398058982291525,,-0.9083943818354806,-0.9083943818354806
1917,0,958,B[N94]_NiC_nit_1M KOH_ vs RHE B_05_CVA_C02.txt,318,318,0,1.0000015,1.5910187,-0.01183611154556274,0.2779366453023258,0.061384726119874305,3.5653263506640824,,3.5653263506640824
1918,0,959,B[N94]_NiC_nit_1M KOH_ vs RHE B_05_CVA_C02.txt,313,0,313,1.0090977,1.5999695,-0.1573202779130911,0.3051703669454735,-0.013501987043871698,,-0.9147069676481419,-0.9147069676481419
1919,0,959,B[N94]_NiC_nit_1M KOH_ vs RHE B_05_CVA_C02.txt,317,317,0,1.0000004,1.5898621,-0.01262724144465252,0.278375272616715,0.06075809191577619,3.536652761681817,,3.536652761681817
1920,0,960,B[N94]_NiC_nit_1M KOH_ vs RHE B_05_CVA_C02.txt,313,0,313,1.0090967,1.5999635,-0.1561738218557318,0.3050271816875623,-0.013679384696869305,,-0.9252613750187862,-0.9252613750187862
1921,0,960,B[N94]_NiC_nit_1M KOH_ vs RHE B_05_CVA_C02.txt,317,317,0,0.99999928,1.5903542,-0.01161957594930479,0.2765993122337997,0.06090195799369038,3.5409968839903594,,3.5409968839903594
1922,0,961,B[N94]_NiC_nit_1M KOH_ vs RHE B_05_CVA_C02.txt,313,0,313,1.0090997,1.5999556,-0.156975690424964,0.3049166461695791,-0.013902355460762312,,-0.9383346958279593,-0.9383346958279593
1923,0,961,B[N94]_NiC_nit_1M KOH_ vs RHE B_05_CVA_C02.txt,316,316,0,1.0000015,1.5895807,-0.011852213849678,0.2761247144631145,0.06009868404501115,3.5219103144656776,,3.5219103144656776
1924,0,962,B[N94]_NiC_nit_1M KOH_ vs RHE B_05_CVA_C02.txt,313,0,313,1.0090995,1.600031,-0.1571148355016985,0.3058715391418203,-0.01377119526021408,,-0.9312860824201522,-0.9312860824201522
1925,0,962,B[N94]_NiC_nit_1M KOH_ vs RHE B_05_CVA_C02.txt,317,317,0,1.000002,1.5895684,-0.01192343356492728,0.2763601537695559,0.061104533067233395,3.5193481615103965,,3.5193481615103965
1926,0,963,B[N94]_NiC_nit_1M KOH_ vs RHE B_05_CVA_C02.txt,313,0,313,1.0090998,1.5999734,-0.1570870993527524,0.3045617607624633,-0.013926731290265235,,-0.9400686001297183,-0.9400686001297183
1927,0,963,B[N94]_NiC_nit_1M KOH_ vs RHE B_05_CVA_C02.txt,319,319,0,1.0000024,1.59074,-0.01262156900180422,0.2779629831253715,0.06135065793238095,3.5484682236615637,,3.5484682236615637
1928,0,964,B[N94]_NiC_nit_1M KOH_ vs RHE B_05_CVA_C02.txt,313,0,313,1.0090981,1.5999913,-0.1564698665148896,0.3048459531172458,-0.01405187677884995,,-0.9469742198313239,-0.9469742198313239
1929,0,964,B[N94]_NiC_nit_1M KOH_ vs RHE B_05_CVA_C02.txt,317,317,0,1.0000006,1.5903525,-0.01296377461403608,0.2774100933819175,0.06094264291428563,3.5324466149497855,,3.5324466149497855
1930,0,965,B[N94]_NiC_nit_1M KOH_ vs RHE B_05_CVA_C02.txt,313,0,313,1.0090997,1.5999538,-0.1567746498897198,0.303200131525164,-0.014243695339778218,,-0.9582631267900813,-0.9582631267900813
1931,0,965,B[N94]_NiC_nit_1M KOH_ vs RHE B_05_CVA_C02.txt,321,321,0,1.0000024,1.5913581,-0.01340923923999071,0.2780147160398276,0.06154076198548648,3.5503944691918887,,3.5503944691918887
1932,0,966,B[N94]_NiC_nit_1M KOH_ vs RHE B_05_CVA_C02.txt,313,0,313,1.0090996,1.5999597,-0.155686648811159,0.3029754466336707,-0.014269367564967122,,-0.9596157449801945,-0.9596157449801945
1933,0,966,B[N94]_NiC_nit_1M KOH_ vs RHE B_05_CVA_C02.txt,321,321,0,1.0000021,1.5904622,-0.01313304994255304,0.2763076224547856,0.06183576811854309,3.5257175154940716,,3.5257175154940716
1934,0,967,B[N94]_NiC_nit_1M KOH_ vs RHE B_05_CVA_C02.txt,313,0,313,1.0091023,1.5999637,-0.1562577634081064,0.3024405862974084,-0.01443730918382951,,-0.9693510615591108,-0.9693510615591108
1935,0,967,B[N94]_NiC_nit_1M KOH_ vs RHE B_05_CVA_C02.txt,321,321,0,1.0000049,1.5912582,-0.01204549375435582,0.276085698612365,0.06154666076540365,3.5409695673781068,,3.5409695673781068
1936,0,968,B[N94]_NiC_nit_1M KOH_ vs RHE B_05_CVA_C02.txt,313,0,313,1.0090964,1.5999597,-0.1566123111779718,0.3026146305643994,-0.014572760121075693,,-0.977486042262098,-0.977486042262098
1937,0,968,B[N94]_NiC_nit_1M KOH_ vs RHE B_05_CVA_C02.txt,321,321,0,0.99999893,1.5903662,-0.01154979541833079,0.2755425590665839,0.06155769720462003,3.513742485426079,,3.513742485426079
1938,0,969,B[N94]_NiC_nit_1M KOH_ vs RHE B_05_CVA_C02.txt,312,0,312,1.0091062,1.599956,-0.1567556818213647,0.2986627752366271,-0.015687504293992148,,-0.986292496760085,-0.986292496760085
1939,0,969,B[N94]_NiC_nit_1M KOH_ vs RHE B_05_CVA_C02.txt,319,319,0,1.0000088,1.5908581,-0.01199437623195676,0.276341972199547,0.06127188000450239,3.5239368177449832,,3.5239368177449832
1940,0,970,B[N94]_NiC_nit_1M KOH_ vs RHE B_05_CVA_C02.txt,313,0,313,1.009091,1.6000093,-0.155976622744475,0.3014924571565958,-0.014638014528372453,,-0.9810940717254368,-0.9810940717254368
1941,0,970,B[N94]_NiC_nit_1M KOH_ vs RHE B_05_CVA_C02.txt,318,318,0,0.99999368,1.5898939,-0.01263103200851579,0.2775682540906932,0.06087743269551614,3.5082694420199227,,3.5082694420199227
1942,0,971,B[N94]_NiC_nit_1M KOH_ vs RHE B_05_CVA_C02.txt,312,0,312,1.0091046,1.5999504,-0.1555933516840997,0.2993145268790576,-0.015721172647136062,,-0.9884243334912103,-0.9884243334912103
1943,0,971,B[N94]_NiC_nit_1M KOH_ vs RHE B_05_CVA_C02.txt,318,318,0,1.0000074,1.5910664,-0.01280913315713406,0.2770709008869385,0.060656793988911974,3.526094076658116,,3.526094076658116
1944,0,972,B[N94]_NiC_nit_1M KOH_ vs RHE B_05_CVA_C02.txt,313,0,313,1.0090954,1.5999677,-0.1552874556312536,0.2999293700508447,-0.014847620635997623,,-0.9932127593054989,-0.9932127593054989
1945,0,972,B[N94]_NiC_nit_1M KOH_ vs RHE B_05_CVA_C02.txt,319,319,0,0.99999785,1.5910476,-0.01306750439107418,0.2754396516183905,0.06057279031284162,3.5246433790934657,,3.5246433790934657
1946,0,973,B[N94]_NiC_nit_1M KOH_ vs RHE B_05_CVA_C02.txt,312,0,312,1.0091125,1.5999585,-0.1554447303832887,0.2965245915783776,-0.015975657340448104,,-1.0029411298092876,-1.0029411298092876
1947,0,973,B[N94]_NiC_nit_1M KOH_ vs RHE B_05_CVA_C02.txt,320,320,0,1.0000151,1.5895058,-0.0124763073399663,0.2774624017671279,0.061217152941164164,3.4806087132487464,,3.4806087132487464
1948,0,974,B[N94]_NiC_nit_1M KOH_ vs RHE B_05_CVA_C02.txt,313,0,313,1.0090986,1.599957,-0.1557645189353474,0.2978459544803784,-0.01512142495949285,,-1.0084715864967555,-1.0084715864967555
1949,0,974,B[N94]_NiC_nit_1M KOH_ vs RHE B_05_CVA_C02.txt,318,318,0,1.0000013,1.5901899,-0.01309168711304665,0.2741749026894094,0.060131830392310834,3.494792609985126,,3.494792609985126
1950,0,975,B[N94]_NiC_nit_1M KOH_ vs RHE B_05_CVA_C02.txt,312,0,312,1.0091126,1.5999599,-0.1559891126955615,0.2959661822427404,-0.01609112716528063,,-1.009736601132241,-1.009736601132241
1951,0,975,B[N94]_NiC_nit_1M KOH_ vs RHE B_05_CVA_C02.txt,318,318,0,1.0000151,1.5906701,-0.01296300050276129,0.2745292248491316,0.06024262921730494,3.5043037881321157,,3.5043037881321157
1952,0,976,B[N94]_NiC_nit_1M KOH_ vs RHE B_05_CVA_C02.txt,313,0,313,1.0091006,1.5999708,-0.1554564361526916,0.2975788071103715,-0.014934566149031487,,-0.9972488246707597,-0.9972488246707597
1953,0,976,B[N94]_NiC_nit_1M KOH_ vs RHE B_05_CVA_C02.txt,319,319,0,1.0000038,1.591136,-0.01338632963597775,0.2768355310249454,0.06131405175565252,3.5254954821635995,,3.5254954821635995
1954,0,977,B[N94]_NiC_nit_1M KOH_ vs RHE B_05_CVA_C02.txt,312,0,312,1.0091101,1.5999638,-0.1555641456571359,0.2949336980070383,-0.015942308064215118,,-1.0009057955395848,-1.0009057955395848
1955,0,977,B[N94]_NiC_nit_1M KOH_ vs RHE B_05_CVA_C02.txt,320,320,0,1.0000126,1.5896083,-0.01379106752574444,0.2755974484794708,0.060764750246525646,3.4789610373282693,,3.4789610373282693
1956,0,978,B[N94]_NiC_nit_1M KOH_ vs RHE B_05_CVA_C02.txt,313,0,313,1.0090997,1.599959,-0.155286147710342,0.2959572913798878,-0.015189868962165693,,-1.0116705419572947,-1.0116705419572947
1957,0,978,B[N94]_NiC_nit_1M KOH_ vs RHE B_05_CVA_C02.txt,319,319,0,1.0000015,1.5911477,-0.01177022911724637,0.2761397163561288,0.06114155392356681,3.5173067720656492,,3.5173067720656492
1958,0,979,B[N94]_NiC_nit_1M KOH_ vs RHE B_05_CVA_C02.txt,312,0,312,1.0091165,1.5999669,-0.1552506046985402,0.2937349190072309,-0.0160855923005288,,-1.0090103807690807,-1.0090103807690807
1959,0,979,B[N94]_NiC_nit_1M KOH_ vs RHE B_05_CVA_C02.txt,320,320,0,1.0000192,1.5901535,-0.01388206891715527,0.2757709227723231,0.06086423661798927,3.497562163925885,,3.497562163925885
1960,0,980,B[N94]_NiC_nit_1M KOH_ vs RHE B_05_CVA_C02.txt,313,0,313,1.0091025,1.5999532,-0.154223705299926,0.295931039944939,-0.015213602892608834,,-1.0131333407024334,-1.0131333407024334
1961,0,980,B[N94]_NiC_nit_1M KOH_ vs RHE B_05_CVA_C02.txt,321,321,0,1.000005,1.5912662,-0.01212057285010815,0.2753862165475323,0.06096899838437038,3.5166885532898946,,3.5166885532898946
1962,0,981,B[N94]_NiC_nit_1M KOH_ vs RHE B_05_CVA_C02.txt,313,0,313,1.0090996,1.599967,-0.1540966654892491,0.2945609591577361,-0.015289671897278907,,-1.016858076573939,-1.016858076573939
1963,0,981,B[N94]_NiC_nit_1M KOH_ vs RHE B_05_CVA_C02.txt,320,320,0,1.0000021,1.5895126,-0.0131571512345387,0.2748765602566206,0.06072534352652851,3.471338506532507,,3.471338506532507
1964,0,982,B[N94]_NiC_nit_1M KOH_ vs RHE B_05_CVA_C02.txt,313,0,313,1.0090958,1.5999631,-0.1543403891681416,0.2949423770541728,-0.015246675930293541,,-1.0145137276732878,-1.0145137276732878
1965,0,982,B[N94]_NiC_nit_1M KOH_ vs RHE B_05_CVA_C02.txt,321,321,0,0.99999845,1.5900882,-0.0117244309561404,0.2744677979818364,0.06076121279977916,3.4806216409769855,,3.4806216409769855
1966,0,983,B[N94]_NiC_nit_1M KOH_ vs RHE B_05_CVA_C02.txt,312,0,312,1.0091355,1.599981,-0.1546913250676039,0.2916079093428219,-0.016358250283927817,,-1.024772676142589,-1.024772676142589
1967,0,983,B[N94]_NiC_nit_1M KOH_ vs RHE B_05_CVA_C02.txt,318,318,0,1.0000398,1.5907645,-0.01340120847754437,0.2732889153800162,0.06061021492131467,3.4928520260072258,,3.4928520260072258
1968,0,984,B[N94]_NiC_nit_1M KOH_ vs RHE B_05_CVA_C02.txt,313,0,313,1.0090967,1.5999651,-0.1539107546866388,0.2922842528509058,-0.015448222917880982,,-1.0258427024876742,-1.0258427024876742
1969,0,984,B[N94]_NiC_nit_1M KOH_ vs RHE B_05_CVA_C02.txt,320,320,0,0.99999917,1.5907474,-0.01232487779191654,0.2743340503930716,0.06100401333191165,3.495052171265066,,3.495052171265066
1970,0,985,B[N94]_NiC_nit_1M KOH_ vs RHE B_05_CVA_C02.txt,312,0,312,1.0091152,1.5999584,-0.153918872276023,0.2925474610593581,-0.016525638459407688,,-1.0347740105804093,-1.0347740105804093
1971,0,985,B[N94]_NiC_nit_1M KOH_ vs RHE B_05_CVA_C02.txt,321,321,0,1.0000176,1.5911605,-0.01355051621794701,0.2741185516363824,0.061027541003926156,3.496635216998017,,3.496635216998017
1972,0,986,B[N94]_NiC_nit_1M KOH_ vs RHE B_05_CVA_C02.txt,313,0,313,1.0090984,1.5999612,-0.1538267419789084,0.2918240985144736,-0.01484120031764079,,-0.9894914468956174,-0.9894914468956174
1973,0,986,B[N94]_NiC_nit_1M KOH_ vs RHE B_05_CVA_C02.txt,318,318,0,1.0000011,1.5902781,-0.01264113001525402,0.2752360936585969,0.06273057122958099,3.6256451575261326,,3.6256451575261326
1974,0,987,B[N94]_NiC_nit_1M KOH_ vs RHE B_05_CVA_C02.txt,312,0,312,1.009109,1.5999594,-0.1528201247145279,0.2966623326142628,-0.013189533822935381,,-0.8380167250523943,-0.8380167250523943
1975,0,987,B[N94]_NiC_nit_1M KOH_ vs RHE B_05_CVA_C02.txt,320,320,0,1.0000117,1.5897464,-0.0133137833327055,0.2730551269635608,0.06239248888990131,3.588423816589099,,3.588423816589099
1976,0,988,B[N94]_NiC_nit_1M KOH_ vs RHE B_05_CVA_C02.txt,313,0,313,1.0091019,1.6000471,-0.1527342051612556,0.3066991567611694,-0.012556720095164542,,-0.8588342143305993,-0.8588342143305993
1977,0,988,B[N94]_NiC_nit_1M KOH_ vs RHE B_05_CVA_C02.txt,320,320,0,1.0000045,1.5906305,-0.01172912995452469,0.2726964379181542,0.06243902062600411,3.597332153383581,,3.597332153383581
1978,0,989,B[N94]_NiC_nit_1M KOH_ vs RHE B_05_CVA_C02.txt,313,0,313,1.0091002,1.6000311,-0.1527067744453832,0.3034066778162243,-0.01277820390082755,,-0.871222767364062,-0.871222767364062
1979,0,989,B[N94]_NiC_nit_1M KOH_ vs RHE B_05_CVA_C02.txt,320,320,0,1.000003,1.5910344,-0.01216664096421524,0.2729522707457148,0.062396528435271145,3.5908519531915446,,3.5908519531915446
1980,0,990,B[N94]_NiC_nit_1M KOH_ vs RHE B_05_CVA_C02.txt,313,0,313,1.0091026,1.6000351,-0.1528896669005138,0.3047338775966479,-0.013067569094294962,,-0.8891813420176709,-0.8891813420176709
1981,0,990,B[N94]_NiC_nit_1M KOH_ vs RHE B_05_CVA_C02.txt,317,317,0,1.0000057,1.5906442,-0.01355560682713985,0.2729235833890948,0.06101352316833075,3.5725388504986992,,3.5725388504986992
1982,0,991,B[N94]_NiC_nit_1M KOH_ vs RHE B_05_CVA_C02.txt,312,0,312,1.0091559,1.6000124,-0.1528016816011148,0.3056151270866394,-0.01415235298896211,,-0.8965389994934297,-0.8965389994934297
1983,0,991,B[N94]_NiC_nit_1M KOH_ vs RHE B_05_CVA_C02.txt,321,321,0,0.99995852,1.5912125,-0.01551183592528105,0.2723026316808448,0.0625874975955837,3.5819741528466977,,3.5819741528466977
1984,0,992,B[N94]_NiC_nit_1M KOH_ vs RHE B_05_CVA_C02.txt,313,0,313,1.0090966,1.5999635,-0.1529601616896832,0.3035021456687346,-0.013383991585361833,,-0.9073921952936657,-0.9073921952936657
1985,0,992,B[N94]_NiC_nit_1M KOH_ vs RHE B_05_CVA_C02.txt,320,320,0,0.99999917,1.5896463,-0.01200837656126723,0.2716390511389437,0.06132888971360663,3.535959267478924,,3.535959267478924
1986,0,993,B[N94]_NiC_nit_1M KOH_ vs RHE B_05_CVA_C02.txt,312,0,312,1.0091864,1.6000377,-0.1524695405331804,0.3109525044759112,-0.014476956235035848,,-0.9164676070729312,-0.9164676070729312
1987,0,993,B[N94]_NiC_nit_1M KOH_ vs RHE B_05_CVA_C02.txt,317,317,0,0.99998915,1.5898603,-0.01173813592403233,0.2720667346651862,0.06091659998937805,3.5294696748972885,,3.5294696748972885
1988,0,994,B[N94]_NiC_nit_1M KOH_ vs RHE B_05_CVA_C02.txt,313,0,313,1.0090983,1.5999616,-0.1525175708230109,0.3048040212496463,-0.013754492996319352,,-0.9293100852849361,-0.9293100852849361
1989,0,994,B[N94]_NiC_nit_1M KOH_ vs RHE B_05_CVA_C02.txt,321,321,0,1.0000008,1.5894784,-0.01222175639122725,0.2719537386853181,0.061706857166771,3.5165985849743557,,3.5165985849743557
1990,0,995,B[N94]_NiC_nit_1M KOH_ vs RHE B_05_CVA_C02.txt,313,0,313,1.0090961,1.5999894,-0.1526221315950005,0.3051930665969849,-0.013700243810911136,,-0.9266483714218564,-0.9266483714218564
1991,0,995,B[N94]_NiC_nit_1M KOH_ vs RHE B_05_CVA_C02.txt,319,319,0,0.99999869,1.5901537,-0.0123210459461679,0.2719815372774895,0.06091366618541425,3.5318357625122303,,3.5318357625122303
1992,0,996,B[N94]_NiC_nit_1M KOH_ vs RHE B_05_CVA_C02.txt,313,0,313,1.0090966,1.6000053,-0.1525918370420272,0.3061494820791742,-0.013842717058790286,,-0.9353743385242465,-0.9353743385242465
1993,0,996,B[N94]_NiC_nit_1M KOH_ vs RHE B_05_CVA_C02.txt,320,320,0,0.99999917,1.5895486,-0.0123913796497104,0.2706489524542786,0.061144004961817544,3.5134742843385585,,3.5134742843385585
1994,0,997,B[N94]_NiC_nit_1M KOH_ vs RHE B_05_CVA_C02.txt,312,0,312,1.0091827,1.6000336,-0.15232497204713,0.3107632696628571,-0.014963671752999473,,-0.9453211040765879,-0.9453211040765879
1995,0,997,B[N94]_NiC_nit_1M KOH_ vs RHE B_05_CVA_C02.txt,318,318,0,0.99998534,1.5896881,-0.01188980728437405,0.2698974514286867,0.060326578476955474,3.504425418627127,,3.504425418627127
1996,0,998,B[N94]_NiC_nit_1M KOH_ vs RHE B_05_CVA_C02.txt,313,0,313,1.0091015,1.5999933,-0.1527533062577384,0.3043027604403701,-0.014238128461891491,,-0.9582466390061857,-0.9582466390061857
1997,0,998,B[N94]_NiC_nit_1M KOH_ vs RHE B_05_CVA_C02.txt,319,319,0,1.0000042,1.5902641,-0.0123721356503666,0.2710742363434677,0.060963649124769405,3.513168245127701,,3.513168245127701
1998,0,999,B[N94]_NiC_nit_1M KOH_ vs RHE B_05_CVA_C02.txt,313,0,313,1.0090919,1.6000152,-0.1527341777189817,0.3047201847252632,-0.014421903741801963,,-0.9694325288306775,-0.9694325288306775
1999,0,999,B[N94]_NiC_nit_1M KOH_ vs RHE B_05_CVA_C02.txt,319,319,0,0.9999944,1.5904543,-0.01312414184212685,0.2713485099389943,0.06114868784199687,3.5149506225674183,,3.5149506225674183
2000,0,1000,B[N94]_NiC_nit_1M KOH_ vs RHE B_05_CVA_C02.txt,313,0,313,1.0090986,1.6000054,-0.1526041592888145,0.303621675657189,-0.014516565539002633,,-0.9746815873410332,-0.9746815873410332
