global_cycle,session,raw_cycle,filename,n_points,n_points_ox,n_points_red,E_min,E_max,I_min_mA,I_max_mA,I_mean_mA,Q_ox_mC,Q_red_mC,Q_total_mC
1,0,1,B[N93]_NiC_acet_1M KOH_ vs RHE B_05_CVA_C02.txt,353,353,0,0.99995118,1.5900247,-0.02013704739511013,0.2281050422979987,0.03793873161677397,2.297399224026638,,2.297399224026638
2,0,1,B[N93]_NiC_acet_1M KOH_ vs RHE B_05_CVA_C02.txt,313,0,313,1.0099089,1.6000372,-0.08535807470762025,0.3052672445774078,0.005612095778129694,,0.22756260001807807,0.22756260001807807
3,0,1,B[N93]_NiC_acet_1M KOH_ vs RHE B_05_CVA_C02.txt,335,335,0,1.0000094,1.5907921,-0.03249618411064148,0.1846863605258087,0.03544931951769667,2.124265531733972,,2.124265531733972
4,0,2,B[N93]_NiC_acet_1M KOH_ vs RHE B_05_CVA_C02.txt,313,0,313,1.0098988,1.6000011,-0.1305233402089812,0.2451134920120239,-0.0016605441282981346,,-0.1828210255328703,-0.1828210255328703
5,0,2,B[N93]_NiC_acet_1M KOH_ vs RHE B_05_CVA_C02.txt,335,335,0,0.99999934,1.5899053,-0.01441403715295531,0.165312196731096,0.03482267751103745,2.0795163231577884,,2.0795163231577884
6,0,3,B[N93]_NiC_acet_1M KOH_ vs RHE B_05_CVA_C02.txt,312,0,312,1.0087634,1.5999117,-0.162511346872361,0.2170706746930424,-0.005911168691653856,,-0.3876820320431344,-0.3876820320431344
7,0,3,B[N93]_NiC_acet_1M KOH_ vs RHE B_05_CVA_C02.txt,339,339,0,0.99996626,1.590668,-0.01364909668210084,0.166885675854608,0.03490814518171567,2.0992928537285676,,2.0992928537285676
8,0,4,B[N93]_NiC_acet_1M KOH_ vs RHE B_05_CVA_C02.txt,313,0,313,1.0093169,1.5999732,-0.1844444214628753,0.1976986472373419,-0.0075581639611617376,,-0.5198219274306136,-0.5198219274306136
9,0,4,B[N93]_NiC_acet_1M KOH_ vs RHE B_05_CVA_C02.txt,335,335,0,1.0000174,1.5915037,-0.002993968911696475,0.1792893412528054,0.035775637830888427,2.130576418513536,,2.130576418513536
10,0,5,B[N93]_NiC_acet_1M KOH_ vs RHE B_05_CVA_C02.txt,312,0,312,1.009347,1.5999194,-0.1993227886014745,0.173530700430274,-0.01026509595497417,,-0.6406376083098089,-0.6406376083098089
11,0,5,B[N93]_NiC_acet_1M KOH_ vs RHE B_05_CVA_C02.txt,338,338,0,1.0000474,1.5911283,-0.01975519768893719,0.1920624621808695,0.0361290398043511,2.1453328435506562,,2.1453328435506562
12,0,6,B[N93]_NiC_acet_1M KOH_ vs RHE B_05_CVA_C02.txt,313,0,313,1.0080609,1.5999495,-0.2147927268032467,0.2001587873697281,-0.011671838315434639,,-0.7290347526298844,-0.7290347526298844
13,0,6,B[N93]_NiC_acet_1M KOH_ vs RHE B_05_CVA_C02.txt,327,327,0,1.0000265,1.5903449,-0.003421731779142531,0.1989927962284677,0.03602542641833574,2.16332261961186,,2.16332261961186
14,0,7,B[N93]_NiC_acet_1M KOH_ vs RHE B_05_CVA_C02.txt,313,0,313,1.0093091,1.6000053,-0.2244663182596494,0.1795485554182008,-0.012541749164304367,,-0.805984243522163,-0.805984243522163
15,0,7,B[N93]_NiC_acet_1M KOH_ vs RHE B_05_CVA_C02.txt,336,336,0,1.0000113,1.5905128,-0.004854285025667995,0.2062453617793587,0.03686485461023766,2.192498311047572,,2.192498311047572
16,0,8,B[N93]_NiC_acet_1M KOH_ vs RHE B_05_CVA_C02.txt,313,0,313,1.0093188,1.6000233,-0.2296638128481994,0.2050894647836685,-0.01352301055785018,,-0.8738285167365913,-0.8738285167365913
17,0,8,B[N93]_NiC_acet_1M KOH_ vs RHE B_05_CVA_C02.txt,328,328,0,0.99995118,1.5907869,-0.04068363830447197,0.2104985746624746,0.037539124700047104,2.222966723401157,,2.222966723401157
18,0,9,B[N93]_NiC_acet_1M KOH_ vs RHE B_05_CVA_C02.txt,313,0,313,1.0087014,1.6000092,-0.2388759891653365,0.1773359150342317,-0.014615239968313732,,-0.931385466812864,-0.931385466812864
19,0,9,B[N93]_NiC_acet_1M KOH_ vs RHE B_05_CVA_C02.txt,329,329,0,0.99995136,1.5901033,-0.007292165362632219,0.2149150615690121,0.03793815902274933,2.2448656205917765,,2.2448656205917765
20,0,10,B[N93]_NiC_acet_1M KOH_ vs RHE B_05_CVA_C02.txt,313,0,313,1.0093009,1.5999591,-0.2457320763037067,0.1733897477388382,-0.01543024120350069,,-0.9792030837132129,-0.9792030837132129
21,0,10,B[N93]_NiC_acet_1M KOH_ vs RHE B_05_CVA_C02.txt,337,337,0,1.0000479,1.5901983,-0.01526239637577753,0.217612973533277,0.03831990251152797,2.2730180007561556,,2.2730180007561556
22,0,11,B[N93]_NiC_acet_1M KOH_ vs RHE B_05_CVA_C02.txt,312,0,312,1.0087188,1.5999063,-0.2506838424336394,0.1700338125228882,-0.0168818423484314,,-1.0331712015374408,-1.0331712015374408
23,0,11,B[N93]_NiC_acet_1M KOH_ vs RHE B_05_CVA_C02.txt,359,359,0,1.0000194,1.5903993,-0.01901032638914407,0.2208407194452615,0.03864693433269769,2.2928456795861294,,2.2928456795861294
24,0,12,B[N93]_NiC_acet_1M KOH_ vs RHE B_05_CVA_C02.txt,313,0,313,1.0093088,1.6000032,-0.2511893302938706,0.1738684355564739,-0.016991535939700084,,-1.0688630697603207,-1.0688630697603207
25,0,12,B[N93]_NiC_acet_1M KOH_ vs RHE B_05_CVA_C02.txt,349,349,0,0.99995118,1.5903993,-0.04472485929727554,0.223881804427716,0.040086255627723125,2.315462855345084,,2.315462855345084
26,0,13,B[N93]_NiC_acet_1M KOH_ vs RHE B_05_CVA_C02.txt,313,0,313,1.0092989,1.6000212,-0.2556971212936361,0.1726374007437539,-0.017580953247740286,,-1.1023175515361356,-1.1023175515361356
27,0,13,B[N93]_NiC_acet_1M KOH_ vs RHE B_05_CVA_C02.txt,340,340,0,0.99999946,1.5915031,-0.008102480322122574,0.2258244227651458,0.03891760851012032,2.346969246898438,,2.346969246898438
28,0,14,B[N93]_NiC_acet_1M KOH_ vs RHE B_05_CVA_C02.txt,312,0,312,1.0093288,1.5999154,-0.2600143588861035,0.181301873709474,-0.018497839032023053,,-1.1311620192663092,-1.1311620192663092
29,0,14,B[N93]_NiC_acet_1M KOH_ vs RHE B_05_CVA_C02.txt,338,338,0,0.99995118,1.5908351,-0.04764281585812569,0.2298195274572716,0.040738007532648744,2.3560835503109443,,2.3560835503109443
30,0,15,B[N93]_NiC_acet_1M KOH_ vs RHE B_05_CVA_C02.txt,314,0,314,1.0080149,1.5999992,-0.2591028269866542,0.1757876335278801,-0.018206588890539943,,-1.1444909055329866,-1.1444909055329866
31,0,15,B[N93]_NiC_acet_1M KOH_ vs RHE B_05_CVA_C02.txt,337,337,0,0.99995136,1.5908543,-0.005657703555084603,0.231118781177218,0.040019585930749633,2.3858238170584336,,2.3858238170584336
32,0,16,B[N93]_NiC_acet_1M KOH_ vs RHE B_05_CVA_C02.txt,313,0,313,1.0093088,1.5999792,-0.2618338518436203,0.1918139010667801,-0.018390701439123778,,-1.1592746952188073,-1.1592746952188073
33,0,16,B[N93]_NiC_acet_1M KOH_ vs RHE B_05_CVA_C02.txt,329,329,0,0.99995136,1.5903993,-0.005571615744132605,0.2324021823134785,0.040806993296650745,2.4216764038468335,,2.4216764038468335
34,0,17,B[N93]_NiC_acet_1M KOH_ vs RHE B_05_CVA_C02.txt,313,0,313,1.0087109,1.6000153,-0.2630332430921503,0.1991071999073029,-0.018310060139253154,,-1.1579817513678197,-1.1579817513678197
35,0,17,B[N93]_NiC_acet_1M KOH_ vs RHE B_05_CVA_C02.txt,335,335,0,1.0000114,1.5910209,-0.02084563263355102,0.2368561430654799,0.04066126103293127,2.4100966205792056,,2.4100966205792056
36,0,18,B[N93]_NiC_acet_1M KOH_ vs RHE B_05_CVA_C02.txt,313,0,313,1.009907,1.6000352,-0.258685925931041,0.2007045894861221,-0.018992674135263798,,-1.1968756260131026,-1.1968756260131026
37,0,18,B[N93]_NiC_acet_1M KOH_ vs RHE B_05_CVA_C02.txt,329,329,0,1.0000074,1.5907249,-0.02453466132283211,0.2398623461595575,0.04115512941044086,2.4179273456917048,,2.4179273456917048
38,0,19,B[N93]_NiC_acet_1M KOH_ vs RHE B_05_CVA_C02.txt,313,0,313,1.0093129,1.6000413,-0.2638706622890732,0.1909101903438568,-0.0191963810786045,,-1.2085953399291072,-1.2085953399291072
39,0,19,B[N93]_NiC_acet_1M KOH_ vs RHE B_05_CVA_C02.txt,333,333,0,0.99995118,1.5898806,-0.05106989666819572,0.2410676080544456,0.040475419930834526,2.4046317852039816,,2.4046317852039816
40,0,20,B[N93]_NiC_acet_1M KOH_ vs RHE B_05_CVA_C02.txt,313,0,313,1.0093207,1.5999731,-0.2613160376454635,0.186347097158432,-0.019497518683047638,,-1.2220390764359195,-1.2220390764359195
41,0,20,B[N93]_NiC_acet_1M KOH_ vs RHE B_05_CVA_C02.txt,334,334,0,1.0000333,1.590041,-0.01849868338467786,0.2453976687009445,0.04021133389869454,2.4165752992840877,,2.4165752992840877
42,0,21,B[N93]_NiC_acet_1M KOH_ vs RHE B_05_CVA_C02.txt,313,0,313,1.009907,1.5999511,-0.265522481515487,0.1862846723896392,-0.01949798100438804,,-1.2225929114781637,-1.2225929114781637
43,0,21,B[N93]_NiC_acet_1M KOH_ vs RHE B_05_CVA_C02.txt,344,344,0,1.0000075,1.5913333,-0.02963869087398052,0.2519978311608946,0.039588167665675855,2.4237874982084513,,2.4237874982084513
44,0,22,B[N93]_NiC_acet_1M KOH_ vs RHE B_05_CVA_C02.txt,313,0,313,1.008045,1.5999399,-0.2608923993783083,0.18839593877395,-0.020333429155739238,,-1.241671596400419,-1.241671596400419
45,0,22,B[N93]_NiC_acet_1M KOH_ vs RHE B_05_CVA_C02.txt,329,329,0,1.0000489,1.5909871,-0.01999288050419822,0.2572372252773605,0.04083846838948357,2.4201157763259182,,2.4201157763259182
46,0,23,B[N93]_NiC_acet_1M KOH_ vs RHE B_05_CVA_C02.txt,312,0,312,1.0093552,1.5999341,-0.2646560129952467,0.1897729400432473,-0.02050410164358192,,-1.2488816863660863,-1.2488816863660863
47,0,23,B[N93]_NiC_acet_1M KOH_ vs RHE B_05_CVA_C02.txt,336,336,0,0.99998808,1.5914649,-0.01119678820434369,0.2598216209867763,0.041740235793348256,2.4266577532248417,,2.4266577532248417
48,0,24,B[N93]_NiC_acet_1M KOH_ vs RHE B_05_CVA_C02.txt,313,0,313,1.009907,1.5999712,-0.2603032239633887,0.1691830456256866,-0.02023794008157471,,-1.2625309952853399,-1.2625309952853399
49,0,24,B[N93]_NiC_acet_1M KOH_ vs RHE B_05_CVA_C02.txt,329,329,0,1.0000074,1.5901191,-0.01922116778112705,0.2649199049106732,0.04042091811473806,2.407141229653551,,2.407141229653551
50,0,25,B[N93]_NiC_acet_1M KOH_ vs RHE B_05_CVA_C02.txt,314,0,314,1.0080128,1.5999771,-0.2606388360001015,0.176212645095327,-0.020210439332324304,,-1.2642534931577585,-1.2642534931577585
51,0,25,B[N93]_NiC_acet_1M KOH_ vs RHE B_05_CVA_C02.txt,339,339,0,1.0000347,1.5905809,-0.0216314065979705,0.2693629374093938,0.0427025014633277,2.4118073155376876,,2.4118073155376876
52,0,26,B[N93]_NiC_acet_1M KOH_ vs RHE B_05_CVA_C02.txt,313,0,313,1.0099049,1.5999892,-0.2598023481011658,0.1760366733955301,-0.02034777586209952,,-1.268295397727365,-1.268295397727365
53,0,26,B[N93]_NiC_acet_1M KOH_ vs RHE B_05_CVA_C02.txt,329,329,0,0.99995136,1.5903503,-0.007174687338063895,0.2719964756338809,0.0407721797303968,2.411604862659322,,2.411604862659322
54,0,27,B[N93]_NiC_acet_1M KOH_ vs RHE B_05_CVA_C02.txt,312,0,312,1.0093628,1.5999522,-0.2546131857942373,0.1703469045460224,-0.02108366169568012,,-1.2790516761995412,-1.2790516761995412
55,0,27,B[N93]_NiC_acet_1M KOH_ vs RHE B_05_CVA_C02.txt,325,325,0,0.99996376,1.5908262,-0.00841301475556662,0.2767809378109649,0.04081471961893351,2.415144086107022,,2.415144086107022
56,0,28,B[N93]_NiC_acet_1M KOH_ vs RHE B_05_CVA_C02.txt,312,0,312,1.0093693,1.5999497,-0.2500494703196533,0.1901533603668213,-0.02102167395399757,,-1.27907978090313,-1.27907978090313
57,0,28,B[N93]_NiC_acet_1M KOH_ vs RHE B_05_CVA_C02.txt,339,339,0,0.99997222,1.5899818,-0.008484328165650368,0.2813789646908438,0.039741097620979854,2.394654513452699,,2.394654513452699
58,0,29,B[N93]_NiC_acet_1M KOH_ vs RHE B_05_CVA_C02.txt,313,0,313,1.0099049,1.6000031,-0.2504934286984923,0.1907892823219299,-0.020464349577467025,,-1.2812099869804168,-1.2812099869804168
59,0,29,B[N93]_NiC_acet_1M KOH_ vs RHE B_05_CVA_C02.txt,325,325,0,1.0000054,1.5908363,-0.00903800781816244,0.2872083206608049,0.04165061746915312,2.4089958354372256,,2.4089958354372256
60,0,30,B[N93]_NiC_acet_1M KOH_ vs RHE B_05_CVA_C02.txt,313,0,313,1.0093088,1.5999893,-0.2449219361104651,0.1593017723897229,-0.020590493143674365,,-1.2783355240594982,-1.2783355240594982
61,0,30,B[N93]_NiC_acet_1M KOH_ vs RHE B_05_CVA_C02.txt,334,334,0,0.99995136,1.5908575,-0.00896463710591959,0.2877595719473088,0.039975350844150985,2.39992806141501,,2.39992806141501
62,0,31,B[N93]_NiC_acet_1M KOH_ vs RHE B_05_CVA_C02.txt,313,0,313,1.0080389,1.5999217,-0.242206832177136,0.1537335568513623,-0.02114806265407725,,-1.2850915584225868,-1.2850915584225868
63,0,31,B[N93]_NiC_acet_1M KOH_ vs RHE B_05_CVA_C02.txt,327,327,0,1.0000426,1.5905359,-0.008123426978294268,0.2923403741350268,0.04063589887562314,2.393314780159948,,2.393314780159948
64,0,32,B[N93]_NiC_acet_1M KOH_ vs RHE B_05_CVA_C02.txt,313,0,313,1.0099009,1.5999951,-0.2389009579686985,0.1590098560504289,-0.02055596514515856,,-1.2755905565572585,-1.2755905565572585
65,0,32,B[N93]_NiC_acet_1M KOH_ vs RHE B_05_CVA_C02.txt,342,342,0,0.99995136,1.5916228,-0.01103222117219238,0.2979345394026924,0.039863143200953195,2.396353231542994,,2.396353231542994
66,0,33,B[N93]_NiC_acet_1M KOH_ vs RHE B_05_CVA_C02.txt,312,0,312,1.0093949,1.5999602,-0.2364024132526108,0.159791188687086,-0.020990754568072704,,-1.2732753202814546,-1.2732753202814546
67,0,33,B[N93]_NiC_acet_1M KOH_ vs RHE B_05_CVA_C02.txt,338,338,0,0.99999547,1.5905193,-0.02269224622084395,0.2986419153823423,0.04092602036624326,2.3729375179591874,,2.3729375179591874
68,0,34,B[N93]_NiC_acet_1M KOH_ vs RHE B_05_CVA_C02.txt,313,0,313,1.0099089,1.5999632,-0.2367435352371481,0.1751144230365753,-0.02029976264004383,,-1.267208430939116,-1.267208430939116
69,0,34,B[N93]_NiC_acet_1M KOH_ vs RHE B_05_CVA_C02.txt,343,343,0,1.0000093,1.5906053,-0.01105099871969906,0.3040680205016679,0.04102617105551767,2.3595862664289173,,2.3595862664289173
70,0,35,B[N93]_NiC_acet_1M KOH_ vs RHE B_05_CVA_C02.txt,313,0,313,1.0099089,1.5999873,-0.2326023951418694,0.1805257308094395,-0.020150539477956968,,-1.2583719214172218,-1.2583719214172218
71,0,35,B[N93]_NiC_acet_1M KOH_ vs RHE B_05_CVA_C02.txt,328,328,0,1.0000441,1.5908241,-0.00931999702636005,0.306294119198701,0.040281835026922064,2.354888151083361,,2.354888151083361
72,0,36,B[N93]_NiC_acet_1M KOH_ vs RHE B_05_CVA_C02.txt,312,0,312,1.009367,1.5999662,-0.2318530029990056,0.1653469809714486,-0.020608591335594333,,-1.2543989339197466,-1.2543989339197466
73,0,36,B[N93]_NiC_acet_1M KOH_ vs RHE B_05_CVA_C02.txt,339,339,0,0.9999674,1.5915703,-0.01687861420214176,0.3064635195859911,0.03986751220959981,2.3443047367652396,,2.3443047367652396
74,0,37,B[N93]_NiC_acet_1M KOH_ vs RHE B_05_CVA_C02.txt,314,0,314,1.0080171,1.5999932,-0.2289354306314708,0.1751207858324051,-0.019958654916914065,,-1.2498306064923648,-1.2498306064923648
75,0,37,B[N93]_NiC_acet_1M KOH_ vs RHE B_05_CVA_C02.txt,333,333,0,1.0000174,1.5902961,-0.02349426532569138,0.3117872567621411,0.03907657426402115,2.311244169705591,,2.311244169705591
76,0,38,B[N93]_NiC_acet_1M KOH_ vs RHE B_05_CVA_C02.txt,313,0,313,1.0093172,1.5999533,-0.2265778038317927,0.1790899258592846,-0.019833770948860675,,-1.240776288046939,-1.240776288046939
77,0,38,B[N93]_NiC_acet_1M KOH_ vs RHE B_05_CVA_C02.txt,333,333,0,1.0000175,1.5898943,-0.02356274745872489,0.3127840824134243,0.0392717638281028,2.2862197235169304,,2.2862197235169304
78,0,39,B[N93]_NiC_acet_1M KOH_ vs RHE B_05_CVA_C02.txt,314,0,314,1.008029,1.6000072,-0.2234179270310634,0.1825859099626541,-0.019684426067384634,,-1.2353117461795327,-1.2353117461795327
79,0,39,B[N93]_NiC_acet_1M KOH_ vs RHE B_05_CVA_C02.txt,333,333,0,1.0000293,1.5912023,-0.02008613385260105,0.3128974403885521,0.040412858325154594,2.290776522701969,,2.290776522701969
80,0,40,B[N93]_NiC_acet_1M KOH_ vs RHE B_05_CVA_C02.txt,313,0,313,1.009903,1.6000111,-0.2206417098072606,0.1924821436405182,-0.019495060593867724,,-1.2240712846614372,-1.2240712846614372
81,0,40,B[N93]_NiC_acet_1M KOH_ vs RHE B_05_CVA_C02.txt,336,336,0,1.000005,1.5903091,-0.02337016430480976,0.3173318495179124,0.03922877116895734,2.2594993835692487,,2.2594993835692487
82,0,41,B[N93]_NiC_acet_1M KOH_ vs RHE B_05_CVA_C02.txt,312,0,312,1.0093429,1.5999445,-0.2199892314555303,0.1824190802872181,-0.020003409468518907,,-1.2185406130992669,-1.2185406130992669
83,0,41,B[N93]_NiC_acet_1M KOH_ vs RHE B_05_CVA_C02.txt,342,342,0,1.0000135,1.5902224,-0.04953295737504959,0.3193529245688013,0.03940060713714986,2.240447538096088,,2.240447538096088
84,0,42,B[N93]_NiC_acet_1M KOH_ vs RHE B_05_CVA_C02.txt,312,0,312,1.009377,1.5999774,-0.2174005071220488,0.155201642350717,-0.019945271792056813,,-1.2098508199739384,-1.2098508199739384
85,0,42,B[N93]_NiC_acet_1M KOH_ vs RHE B_05_CVA_C02.txt,339,339,0,0.99997741,1.5908608,-0.01170988290159074,0.3192192906472391,0.03973220716725295,2.234844149097038,,2.234844149097038
86,0,43,B[N93]_NiC_acet_1M KOH_ vs RHE B_05_CVA_C02.txt,314,0,314,1.0080149,1.5999672,-0.2155474246687974,0.1658164411783218,-0.01922853728897364,,-1.2037398680870177,-1.2037398680870177
87,0,43,B[N93]_NiC_acet_1M KOH_ vs RHE B_05_CVA_C02.txt,334,334,0,0.99995136,1.5904783,-0.01199098116268096,0.3204894976357038,0.03877104547511647,2.215144709047235,,2.215144709047235
88,0,44,B[N93]_NiC_acet_1M KOH_ vs RHE B_05_CVA_C02.txt,314,0,314,1.0080171,1.5999852,-0.2126415379171473,0.1774564236402512,-0.01901234227539424,,-1.1936584909626466,-1.1936584909626466
89,0,44,B[N93]_NiC_acet_1M KOH_ vs RHE B_05_CVA_C02.txt,334,334,0,1.0000174,1.590183,-0.01138582399974952,0.3189148520760305,0.03871125939552748,2.191372042795272,,2.191372042795272
90,0,45,B[N93]_NiC_acet_1M KOH_ vs RHE B_05_CVA_C02.txt,313,0,313,1.0080251,1.5999045,-0.2112366632529787,0.1679709575449426,-0.019485084139262625,,-1.1875411748598443,-1.1875411748598443
91,0,45,B[N93]_NiC_acet_1M KOH_ vs RHE B_05_CVA_C02.txt,339,339,0,1.0000254,1.5907511,-0.01235370167827923,0.3193308719852927,0.03659737431411846,2.186122869489537,,2.186122869489537
92,0,46,B[N93]_NiC_acet_1M KOH_ vs RHE B_05_CVA_C02.txt,313,0,313,1.0080929,1.5999787,-0.2096985302351035,0.1414890041083314,-0.01944197868626034,,-1.179716587600437,-1.179716587600437
93,0,46,B[N93]_NiC_acet_1M KOH_ vs RHE B_05_CVA_C02.txt,332,332,0,0.99999344,1.5910393,-0.02395635539584839,0.3179793698282203,0.03727825247866318,2.1773535719607984,,2.1773535719607984
94,0,47,B[N93]_NiC_acet_1M KOH_ vs RHE B_05_CVA_C02.txt,312,0,312,1.009335,1.5999215,-0.2052693860247583,0.1699715512685285,-0.019252721345184323,,-1.170467483945269,-1.170467483945269
95,0,47,B[N93]_NiC_acet_1M KOH_ vs RHE B_05_CVA_C02.txt,345,345,0,1.0000355,1.5915213,-0.02767217718064785,0.3179023329161801,0.037669226989734704,2.1653625960474714,,2.1653625960474714
96,0,48,B[N93]_NiC_acet_1M KOH_ vs RHE B_05_CVA_C02.txt,313,0,313,1.0093029,1.6000253,-0.2050682515228113,0.1422245999717191,-0.018646176340107866,,-1.1611624565050898,-1.1611624565050898
97,0,48,B[N93]_NiC_acet_1M KOH_ vs RHE B_05_CVA_C02.txt,339,339,0,1.0000033,1.591383,-0.0150589501533078,0.3178200804952391,0.036531725297098507,2.14942121624567,,2.14942121624567
98,0,49,B[N93]_NiC_acet_1M KOH_ vs RHE B_05_CVA_C02.txt,313,0,313,1.0080389,1.5999253,-0.2027877765429529,0.169063170616691,-0.019031249402865935,,-1.1605391804348362,-1.1605391804348362
99,0,49,B[N93]_NiC_acet_1M KOH_ vs RHE B_05_CVA_C02.txt,331,331,0,0.99995118,1.5910251,-0.04791328683495522,0.318215456793151,0.036501381539321504,2.1318651634761605,,2.1318651634761605
100,0,50,B[N93]_NiC_acet_1M KOH_ vs RHE B_05_CVA_C02.txt,312,0,312,1.0081569,1.5999441,-0.2008165965292328,0.1716155154364452,-0.018932200285748862,,-1.152269713181977,-1.152269713181977
101,0,50,B[N93]_NiC_acet_1M KOH_ vs RHE B_05_CVA_C02.txt,344,344,0,0.99999297,1.5913029,-0.04027315229177475,0.3172431539753884,0.03681599265682132,2.123602468692214,,2.123602468692214
102,0,51,B[N93]_NiC_acet_1M KOH_ vs RHE B_05_CVA_C02.txt,313,0,313,1.0093052,1.6000192,-0.1985892833350313,0.1756108403205872,-0.01825536895894877,,-1.1434465627985397,-1.1434465627985397
103,0,51,B[N93]_NiC_acet_1M KOH_ vs RHE B_05_CVA_C02.txt,337,337,0,1.0000074,1.5909969,-0.02675574272871017,0.3159047920414131,0.035872119511864316,2.105646065665563,,2.105646065665563
104,0,52,B[N93]_NiC_acet_1M KOH_ vs RHE B_05_CVA_C02.txt,312,0,312,1.009339,1.5999324,-0.2005968853532959,0.1343002869764822,-0.01885521957068002,,-1.1419390563988068,-1.1419390563988068
105,0,52,B[N93]_NiC_acet_1M KOH_ vs RHE B_05_CVA_C02.txt,332,332,0,0.99995136,1.5906011,-0.009425369978531658,0.3170725074139551,0.03605182243187544,2.093282124379583,,2.093282124379583
106,0,53,B[N93]_NiC_acet_1M KOH_ vs RHE B_05_CVA_C02.txt,313,0,313,1.009305,1.6000131,-0.1966960664451047,0.1376961069586482,-0.01824684361137802,,-1.1319372454872534,-1.1319372454872534
107,0,53,B[N93]_NiC_acet_1M KOH_ vs RHE B_05_CVA_C02.txt,332,332,0,1.0000054,1.5913073,-0.02402552962303162,0.3166535706655615,0.0357474130810026,2.08918331096061,,2.08918331096061
108,0,54,B[N93]_NiC_acet_1M KOH_ vs RHE B_05_CVA_C02.txt,312,0,312,1.0093369,1.5999265,-0.1947726138035928,0.132547173951123,-0.018654430910586314,,-1.1304387497433388,-1.1304387497433388
109,0,54,B[N93]_NiC_acet_1M KOH_ vs RHE B_05_CVA_C02.txt,339,339,0,1.0000374,1.5911191,-0.02443919889628887,0.3123185413346494,0.0360740957103365,2.0728599286712988,,2.0728599286712988
110,0,55,B[N93]_NiC_acet_1M KOH_ vs RHE B_05_CVA_C02.txt,313,0,313,1.009907,1.6000252,-0.1950571830279852,0.1752098947763443,-0.017893840581582377,,-1.122923083481392,-1.122923083481392
111,0,55,B[N93]_NiC_acet_1M KOH_ vs RHE B_05_CVA_C02.txt,335,335,0,1.0000074,1.5905091,-0.01101584231814404,0.3143933414906129,0.035799202789635415,2.0566222990555447,,2.0566222990555447
112,0,56,B[N93]_NiC_acet_1M KOH_ vs RHE B_05_CVA_C02.txt,314,0,314,1.008013,1.5999632,-0.1932548563101764,0.152731642127037,-0.017931919818838824,,-1.1205290184072507,-1.1205290184072507
113,0,56,B[N93]_NiC_acet_1M KOH_ vs RHE B_05_CVA_C02.txt,341,341,0,1.0000134,1.5902197,-0.01090994938580733,0.3132737880416353,0.03484943876909766,2.044835834450158,,2.044835834450158
114,0,57,B[N93]_NiC_acet_1M KOH_ vs RHE B_05_CVA_C02.txt,312,0,312,1.0094368,1.5999986,-0.192762062942479,0.142867386341095,-0.018417358175996518,,-1.117277513736328,-1.117277513736328
115,0,57,B[N93]_NiC_acet_1M KOH_ vs RHE B_05_CVA_C02.txt,335,335,0,0.99995118,1.5907313,-0.04567629471421242,0.3129234258969729,0.03452431631242546,2.0408474881713583,,2.0408474881713583
116,0,58,B[N93]_NiC_acet_1M KOH_ vs RHE B_05_CVA_C02.txt,312,0,312,1.009333,1.5999247,-0.1901433493058031,0.1592029274294249,-0.01825942468438842,,-1.1106790117977305,-1.1106790117977305
117,0,58,B[N93]_NiC_acet_1M KOH_ vs RHE B_05_CVA_C02.txt,340,340,0,1.0000334,1.5913292,-0.0104088010245556,0.3151191428676969,0.03639067638867214,2.0401611927293524,,2.0401611927293524
118,0,59,B[N93]_NiC_acet_1M KOH_ vs RHE B_05_CVA_C02.txt,312,0,312,1.0087596,1.5999582,-0.1885519148306689,0.1411824027697244,-0.01827154805695417,,-1.107742152550138,-1.107742152550138
119,0,59,B[N93]_NiC_acet_1M KOH_ vs RHE B_05_CVA_C02.txt,338,338,0,0.99996233,1.5899551,-0.01121227652341862,0.3126001891707251,0.03509440628184251,2.013880920626734,,2.013880920626734
120,0,60,B[N93]_NiC_acet_1M KOH_ vs RHE B_05_CVA_C02.txt,314,0,314,1.008013,1.6000131,-0.1882876058995659,0.1694630682468414,-0.01756698898452861,,-1.103816326900195,-1.103816326900195
121,0,60,B[N93]_NiC_acet_1M KOH_ vs RHE B_05_CVA_C02.txt,330,330,0,0.99995136,1.5912502,-0.009483320127495642,0.3125210895860659,0.035567143437974846,2.0242007053787847,,2.0242007053787847
122,0,61,B[N93]_NiC_acet_1M KOH_ vs RHE B_05_CVA_C02.txt,311,0,311,1.009427,1.5999157,-0.187359534319596,0.1266949228232814,-0.01819192102815158,,-1.1002155135479,-1.1002155135479
123,0,61,B[N93]_NiC_acet_1M KOH_ vs RHE B_05_CVA_C02.txt,330,330,0,1.0000374,1.5911682,-0.0105428653353937,0.3131495687381221,0.03562484893251806,2.0129929938372944,,2.0129929938372944
124,0,62,B[N93]_NiC_acet_1M KOH_ vs RHE B_05_CVA_C02.txt,313,0,313,1.009311,1.5999731,-0.1870895246795312,0.1458539557845695,-0.01760481661502562,,-1.0950225546445596,-1.0950225546445596
125,0,62,B[N93]_NiC_acet_1M KOH_ vs RHE B_05_CVA_C02.txt,341,341,0,1.0000114,1.5899132,-0.03591372072696686,0.3120913596516592,0.03508001630157632,1.9890940309574985,,1.9890940309574985
126,0,63,B[N93]_NiC_acet_1M KOH_ vs RHE B_05_CVA_C02.txt,313,0,313,1.009315,1.6000172,-0.1841465327505252,0.1680184304714203,-0.01740874630673497,,-1.091900599418529,-1.091900599418529
127,0,63,B[N93]_NiC_acet_1M KOH_ vs RHE B_05_CVA_C02.txt,338,338,0,1.0000154,1.591388,-0.009954442270100117,0.3113689956354415,0.03466453598933126,2.002698383571672,,2.002698383571672
128,0,64,B[N93]_NiC_acet_1M KOH_ vs RHE B_05_CVA_C02.txt,313,0,313,1.009311,1.5999992,-0.1839133897345659,0.1676556617021561,-0.017313288719650113,,-1.0861520400914175,-1.0861520400914175
129,0,64,B[N93]_NiC_acet_1M KOH_ vs RHE B_05_CVA_C02.txt,337,337,0,0.99995136,1.5910276,-0.01037691367376029,0.3118536453138887,0.03451303673250691,1.9875761814402644,,1.9875761814402644
130,0,65,B[N93]_NiC_acet_1M KOH_ vs RHE B_05_CVA_C02.txt,313,0,313,1.0080569,1.5999582,-0.1828731219928237,0.1498827678816657,-0.01787719887863233,,-1.0887460572177503,-1.0887460572177503
131,0,65,B[N93]_NiC_acet_1M KOH_ vs RHE B_05_CVA_C02.txt,334,334,0,0.99995738,1.5901272,-0.04224602878093719,0.3130176992766012,0.03397244297112796,1.9719499635051023,,1.9719499635051023
132,0,66,B[N93]_NiC_acet_1M KOH_ vs RHE B_05_CVA_C02.txt,313,0,313,1.008719,1.5999831,-0.1811422568682064,0.1465776711702347,-0.01741808986125905,,-1.0862087653610781,-1.0862087653610781
133,0,66,B[N93]_NiC_acet_1M KOH_ vs RHE B_05_CVA_C02.txt,335,335,0,0.99995136,1.5914633,-0.008834711781596477,0.3097842632533388,0.035338692758209014,1.9810434700408484,,1.9810434700408484
134,0,67,B[N93]_NiC_acet_1M KOH_ vs RHE B_05_CVA_C02.txt,310,0,310,1.0090109,1.5999671,-0.1794324076798337,0.1412063390016556,-0.01765084683439988,,-1.0821134897709896,-1.0821134897709896
135,0,67,B[N93]_NiC_acet_1M KOH_ vs RHE B_05_CVA_C02.txt,334,334,0,0.99995136,1.5905129,-0.01015689403839599,0.3117257754136249,0.033333511204723144,1.9692934091984902,,1.9692934091984902
136,0,68,B[N93]_NiC_acet_1M KOH_ vs RHE B_05_CVA_C02.txt,313,0,313,1.008021,1.5999143,-0.1798884819094404,0.1230924080970675,-0.017861426927300826,,-1.083958850845163,-1.083958850845163
137,0,68,B[N93]_NiC_acet_1M KOH_ vs RHE B_05_CVA_C02.txt,336,336,0,1.0000213,1.5907419,-0.01132319363157855,0.3113994903995439,0.033682088859469425,1.9595369694947002,,1.9595369694947002
138,0,69,B[N93]_NiC_acet_1M KOH_ vs RHE B_05_CVA_C02.txt,312,0,312,1.009391,1.5999715,-0.1779111847907098,0.126748863607645,-0.01773236954756145,,-1.073939912794088,-1.073939912794088
139,0,69,B[N93]_NiC_acet_1M KOH_ vs RHE B_05_CVA_C02.txt,333,333,0,0.99999136,1.5901991,-0.01006850309516039,0.3121454123970787,0.03589711472772001,1.9655348007028275,,1.9655348007028275
140,0,70,B[N93]_NiC_acet_1M KOH_ vs RHE B_05_CVA_C02.txt,313,0,313,1.0093189,1.6000091,-0.1781894085713023,0.1276973654394564,-0.017211164505352303,,-1.0677652178972175,-1.0677652178972175
141,0,70,B[N93]_NiC_acet_1M KOH_ vs RHE B_05_CVA_C02.txt,337,337,0,1.000043,1.5903749,-0.02157036075368529,0.3118470248295129,0.034099591056709296,1.9683634582840417,,1.9683634582840417
142,0,71,B[N93]_NiC_acet_1M KOH_ vs RHE B_05_CVA_C02.txt,312,0,312,1.009315,1.5999067,-0.1757146686356263,0.1471841493819621,-0.017390022102315748,,-1.055346720417039,-1.055346720417039
143,0,71,B[N93]_NiC_acet_1M KOH_ vs RHE B_05_CVA_C02.txt,342,342,0,1.0000155,1.5909687,-0.02079947256361661,0.3134580422504811,0.03469427487366663,1.9528373199993407,,1.9528373199993407
144,0,72,B[N93]_NiC_acet_1M KOH_ vs RHE B_05_CVA_C02.txt,312,0,312,1.0087761,1.5999444,-0.1745746822105212,0.1452127918601027,-0.017507940610426934,,-1.0640965631524186,-1.0640965631524186
145,0,72,B[N93]_NiC_acet_1M KOH_ vs RHE B_05_CVA_C02.txt,339,339,0,0.99995583,1.5908182,-0.01112968536714712,0.3101143218059226,0.03401853585544246,1.9370711210765155,,1.9370711210765155
146,0,73,B[N93]_NiC_acet_1M KOH_ vs RHE B_05_CVA_C02.txt,312,0,312,1.0093709,1.5999619,-0.1733170256106336,0.1196876915206251,-0.017668295390713507,,-1.0687337762197286,-1.0687337762197286
147,0,73,B[N93]_NiC_acet_1M KOH_ vs RHE B_05_CVA_C02.txt,329,329,0,0.99997145,1.5913981,-0.01479754503816366,0.3120769043648721,0.033446120313131676,1.9448330572773915,,1.9448330572773915
148,0,74,B[N93]_NiC_acet_1M KOH_ vs RHE B_05_CVA_C02.txt,313,0,313,1.0087109,1.5999572,-0.1743944979128207,0.1301009505987167,-0.017185424689490525,,-1.0668391553778276,-1.0668391553778276
149,0,74,B[N93]_NiC_acet_1M KOH_ vs RHE B_05_CVA_C02.txt,330,330,0,1.0000249,1.5899312,-0.02065151260309933,0.3131478203260634,0.03280400193079026,1.9214231047401484,,1.9214231047401484
150,0,75,B[N93]_NiC_acet_1M KOH_ vs RHE B_05_CVA_C02.txt,312,0,312,1.0093613,1.5999509,-0.1713570228040624,0.1206069284677506,-0.017478803557098164,,-1.0598321748454496,-1.0598321748454496
151,0,75,B[N93]_NiC_acet_1M KOH_ vs RHE B_05_CVA_C02.txt,333,333,0,0.99996412,1.5909283,-0.009158035640189932,0.3090470622664707,0.034076940982611464,1.9313916502000974,,1.9313916502000974
152,0,76,B[N93]_NiC_acet_1M KOH_ vs RHE B_05_CVA_C02.txt,313,0,313,1.0080569,1.5999424,-0.1714036625852537,0.1513353920188443,-0.017390525598629657,,-1.0597570750721004,-1.0597570750721004
153,0,76,B[N93]_NiC_acet_1M KOH_ vs RHE B_05_CVA_C02.txt,333,333,0,0.99995744,1.5900217,-0.01556345367103149,0.3121939079163765,0.03286194138233162,1.9140825816131004,,1.9140825816131004
154,0,77,B[N93]_NiC_acet_1M KOH_ vs RHE B_05_CVA_C02.txt,313,0,313,1.0093029,1.6000311,-0.1707197232458109,0.1504661589860916,-0.01690238990350213,,-1.0570568942660392,-1.0570568942660392
155,0,77,B[N93]_NiC_acet_1M KOH_ vs RHE B_05_CVA_C02.txt,327,327,0,1.0000033,1.591423,-0.009716722509922391,0.311070112059074,0.033268624277845806,1.9244544419902652,,1.9244544419902652
156,0,78,B[N93]_NiC_acet_1M KOH_ vs RHE B_05_CVA_C02.txt,313,0,313,1.009299,1.5999832,-0.1691353497848758,0.1308588062195069,-0.017034385862839202,,-1.0555676062659005,-1.0555676062659005
157,0,78,B[N93]_NiC_acet_1M KOH_ vs RHE B_05_CVA_C02.txt,342,342,0,0.99995118,1.5907023,-0.04628407210111618,0.3104461379000703,0.03334368019090117,1.9096506126409452,,1.9096506126409452
158,0,79,B[N93]_NiC_acet_1M KOH_ vs RHE B_05_CVA_C02.txt,312,0,312,1.0087889,1.5999775,-0.1693629338446393,0.1172578514260414,-0.01741792599277802,,-1.054777039541113,-1.054777039541113
159,0,79,B[N93]_NiC_acet_1M KOH_ vs RHE B_05_CVA_C02.txt,330,330,0,0.99998945,1.5901351,-0.009451676160097122,0.3151975607327737,0.033256039608016714,1.9045846381086005,,1.9045846381086005
160,0,80,B[N93]_NiC_acet_1M KOH_ vs RHE B_05_CVA_C02.txt,312,0,312,1.008803,1.5999802,-0.1684666023827459,0.1318179816007614,-0.01734381709218586,,-1.0540489586765935,-1.0540489586765935
161,0,80,B[N93]_NiC_acet_1M KOH_ vs RHE B_05_CVA_C02.txt,334,334,0,1.0000033,1.5909669,-0.008599823971875531,0.3169864765211781,0.033446229713422135,1.9218550782458943,,1.9218550782458943
162,0,81,B[N93]_NiC_acet_1M KOH_ vs RHE B_05_CVA_C02.txt,312,0,312,1.0099049,1.5999022,-0.1687739043037123,0.1404296482095913,-0.01722520930401308,,-1.0450960527393334,-1.0450960527393334
163,0,81,B[N93]_NiC_acet_1M KOH_ vs RHE B_05_CVA_C02.txt,345,345,0,1.0000055,1.5909392,-0.02120511656951002,0.31449937917313,0.033784608034532794,1.905656834555086,,1.905656834555086
164,0,82,B[N93]_NiC_acet_1M KOH_ vs RHE B_05_CVA_C02.txt,313,0,313,1.0087049,1.6000012,-0.1672281192911387,0.1593250185251236,-0.016670023800832625,,-1.0456241711595466,-1.0456241711595466
165,0,82,B[N93]_NiC_acet_1M KOH_ vs RHE B_05_CVA_C02.txt,350,350,0,1.0000054,1.5900683,-0.01184458844363689,0.3138311016385611,0.03348632731170964,1.8990700754393544,,1.8990700754393544
166,0,83,B[N93]_NiC_acet_1M KOH_ vs RHE B_05_CVA_C02.txt,313,0,313,1.0093089,1.5999752,-0.1663425886431831,0.1289108544588089,-0.016764900756305465,,-1.0416259071521334,-1.0416259071521334
167,0,83,B[N93]_NiC_acet_1M KOH_ vs RHE B_05_CVA_C02.txt,335,335,0,1.0000094,1.5914052,-0.0312933623790741,0.317340134468843,0.03185453150669466,1.9130843215480466,,1.9130843215480466
168,0,84,B[N93]_NiC_acet_1M KOH_ vs RHE B_05_CVA_C02.txt,312,0,312,1.0087451,1.5999434,-0.16512942354641,0.1509893834590912,-0.017139798940652456,,-1.039114204545406,-1.039114204545406
169,0,84,B[N93]_NiC_acet_1M KOH_ vs RHE B_05_CVA_C02.txt,340,340,0,1.0000453,1.5908351,-0.01038418381466105,0.3161615953131469,0.032596520251032504,1.9055123127229252,,1.9055123127229252
170,0,85,B[N93]_NiC_acet_1M KOH_ vs RHE B_05_CVA_C02.txt,314,0,314,1.0080171,1.5999893,-0.164868992958084,0.1512934863567352,-0.016550963099034015,,-1.0373715987923535,-1.0373715987923535
171,0,85,B[N93]_NiC_acet_1M KOH_ vs RHE B_05_CVA_C02.txt,338,338,0,1.0000174,1.5905583,-0.02043740888652595,0.3153871918805493,0.033211351434107174,1.894754253695283,,1.894754253695283
172,0,86,B[N93]_NiC_acet_1M KOH_ vs RHE B_05_CVA_C02.txt,314,0,314,1.0080149,1.5999713,-0.1651301806621246,0.1381197422742844,-0.016600501976785073,,-1.0369705261864999,-1.0369705261864999
173,0,86,B[N93]_NiC_acet_1M KOH_ vs RHE B_05_CVA_C02.txt,342,342,0,0.99995118,1.5911694,-0.04543446004390717,0.3157510752509312,0.03202208036005374,1.8956343780353064,,1.8956343780353064
174,0,87,B[N93]_NiC_acet_1M KOH_ vs RHE B_05_CVA_C02.txt,312,0,312,1.009405,1.5999812,-0.162033458676635,0.141620010137558,-0.016553983093194818,,-1.0330201636231722,-1.0330201636231722
175,0,87,B[N93]_NiC_acet_1M KOH_ vs RHE B_05_CVA_C02.txt,347,347,0,0.99995118,1.5913063,-0.04609314724802971,0.3170353820763867,0.03196287426373742,1.8939869193193617,,1.8939869193193617
176,0,88,B[N93]_NiC_acet_1M KOH_ vs RHE B_05_CVA_C02.txt,313,0,313,1.0099089,1.6000152,-0.1614074237476608,0.1276340138005172,-0.01657246705184146,,-1.0269381234803725,-1.0269381234803725
177,0,88,B[N93]_NiC_acet_1M KOH_ vs RHE B_05_CVA_C02.txt,333,333,0,0.99995118,1.5917504,-0.04059772193431854,0.319635654157151,0.03332909590681855,1.9009320576933475,,1.9009320576933475
178,0,89,B[N93]_NiC_acet_1M KOH_ vs RHE B_05_CVA_C02.txt,313,0,313,1.009901,1.5999632,-0.161698523812712,0.1318129003047943,-0.01649602866051542,,-1.0258837901953897,-1.0258837901953897
179,0,89,B[N93]_NiC_acet_1M KOH_ vs RHE B_05_CVA_C02.txt,339,339,0,1.0000013,1.5908269,-0.0087707145139575,0.3151118464479388,0.03443639777707907,1.8888023852113953,,1.8888023852113953
180,0,90,B[N93]_NiC_acet_1M KOH_ vs RHE B_05_CVA_C02.txt,313,0,313,1.008023,1.5999238,-0.1617933482432938,0.1163898874031106,-0.016905245501462565,,-1.025736865643678,-1.025736865643678
181,0,90,B[N93]_NiC_acet_1M KOH_ vs RHE B_05_CVA_C02.txt,337,337,0,0.99995136,1.5900683,-0.008598171252702055,0.314882220090373,0.03300070631751786,1.8793488300892,,1.8793488300892
182,0,91,B[N93]_NiC_acet_1M KOH_ vs RHE B_05_CVA_C02.txt,313,0,313,1.009901,1.5999812,-0.160938470912627,0.1358738985398541,-0.016493865261379456,,-1.026331878073097,-1.026331878073097
183,0,91,B[N93]_NiC_acet_1M KOH_ vs RHE B_05_CVA_C02.txt,332,332,0,1.0000013,1.5905818,-0.02212265506386757,0.3134355499916794,0.032269910153037464,1.8831097732781876,,1.8831097732781876
184,0,92,B[N93]_NiC_acet_1M KOH_ vs RHE B_05_CVA_C02.txt,313,0,313,1.0099049,1.5999852,-0.1601933638407074,0.1432746797800064,-0.01643119255460607,,-1.0247274934120738,-1.0247274934120738
185,0,92,B[N93]_NiC_acet_1M KOH_ vs RHE B_05_CVA_C02.txt,339,339,0,1.0000055,1.5901711,-0.0208889846082615,0.3176612594331307,0.03274188948471913,1.8724723655670796,,1.8724723655670796
186,0,93,B[N93]_NiC_acet_1M KOH_ vs RHE B_05_CVA_C02.txt,313,0,313,1.009907,1.5999852,-0.1619819836009229,0.1477168500423431,-0.016407015007018532,,-1.0245867013507568,-1.0245867013507568
187,0,93,B[N93]_NiC_acet_1M KOH_ vs RHE B_05_CVA_C02.txt,339,339,0,0.99995118,1.59087,-0.0445975735783577,0.3183899294634562,0.03374954262409346,1.8797353496259983,,1.8797353496259983
188,0,94,B[N93]_NiC_acet_1M KOH_ vs RHE B_05_CVA_C02.txt,313,0,313,1.0087008,1.6000311,-0.1596406118979513,0.1207202225923538,-0.016402609255291762,,-1.0179003381794711,-1.0179003381794711
189,0,94,B[N93]_NiC_acet_1M KOH_ vs RHE B_05_CVA_C02.txt,332,332,0,1.0000013,1.5900632,-0.008659282734192184,0.3191437824943009,0.03266568059605831,1.8738736517972345,,1.8738736517972345
190,0,95,B[N93]_NiC_acet_1M KOH_ vs RHE B_05_CVA_C02.txt,313,0,313,1.0093089,1.6000252,-0.1590971083200838,0.1292863339185715,-0.016356655220877543,,-1.0186602848977988,-1.0186602848977988
191,0,95,B[N93]_NiC_acet_1M KOH_ vs RHE B_05_CVA_C02.txt,355,355,0,1.0000093,1.5905682,-0.01471481006592512,0.3207350184322317,0.03291659463748489,1.8680573459267247,,1.8680573459267247
192,0,96,B[N93]_NiC_acet_1M KOH_ vs RHE B_05_CVA_C02.txt,312,0,312,1.009325,1.5999167,-0.1587483023650729,0.1406055408574286,-0.01681789519072654,,-1.0217089622539186,-1.0217089622539186
193,0,96,B[N93]_NiC_acet_1M KOH_ vs RHE B_05_CVA_C02.txt,339,339,0,1.0000255,1.5906162,-0.03414449468255043,0.3215295010755543,0.033021604392957156,1.8737575193030327,,1.8737575193030327
194,0,97,B[N93]_NiC_acet_1M KOH_ vs RHE B_05_CVA_C02.txt,312,0,312,1.008719,1.5999144,-0.1559135897703008,0.1165520025547161,-0.0168684227853022,,-1.0220621914451233,-1.0220621914451233
195,0,97,B[N93]_NiC_acet_1M KOH_ vs RHE B_05_CVA_C02.txt,341,341,0,0.99995118,1.5902466,-0.04465803503990173,0.3249308439680756,0.03231460360429821,1.865333781684424,,1.865333781684424
196,0,98,B[N93]_NiC_acet_1M KOH_ vs RHE B_05_CVA_C02.txt,312,0,312,1.0088069,1.599997,-0.1579594495302608,0.1304923370480537,-0.0167389652331656,,-1.0146826183552593,-1.0146826183552593
197,0,98,B[N93]_NiC_acet_1M KOH_ vs RHE B_05_CVA_C02.txt,335,335,0,0.99995118,1.5902747,-0.04424436762928963,0.3247186860401363,0.0332274626921442,1.866451942950796,,1.866451942950796
198,0,99,B[N93]_NiC_acet_1M KOH_ vs RHE B_05_CVA_C02.txt,313,0,313,1.0098988,1.5999693,-0.1575187754685567,0.1461831033229828,-0.016242925454950756,,-1.0141203196042448,-1.0141203196042448
199,0,99,B[N93]_NiC_acet_1M KOH_ vs RHE B_05_CVA_C02.txt,335,335,0,0.99999946,1.590058,-0.008885269053280354,0.3269588444546985,0.03264048478163759,1.8669943986291444,,1.8669943986291444
200,0,100,B[N93]_NiC_acet_1M KOH_ vs RHE B_05_CVA_C02.txt,313,0,313,1.009315,1.6000192,-0.1564933771325874,0.1460176259279251,-0.016179800259984178,,-1.01313378771846,-1.01313378771846
201,0,101,B[N93]_NiC_acet_1M KOH_ vs RHE B_05_CVA_C02.txt,332,332,0,0.99995118,1.591109,-0.00421788456688249,0.350576706491923,0.0358129650154293,2.045250513603605,,2.045250513603605
202,0,101,B[N93]_NiC_acet_1M KOH_ vs RHE B_05_CVA_C02.txt,313,0,313,1.0087169,1.6000212,-0.1610985504033242,0.165682777762413,-0.014431343767732535,,-0.9153749424635402,-0.9153749424635402
203,0,101,B[N93]_NiC_acet_1M KOH_ vs RHE B_05_CVA_C02.txt,339,339,0,1.0000174,1.5912004,-0.01975222110272722,0.3404611137479199,0.03525971187613429,1.9449431755832736,,1.9449431755832736
204,0,102,B[N93]_NiC_acet_1M KOH_ vs RHE B_05_CVA_C02.txt,314,0,314,1.0080191,1.6000051,-0.15892936452402,0.1263235511015291,-0.014772885242197813,,-0.9224219011295667,-0.9224219011295667
205,0,102,B[N93]_NiC_acet_1M KOH_ vs RHE B_05_CVA_C02.txt,339,339,0,1.0000193,1.5908927,-0.02076073177158833,0.3339992888218415,0.03554271831527698,1.9402775513698125,,1.9402775513698125
206,0,103,B[N93]_NiC_acet_1M KOH_ vs RHE B_05_CVA_C02.txt,313,0,313,1.0098988,1.5999812,-0.1592190741444666,0.1543291807174683,-0.014552311746817943,,-0.916271370605932,-0.916271370605932
207,0,103,B[N93]_NiC_acet_1M KOH_ vs RHE B_05_CVA_C02.txt,338,338,0,0.99999952,1.5917231,-0.02058668799050476,0.340800346868958,0.03425420171427851,1.9486437640418204,,1.9486437640418204
208,0,104,B[N93]_NiC_acet_1M KOH_ vs RHE B_05_CVA_C02.txt,311,0,311,1.008885,1.5999861,-0.1602574468243918,0.1211011426488837,-0.01521435919756735,,-0.922794652727596,-0.922794652727596
209,0,104,B[N93]_NiC_acet_1M KOH_ vs RHE B_05_CVA_C02.txt,331,331,0,1.0000461,1.5903373,-0.01918905916196917,0.3402539826196407,0.033439889883065996,1.931889050471777,,1.931889050471777
210,0,105,B[N93]_NiC_acet_1M KOH_ vs RHE B_05_CVA_C02.txt,313,0,313,1.009299,1.5999992,-0.156764956439791,0.1512489467859268,-0.014624116953581857,,-0.9204490160382359,-0.9204490160382359
211,0,105,B[N93]_NiC_acet_1M KOH_ vs RHE B_05_CVA_C02.txt,346,346,0,0.99999946,1.590441,-0.01121454034000635,0.3367134737887421,0.036045422818726844,1.9289496782040432,,1.9289496782040432
212,0,106,B[N93]_NiC_acet_1M KOH_ vs RHE B_05_CVA_C02.txt,313,0,313,1.0093089,1.6000091,-0.1557787204744002,0.1279213609902754,-0.01473105126376344,,-0.9191164932013547,-0.9191164932013547
213,0,106,B[N93]_NiC_acet_1M KOH_ vs RHE B_05_CVA_C02.txt,338,338,0,0.99995118,1.5914142,-0.03515639156103134,0.3446146603002496,0.03460343113758937,1.9404576801187048,,1.9404576801187048
214,0,107,B[N93]_NiC_acet_1M KOH_ vs RHE B_05_CVA_C02.txt,313,0,313,1.0080808,1.5999534,-0.1567625847140167,0.1204741919301116,-0.015176633466769708,,-0.9229860020600739,-0.9229860020600739
215,0,107,B[N93]_NiC_acet_1M KOH_ vs RHE B_05_CVA_C02.txt,343,343,0,0.99998152,1.5905854,-0.02030722014403538,0.3413047540995806,0.03453040314546409,1.927557843404112,,1.927557843404112
216,0,108,B[N93]_NiC_acet_1M KOH_ vs RHE B_05_CVA_C02.txt,312,0,312,1.0088009,1.5999911,-0.1562703953589142,0.1572566777467728,-0.014548666360369928,,-0.9165403389387478,-0.9165403389387478
217,0,108,B[N93]_NiC_acet_1M KOH_ vs RHE B_05_CVA_C02.txt,333,333,0,1.0000013,1.5901637,-0.01038083806633949,0.3376892135640897,0.0353396426495149,1.9298553769989777,,1.9298553769989777
218,0,109,B[N93]_NiC_acet_1M KOH_ vs RHE B_05_CVA_C02.txt,312,0,312,1.0081251,1.5999206,-0.1562262080113319,0.1488191131502385,-0.014980823024696752,,-0.9139486712500836,-0.9139486712500836
219,0,109,B[N93]_NiC_acet_1M KOH_ vs RHE B_05_CVA_C02.txt,337,337,0,0.99995136,1.5911822,-0.01151590757513302,0.3463481350558068,0.03569256319271592,1.9397759634632947,,1.9397759634632947
220,0,110,B[N93]_NiC_acet_1M KOH_ vs RHE B_05_CVA_C02.txt,312,0,312,1.0093571,1.5999393,-0.1537646505368137,0.1214083984054422,-0.015096828385288256,,-0.9151086510756419,-0.9151086510756419
221,0,110,B[N93]_NiC_acet_1M KOH_ vs RHE B_05_CVA_C02.txt,343,343,0,1.0000103,1.5910822,-0.007945838134494482,0.3463746946587252,0.03330095783180303,1.9330017601604896,,1.9330017601604896
222,0,111,B[N93]_NiC_acet_1M KOH_ vs RHE B_05_CVA_C02.txt,313,0,313,1.0098988,1.6000472,-0.1536605833074431,0.1236542109796339,-0.014606622864242882,,-0.9122156120384842,-0.9122156120384842
223,0,111,B[N93]_NiC_acet_1M KOH_ vs RHE B_05_CVA_C02.txt,337,337,0,0.99995136,1.590219,-0.008387220161426255,0.3515319606377476,0.034346071694780086,1.9266750462445474,,1.9266750462445474
224,0,112,B[N93]_NiC_acet_1M KOH_ vs RHE B_05_CVA_C02.txt,312,0,312,1.0087757,1.5999519,-0.1534785281898343,0.1381984992573657,-0.01491567218116629,,-0.9096555775413789,-0.9096555775413789
225,0,112,B[N93]_NiC_acet_1M KOH_ vs RHE B_05_CVA_C02.txt,338,338,0,0.99995118,1.5903233,-0.04297790676355362,0.3449529954917705,0.03403018467095616,1.9208849750212051,,1.9208849750212051
226,0,113,B[N93]_NiC_acet_1M KOH_ vs RHE B_05_CVA_C02.txt,313,0,313,1.0098988,1.6000091,-0.1540179948001015,0.1600187122821808,-0.014349760201835492,,-0.907963027670176,-0.907963027670176
227,0,113,B[N93]_NiC_acet_1M KOH_ vs RHE B_05_CVA_C02.txt,335,335,0,0.99999946,1.5908488,-0.007839807033956203,0.3493353725474589,0.033205192750223475,1.9287595888839573,,1.9287595888839573
228,0,114,B[N93]_NiC_acet_1M KOH_ vs RHE B_05_CVA_C02.txt,313,0,313,1.0080742,1.5999445,-0.1523081855200754,0.1234324102988478,-0.014965559932929558,,-0.9116971587257953,-0.9116971587257953
229,0,114,B[N93]_NiC_acet_1M KOH_ vs RHE B_05_CVA_C02.txt,339,339,0,0.99995118,1.5913471,-0.04312427714467049,0.3450902243181551,0.03329319724506111,1.930837282419461,,1.930837282419461
230,0,115,B[N93]_NiC_acet_1M KOH_ vs RHE B_05_CVA_C02.txt,313,0,313,1.0093089,1.6000172,-0.1526178375849394,0.156276598572731,-0.014379922868858938,,-0.907811207629427,-0.907811207629427
231,0,115,B[N93]_NiC_acet_1M KOH_ vs RHE B_05_CVA_C02.txt,340,340,0,0.99995136,1.591199,-0.007829433536985675,0.3531771780166002,0.0334675802445285,1.9369728863937263,,1.9369728863937263
232,0,116,B[N93]_NiC_acet_1M KOH_ vs RHE B_05_CVA_C02.txt,313,0,313,1.0087109,1.6000091,-0.1530140599795855,0.1395259352157945,-0.014493271561243156,,-0.9077462389293778,-0.9077462389293778
233,0,116,B[N93]_NiC_acet_1M KOH_ vs RHE B_05_CVA_C02.txt,340,340,0,0.99995136,1.5900402,-0.007613092107383722,0.3433743198490546,0.034644743287754666,1.9249156160853538,,1.9249156160853538
234,0,117,B[N93]_NiC_acet_1M KOH_ vs RHE B_05_CVA_C02.txt,313,0,313,1.0086989,1.5999551,-0.1525263227175599,0.1392780095338821,-0.01436119218794185,,-0.9031737065464917,-0.9031737065464917
235,0,117,B[N93]_NiC_acet_1M KOH_ vs RHE B_05_CVA_C02.txt,343,343,0,0.99995136,1.590999,-0.00868747199138431,0.3534940072526345,0.03331664398257928,1.9321472464074954,,1.9321472464074954
236,0,118,B[N93]_NiC_acet_1M KOH_ vs RHE B_05_CVA_C02.txt,312,0,312,1.0093751,1.5999585,-0.1504156488564319,0.1384749157088141,-0.014833452910789005,,-0.9027789512357715,-0.9027789512357715
237,0,118,B[N93]_NiC_acet_1M KOH_ vs RHE B_05_CVA_C02.txt,334,334,0,1.0000197,1.591432,-0.008169952021832044,0.3499103433767918,0.03486364934575627,1.942078839750821,,1.942078839750821
238,0,119,B[N93]_NiC_acet_1M KOH_ vs RHE B_05_CVA_C02.txt,312,0,312,1.009377,1.599978,-0.1521934394783748,0.1416923254728317,-0.014838920467118499,,-0.9052598866989496,-0.9052598866989496
239,0,119,B[N93]_NiC_acet_1M KOH_ vs RHE B_05_CVA_C02.txt,336,336,0,0.99995136,1.5905855,-0.008626096192074939,0.355913832133167,0.03573992942304053,1.9263541825301258,,1.9263541825301258
240,0,120,B[N93]_NiC_acet_1M KOH_ vs RHE B_05_CVA_C02.txt,313,0,313,1.0086989,1.6000491,-0.1502428835227063,0.1476753984994075,-0.01434951497531729,,-0.9045176145963686,-0.9045176145963686
241,0,120,B[N93]_NiC_acet_1M KOH_ vs RHE B_05_CVA_C02.txt,335,335,0,0.99999946,1.5910461,-0.02647572010755539,0.3487815261035848,0.03554787021586419,1.9360668892322204,,1.9360668892322204
242,0,121,B[N93]_NiC_acet_1M KOH_ vs RHE B_05_CVA_C02.txt,313,0,313,1.0093172,1.6000031,-0.1500061899743761,0.1665864884853363,-0.014029211188184634,,-0.8897228101731091,-0.8897228101731091
243,0,121,B[N93]_NiC_acet_1M KOH_ vs RHE B_05_CVA_C02.txt,334,334,0,0.99998426,1.5910461,-0.008812268702861142,0.3568826071122864,0.034620355018089424,1.9307439753284517,,1.9307439753284517
244,0,122,B[N93]_NiC_acet_1M KOH_ vs RHE B_05_CVA_C02.txt,313,0,313,1.0093172,1.5999992,-0.1512018862630655,0.1659819036722183,-0.014182974525381059,,-0.9005263798064764,-0.9005263798064764
245,0,122,B[N93]_NiC_acet_1M KOH_ vs RHE B_05_CVA_C02.txt,345,345,0,1.0000174,1.5910431,-0.008045203983783722,0.3570735490566825,0.03434117837033449,1.929541950462927,,1.929541950462927
246,0,123,B[N93]_NiC_acet_1M KOH_ vs RHE B_05_CVA_C02.txt,313,0,313,1.0087069,1.6000031,-0.1494325406619485,0.1411897421854993,-0.014139219107295936,,-0.8915930080191732,-0.8915930080191732
247,0,123,B[N93]_NiC_acet_1M KOH_ vs RHE B_05_CVA_C02.txt,343,343,0,1.0000074,1.591096,-0.02372641488909721,0.3590781243213632,0.03391727833882779,1.9309669974205295,,1.9309669974205295
248,0,124,B[N93]_NiC_acet_1M KOH_ vs RHE B_05_CVA_C02.txt,312,0,312,1.0081449,1.5999331,-0.1492551396350641,0.1250158078037202,-0.014818437639691954,,-0.9034450493642788,-0.9034450493642788
249,0,124,B[N93]_NiC_acet_1M KOH_ vs RHE B_05_CVA_C02.txt,343,343,0,1.0000091,1.5907727,-0.008727068988557912,0.3556620234158223,0.0347344649160599,1.9267608218606083,,1.9267608218606083
250,0,125,B[N93]_NiC_acet_1M KOH_ vs RHE B_05_CVA_C02.txt,313,0,313,1.0080829,1.5999752,-0.1488194005056355,0.1609213538467884,-0.0146725207186521,,-0.8999322256768958,-0.8999322256768958
251,0,125,B[N93]_NiC_acet_1M KOH_ vs RHE B_05_CVA_C02.txt,352,352,0,0.99995118,1.5910586,-0.04312427714467049,0.3579782454353575,0.033446857224672284,1.9254778289670225,,1.9254778289670225
252,0,126,B[N93]_NiC_acet_1M KOH_ vs RHE B_05_CVA_C02.txt,313,0,313,1.0093172,1.5999812,-0.1493074275234707,0.1445504851797794,-0.014322995242802105,,-0.9000530996365599,-0.9000530996365599
253,0,126,B[N93]_NiC_acet_1M KOH_ vs RHE B_05_CVA_C02.txt,347,347,0,1.0000174,1.5901983,-0.02592203952372074,0.3578682194340104,0.034628866371746544,1.9178486580701926,,1.9178486580701926
254,0,127,B[N93]_NiC_acet_1M KOH_ vs RHE B_05_CVA_C02.txt,313,0,313,1.0099049,1.6000173,-0.1497740023859346,0.1276124220179473,-0.014389063167993857,,-0.8993535865693923,-0.8993535865693923
255,0,127,B[N93]_NiC_acet_1M KOH_ vs RHE B_05_CVA_C02.txt,345,345,0,0.99995136,1.5902357,-0.00769776329881907,0.3612521663614965,0.03468452932487865,1.9340218693970004,,1.9340218693970004
256,0,128,B[N93]_NiC_acet_1M KOH_ vs RHE B_05_CVA_C02.txt,313,0,313,1.0098988,1.6000172,-0.1457991259502083,0.1389598101377487,-0.014233932739987165,,-0.89419434933138,-0.89419434933138
257,0,128,B[N93]_NiC_acet_1M KOH_ vs RHE B_05_CVA_C02.txt,343,343,0,0.99999952,1.5902689,-0.01980320919993455,0.3638834734598806,0.035028745323026425,1.9244704223233489,,1.9244704223233489
258,0,129,B[N93]_NiC_acet_1M KOH_ vs RHE B_05_CVA_C02.txt,313,0,313,1.009299,1.5999731,-0.1478792770713979,0.144802063703537,-0.014175840741236474,,-0.8924081297169822,-0.8924081297169822
259,0,129,B[N93]_NiC_acet_1M KOH_ vs RHE B_05_CVA_C02.txt,346,346,0,0.99999946,1.5913345,-0.02090074308216572,0.3640298679713609,0.03392120056963925,1.9336371159664223,,1.9336371159664223
260,0,130,B[N93]_NiC_acet_1M KOH_ vs RHE B_05_CVA_C02.txt,313,0,313,1.0093089,1.5999572,-0.1475509739815946,0.1293548196554184,-0.014301118458374439,,-0.8968389391771853,-0.8968389391771853
261,0,130,B[N93]_NiC_acet_1M KOH_ vs RHE B_05_CVA_C02.txt,336,336,0,0.99995136,1.5912436,-0.007682462959474612,0.3566652267310026,0.03519577161469212,1.9381263226236956,,1.9381263226236956
262,0,131,B[N93]_NiC_acet_1M KOH_ vs RHE B_05_CVA_C02.txt,313,0,313,1.0087049,1.6000491,-0.1474080977342554,0.1490148562700191,-0.014172609014311936,,-0.895116806046733,-0.895116806046733
263,0,131,B[N93]_NiC_acet_1M KOH_ vs RHE B_05_CVA_C02.txt,338,338,0,1.0000054,1.590976,-0.0240764431655407,0.3653521139501379,0.03355256802241724,1.9252846864856354,,1.9252846864856354
264,0,132,B[N93]_NiC_acet_1M KOH_ vs RHE B_05_CVA_C02.txt,312,0,312,1.0093601,1.5999508,-0.1485572015184831,0.1580389457941055,-0.01459356308618324,,-0.8921580768479637,-0.8921580768479637
265,0,132,B[N93]_NiC_acet_1M KOH_ vs RHE B_05_CVA_C02.txt,335,335,0,0.99996376,1.590109,-0.007584530469158322,0.3634443578414888,0.03566550252856698,1.9225245463757974,,1.9225245463757974
266,0,133,B[N93]_NiC_acet_1M KOH_ vs RHE B_05_CVA_C02.txt,313,0,313,1.009299,1.6000173,-0.1461939766473357,0.1293157962677272,-0.014323927842352096,,-0.8963060078675895,-0.8963060078675895
267,0,133,B[N93]_NiC_acet_1M KOH_ vs RHE B_05_CVA_C02.txt,343,343,0,0.99999946,1.5907261,-0.008719800971448421,0.3680124930203696,0.033739470865225045,1.9230765100762857,,1.9230765100762857
268,0,134,B[N93]_NiC_acet_1M KOH_ vs RHE B_05_CVA_C02.txt,313,0,313,1.009299,1.6000092,-0.1461782331404677,0.1602160185575485,-0.014151293063330288,,-0.8968585811573335,-0.8968585811573335
269,0,134,B[N93]_NiC_acet_1M KOH_ vs RHE B_05_CVA_C02.txt,341,341,0,0.99995118,1.5909523,-0.04338202625513077,0.3593912213995507,0.03284627993414258,1.9231406204349326,,1.9231406204349326
270,0,135,B[N93]_NiC_acet_1M KOH_ vs RHE B_05_CVA_C02.txt,313,0,313,1.0093009,1.5999612,-0.1463824778053449,0.1528121644388072,-0.014196629899146792,,-0.8958801178632168,-0.8958801178632168
271,0,135,B[N93]_NiC_acet_1M KOH_ vs RHE B_05_CVA_C02.txt,349,349,0,0.99995118,1.5915434,-0.03778795897960663,0.3635370090610812,0.03316388147288265,1.928306330402406,,1.928306330402406
272,0,136,B[N93]_NiC_acet_1M KOH_ vs RHE B_05_CVA_C02.txt,312,0,312,1.0081789,1.5999621,-0.145583389031166,0.1604484562811095,-0.014589041294961485,,-0.8916787740764398,-0.8916787740764398
273,0,136,B[N93]_NiC_acet_1M KOH_ vs RHE B_05_CVA_C02.txt,345,345,0,0.99995118,1.5907812,-0.03589144721627235,0.3683247851407054,0.033523873561300994,1.9196720084636567,,1.9196720084636567
274,0,137,B[N93]_NiC_acet_1M KOH_ vs RHE B_05_CVA_C02.txt,313,0,313,1.0093089,1.6000391,-0.1463596699326355,0.1291890719338602,-0.014319066710779016,,-0.8982141913050096,-0.8982141913050096
275,0,137,B[N93]_NiC_acet_1M KOH_ vs RHE B_05_CVA_C02.txt,335,335,0,0.99999952,1.5911671,-0.01092993643134833,0.3665853979405806,0.03479557779238993,1.9306622305680488,,1.9306622305680488
276,0,138,B[N93]_NiC_acet_1M KOH_ vs RHE B_05_CVA_C02.txt,312,0,312,1.0093732,1.5999542,-0.1451960822708254,0.1593114688344621,-0.014635861928636133,,-0.8953725948338016,-0.8953725948338016
277,0,138,B[N93]_NiC_acet_1M KOH_ vs RHE B_05_CVA_C02.txt,353,353,0,0.99995118,1.5914742,-0.04164144024252892,0.3674738736414549,0.03519273693125015,1.9264039852588648,,1.9264039852588648
278,0,139,B[N93]_NiC_acet_1M KOH_ vs RHE B_05_CVA_C02.txt,313,0,313,1.009907,1.5999792,-0.1453452826780506,0.157619446516037,-0.014176435432387337,,-0.8954329009339548,-0.8954329009339548
279,0,139,B[N93]_NiC_acet_1M KOH_ vs RHE B_05_CVA_C02.txt,342,342,0,0.99995136,1.5913261,-0.008796807225418937,0.3678600297030492,0.03426814671280965,1.9308749286531812,,1.9308749286531812
280,0,140,B[N93]_NiC_acet_1M KOH_ vs RHE B_05_CVA_C02.txt,312,0,312,1.0093771,1.599959,-0.1435103684458645,0.1610339397475831,-0.014558827356977447,,-0.8935197700346809,-0.8935197700346809
281,0,140,B[N93]_NiC_acet_1M KOH_ vs RHE B_05_CVA_C02.txt,345,345,0,0.99995118,1.5901387,-0.04167643934488297,0.3670732381249886,0.033797711621023505,1.9135338381865994,,1.9135338381865994
282,0,141,B[N93]_NiC_acet_1M KOH_ vs RHE B_05_CVA_C02.txt,313,0,313,1.0099109,1.5999871,-0.1429361961575566,0.1343437332821926,-0.014315892169240231,,-0.895442838032679,-0.895442838032679
283,0,141,B[N93]_NiC_acet_1M KOH_ vs RHE B_05_CVA_C02.txt,330,330,0,1.0000113,1.5904659,-0.02030251547694206,0.3714448897642262,0.03352789709548383,1.9226032833002926,,1.9226032833002926
284,0,142,B[N93]_NiC_acet_1M KOH_ vs RHE B_05_CVA_C02.txt,313,0,313,1.009299,1.6000332,-0.1438506379702631,0.1595413982868195,-0.014126760656998362,,-0.8955107571821769,-0.8955107571821769
285,0,142,B[N93]_NiC_acet_1M KOH_ vs RHE B_05_CVA_C02.txt,352,352,0,0.99995136,1.5900751,-0.00988893256654952,0.3675742460040977,0.03532040184150505,1.916676795631785,,1.916676795631785
286,0,143,B[N93]_NiC_acet_1M KOH_ vs RHE B_05_CVA_C02.txt,313,0,313,1.0093129,1.5999792,-0.1439632339141762,0.140379011631012,-0.01429499691763504,,-0.8967565715971064,-0.8967565715971064
287,0,143,B[N93]_NiC_acet_1M KOH_ vs RHE B_05_CVA_C02.txt,350,350,0,1.0000134,1.5900992,-0.008743121472349846,0.3649851892676681,0.033082746714342956,1.9145776584076504,,1.9145776584076504
288,0,144,B[N93]_NiC_acet_1M KOH_ vs RHE B_05_CVA_C02.txt,313,0,313,1.009299,1.5999551,-0.1428823495992668,0.1412699967622757,-0.014220261229825124,,-0.894616237697383,-0.894616237697383
289,0,144,B[N93]_NiC_acet_1M KOH_ vs RHE B_05_CVA_C02.txt,342,342,0,0.99999946,1.5908483,-0.007491010486344526,0.3744746906443961,0.03298580870448799,1.9273033460683673,,1.9273033460683673
290,0,145,B[N93]_NiC_acet_1M KOH_ vs RHE B_05_CVA_C02.txt,313,0,313,1.0093089,1.5999752,-0.1437629416036916,0.1338048577308655,-0.014265244417181152,,-0.8952257112564679,-0.8952257112564679
291,0,145,B[N93]_NiC_acet_1M KOH_ vs RHE B_05_CVA_C02.txt,334,334,0,1.0000094,1.5908301,-0.01969405022733239,0.3746527793358747,0.03401258108262283,1.9261189635484364,,1.9261189635484364
292,0,146,B[N93]_NiC_acet_1M KOH_ vs RHE B_05_CVA_C02.txt,313,0,313,1.0080829,1.5999694,-0.1432424653452684,0.1363229379057875,-0.01464009742800155,,-0.8946605940285401,-0.8946605940285401
293,0,146,B[N93]_NiC_acet_1M KOH_ vs RHE B_05_CVA_C02.txt,340,340,0,0.99998337,1.5902821,-0.009846252389252186,0.3671372279179117,0.035938420714575724,1.9205317072031105,,1.9205317072031105
294,0,147,B[N93]_NiC_acet_1M KOH_ vs RHE B_05_CVA_C02.txt,313,0,313,1.0093009,1.5999972,-0.1421512539875178,0.1424180133187253,-0.014250125716223375,,-0.8943231755365554,-0.8943231755365554
295,0,147,B[N93]_NiC_acet_1M KOH_ vs RHE B_05_CVA_C02.txt,329,329,0,1.0000014,1.591176,-0.01952387892600638,0.3734485833013177,0.0358568530842641,1.933796278254734,,1.933796278254734
296,0,148,B[N93]_NiC_acet_1M KOH_ vs RHE B_05_CVA_C02.txt,313,0,313,1.0098988,1.5999552,-0.1422103902662992,0.1302167318113472,-0.014208483891695989,,-0.8899315994598604,-0.8899315994598604
297,0,148,B[N93]_NiC_acet_1M KOH_ vs RHE B_05_CVA_C02.txt,335,335,0,0.99999952,1.5910233,-0.01951336471930794,0.3743040765996106,0.03564208087508638,1.9304825292741692,,1.9304825292741692
298,0,149,B[N93]_NiC_acet_1M KOH_ vs RHE B_05_CVA_C02.txt,312,0,312,1.009405,1.5999808,-0.1427715275664327,0.1424206167459487,-0.014626219073751487,,-0.8916366852082316,-0.8916366852082316
299,0,149,B[N93]_NiC_acet_1M KOH_ vs RHE B_05_CVA_C02.txt,340,340,0,1.0000055,1.5898933,-0.01943796305188342,0.3730453906494415,0.03407806872708239,1.9159173979330175,,1.9159173979330175
300,0,150,B[N93]_NiC_acet_1M KOH_ vs RHE B_05_CVA_C02.txt,313,0,313,1.009313,1.5999551,-0.143448228456287,0.1539565953223601,-0.014111290825497343,,-0.8907740017766019,-0.8907740017766019
301,0,150,B[N93]_NiC_acet_1M KOH_ vs RHE B_05_CVA_C02.txt,339,339,0,0.99995118,1.5909301,-0.0421760268509388,0.380698352930737,0.03427026262733279,1.9303298629297045,,1.9303298629297045
302,0,151,B[N93]_NiC_acet_1M KOH_ vs RHE B_05_CVA_C02.txt,312,0,312,1.0087651,1.5999622,-0.1422961308920665,0.1328927733396229,-0.014580672387495218,,-0.8917623293859915,-0.8917623293859915
303,0,151,B[N93]_NiC_acet_1M KOH_ vs RHE B_05_CVA_C02.txt,334,334,0,0.99996781,1.5913384,-0.01032481384981271,0.380068654900644,0.03419572259741879,1.9445279505802662,,1.9445279505802662
304,0,152,B[N93]_NiC_acet_1M KOH_ vs RHE B_05_CVA_C02.txt,313,0,313,1.0086989,1.5999551,-0.1406321867088032,0.1401180773973465,-0.014014739936358662,,-0.8844219952182912,-0.8844219952182912
305,0,152,B[N93]_NiC_acet_1M KOH_ vs RHE B_05_CVA_C02.txt,339,339,0,0.99999946,1.5915033,-0.00903800781816244,0.3753995692935002,0.033826235197573315,1.9474123417065086,,1.9474123417065086
306,0,153,B[N93]_NiC_acet_1M KOH_ vs RHE B_05_CVA_C02.txt,313,0,313,1.008713,1.5999612,-0.1406538203187838,0.1546912445970201,-0.013917643446132218,,-0.8809139129190156,-0.8809139129190156
307,0,153,B[N93]_NiC_acet_1M KOH_ vs RHE B_05_CVA_C02.txt,335,335,0,1.0000145,1.5899202,-0.01712442850111984,0.3810027195699459,0.03507896703505278,1.9279962339677723,,1.9279962339677723
308,0,154,B[N93]_NiC_acet_1M KOH_ vs RHE B_05_CVA_C02.txt,312,0,312,1.009353,1.5999402,-0.1413730789680314,0.1580891122420627,-0.014345737057439637,,-0.8773877822344054,-0.8773877822344054
309,0,154,B[N93]_NiC_acet_1M KOH_ vs RHE B_05_CVA_C02.txt,339,339,0,1.000007,1.5914383,-0.025569061715422,0.3817915636128953,0.03466811941775298,1.945812389505854,,1.945812389505854
310,0,155,B[N93]_NiC_acet_1M KOH_ vs RHE B_05_CVA_C02.txt,313,0,313,1.0087169,1.6000491,-0.1417697848103736,0.1384633928537369,-0.013979625976139947,,-0.8801149888911569,-0.8801149888911569
311,0,155,B[N93]_NiC_acet_1M KOH_ vs RHE B_05_CVA_C02.txt,338,338,0,1.0000175,1.591518,-0.02597931772470474,0.3798310135919765,0.03577687081813674,1.9525929644136621,,1.9525929644136621
312,0,156,B[N93]_NiC_acet_1M KOH_ vs RHE B_05_CVA_C02.txt,313,0,313,1.008703,1.5999771,-0.1405600793318418,0.1457821577787399,-0.014006678702149692,,-0.8816050774680383,-0.8816050774680383
313,0,156,B[N93]_NiC_acet_1M KOH_ vs RHE B_05_CVA_C02.txt,337,337,0,0.99997199,1.5906483,-0.007829838145924611,0.3782274075581693,0.034487914329633516,1.9382104905298874,,1.9382104905298874
314,0,157,B[N93]_NiC_acet_1M KOH_ vs RHE B_05_CVA_C02.txt,313,0,313,1.0087049,1.5999551,-0.1398266116913094,0.1556591407760329,-0.013923598462718314,,-0.8814828014491767,-0.8814828014491767
315,0,157,B[N93]_NiC_acet_1M KOH_ vs RHE B_05_CVA_C02.txt,341,341,0,1.0000054,1.5917152,-0.008580370179820718,0.3815138418604365,0.03632134715102055,1.9570313260656234,,1.9570313260656234
316,0,158,B[N93]_NiC_acet_1M KOH_ vs RHE B_05_CVA_C02.txt,312,0,312,1.0087773,1.5999629,-0.1404507566686317,0.1293719554863252,-0.01439792615867061,,-0.8774160660579725,-0.8774160660579725
317,0,158,B[N93]_NiC_acet_1M KOH_ vs RHE B_05_CVA_C02.txt,337,337,0,0.99997997,1.5907631,-0.007471248914127357,0.3831625506009706,0.034669700253947985,1.945362027766866,,1.945362027766866
318,0,159,B[N93]_NiC_acet_1M KOH_ vs RHE B_05_CVA_C02.txt,312,0,312,1.0093751,1.5999641,-0.1407491894141812,0.1300445066342413,-0.014431047424905877,,-0.8800932687955981,-0.8800932687955981
319,0,159,B[N93]_NiC_acet_1M KOH_ vs RHE B_05_CVA_C02.txt,339,339,0,0.99997538,1.5912254,-0.01975519768893719,0.3828804559864976,0.034589432287181233,1.9473012238814915,,1.9473012238814915
320,0,160,B[N93]_NiC_acet_1M KOH_ vs RHE B_05_CVA_C02.txt,312,0,312,1.0093172,1.5999173,-0.1400950875468483,0.1571216296132018,-0.01437561732554164,,-0.8801626155906007,-0.8801626155906007
321,0,160,B[N93]_NiC_acet_1M KOH_ vs RHE B_05_CVA_C02.txt,336,336,0,1.0000175,1.5913291,-0.02554019168019295,0.3845907553292109,0.03381133245927704,1.9518399918653424,,1.9518399918653424
322,0,161,B[N93]_NiC_acet_1M KOH_ vs RHE B_05_CVA_C02.txt,312,0,312,1.008777,1.599944,-0.1397022137916881,0.1304298349257026,-0.014454410530435866,,-0.8805356307805283,-0.8805356307805283
323,0,161,B[N93]_NiC_acet_1M KOH_ vs RHE B_05_CVA_C02.txt,331,331,0,0.99997741,1.5910501,-0.00834431778639555,0.3850415765965591,0.035073193371311207,1.952737983669688,,1.952737983669688
324,0,162,B[N93]_NiC_acet_1M KOH_ vs RHE B_05_CVA_C02.txt,313,0,313,1.0093029,1.5999551,-0.1394656135389102,0.1563136752532877,-0.01383746226666812,,-0.8784133901004187,-0.8784133901004187
325,0,162,B[N93]_NiC_acet_1M KOH_ vs RHE B_05_CVA_C02.txt,338,338,0,1.0000035,1.5909247,-0.01877415770381366,0.3810572721193042,0.03538340081986514,1.9502032999017096,,1.9502032999017096
326,0,163,B[N93]_NiC_acet_1M KOH_ vs RHE B_05_CVA_C02.txt,313,0,313,1.0093089,1.5999712,-0.1399039009710188,0.141173555313245,-0.013902889200373017,,-0.8752096202217052,-0.8752096202217052
327,0,163,B[N93]_NiC_acet_1M KOH_ vs RHE B_05_CVA_C02.txt,333,333,0,0.99995118,1.5901604,-0.03594554215669632,0.383141708679231,0.036689035038497096,1.9396975433931052,,1.9396975433931052
328,0,164,B[N93]_NiC_acet_1M KOH_ vs RHE B_05_CVA_C02.txt,313,0,313,1.0086989,1.5999612,-0.1383489038574321,0.1451330184936523,-0.013987219730465485,,-0.8802492388559473,-0.8802492388559473
329,0,164,B[N93]_NiC_acet_1M KOH_ vs RHE B_05_CVA_C02.txt,341,341,0,0.99999946,1.5904852,-0.012818300165236,0.3852452129184147,0.03322738866944368,1.9446023836949504,,1.9446023836949504
330,0,165,B[N93]_NiC_acet_1M KOH_ vs RHE B_05_CVA_C02.txt,313,0,313,1.009299,1.6000011,-0.1393689359359362,0.1664464771747589,-0.013845570512040913,,-0.8795049938374411,-0.8795049938374411
331,0,165,B[N93]_NiC_acet_1M KOH_ vs RHE B_05_CVA_C02.txt,338,338,0,0.99999946,1.5903732,-0.01743782866801864,0.3858600062052879,0.03524820161319834,1.9439345391895932,,1.9439345391895932
332,0,166,B[N93]_NiC_acet_1M KOH_ vs RHE B_05_CVA_C02.txt,313,0,313,1.0081071,1.5999832,-0.1390080792681521,0.1509943753480911,-0.013945407234189277,,-0.8799554119529372,-0.8799554119529372
333,0,166,B[N93]_NiC_acet_1M KOH_ vs RHE B_05_CVA_C02.txt,340,340,0,1.0000074,1.5916613,-0.007330395528887743,0.385508064380621,0.036376629264023505,1.9624048392320677,,1.9624048392320677
334,0,167,B[N93]_NiC_acet_1M KOH_ vs RHE B_05_CVA_C02.txt,312,0,312,1.0087152,1.5999037,-0.1385650982001616,0.1338132138674455,-0.014479633773328929,,-0.880152068556788,-0.880152068556788
335,0,167,B[N93]_NiC_acet_1M KOH_ vs RHE B_05_CVA_C02.txt,333,333,0,0.99995118,1.5910301,-0.03350808471441269,0.3898010111375712,0.03451500037162136,1.9518525554675625,,1.9518525554675625
336,0,168,B[N93]_NiC_acet_1M KOH_ vs RHE B_05_CVA_C02.txt,312,0,312,1.0093291,1.5999298,-0.1389242158231192,0.1316292392356053,-0.01441650717155024,,-0.8789405845190695,-0.8789405845190695
337,0,168,B[N93]_NiC_acet_1M KOH_ vs RHE B_05_CVA_C02.txt,337,337,0,1.000034,1.5899512,-0.02008386368730242,0.390333148191248,0.035367634906464746,1.9422012622189186,,1.9422012622189186
338,0,169,B[N93]_NiC_acet_1M KOH_ vs RHE B_05_CVA_C02.txt,312,0,312,1.009359,1.5999407,-0.1396926470811661,0.1340655865768592,-0.014415970315216393,,-0.8792017590373609,-0.8792017590373609
339,0,169,B[N93]_NiC_acet_1M KOH_ vs RHE B_05_CVA_C02.txt,337,337,0,1.0000298,1.5908074,-0.0137165976178949,0.385461546661654,0.03678812304821484,1.9497952639542475,,1.9497952639542475
340,0,170,B[N93]_NiC_acet_1M KOH_ vs RHE B_05_CVA_C02.txt,312,0,312,1.0093671,1.5999408,-0.1386319804039262,0.1505845248699189,-0.014359299035743001,,-0.8782840202423873,-0.8782840202423873
341,0,170,B[N93]_NiC_acet_1M KOH_ vs RHE B_05_CVA_C02.txt,338,338,0,0.99996996,1.590237,-0.01875686418751013,0.3884172325821922,0.03481324664236321,1.9486460127928498,,1.9486460127928498
342,0,171,B[N93]_NiC_acet_1M KOH_ vs RHE B_05_CVA_C02.txt,313,0,313,1.008085,1.5999526,-0.139517514800566,0.1480042971670628,-0.014353031365677405,,-0.8793827832414574,-0.8793827832414574
343,0,171,B[N93]_NiC_acet_1M KOH_ vs RHE B_05_CVA_C02.txt,352,352,0,0.99998546,1.5899392,-0.01915531219793079,0.3863486586569187,0.0337855421128567,1.9457198297846368,,1.9457198297846368
344,0,172,B[N93]_NiC_acet_1M KOH_ vs RHE B_05_CVA_C02.txt,313,0,313,1.0099089,1.5999793,-0.1377264372800782,0.1375432359459605,-0.013926647096044487,,-0.8752398375635615,-0.8752398375635615
345,0,172,B[N93]_NiC_acet_1M KOH_ vs RHE B_05_CVA_C02.txt,350,350,0,1.0000132,1.5903018,-0.01683505972323474,0.3909412508628582,0.035395677869147484,1.95150457626023,,1.95150457626023
346,0,173,B[N93]_NiC_acet_1M KOH_ vs RHE B_05_CVA_C02.txt,313,0,313,1.0098988,1.6000131,-0.137849478561954,0.1402358095283092,-0.013961823110497162,,-0.8766554461711696,-0.8766554461711696
347,0,173,B[N93]_NiC_acet_1M KOH_ vs RHE B_05_CVA_C02.txt,358,358,0,0.99999946,1.5903778,-0.007311610385532921,0.392697552618829,0.033943164158982145,1.9532335515991361,,1.9532335515991361
348,0,174,B[N93]_NiC_acet_1M KOH_ vs RHE B_05_CVA_C02.txt,313,0,313,1.0099109,1.6000053,-0.1382399360975688,0.1544182747602463,-0.013864421987416683,,-0.8767390660619769,-0.8767390660619769
349,0,174,B[N93]_NiC_acet_1M KOH_ vs RHE B_05_CVA_C02.txt,337,337,0,1.0000114,1.5914562,-0.01929947515220745,0.3881998447329051,0.036332207652535094,1.9678486044270742,,1.9678486044270742
350,0,175,B[N93]_NiC_acet_1M KOH_ vs RHE B_05_CVA_C02.txt,312,0,312,1.0087862,1.59995,-0.1377080185764523,0.1321027755599331,-0.014441979485224134,,-0.8777941592379394,-0.8777941592379394
351,0,175,B[N93]_NiC_acet_1M KOH_ vs RHE B_05_CVA_C02.txt,342,342,0,0.99998891,1.5905234,-0.03248982131481171,0.3919935590175125,0.03449366564851162,1.9577137279009014,,1.9577137279009014
352,0,176,B[N93]_NiC_acet_1M KOH_ vs RHE B_05_CVA_C02.txt,312,0,312,1.0093129,1.5999143,-0.1373962447941846,0.1356926286636395,-0.014443349620876922,,-0.8785795993755673,-0.8785795993755673
353,0,176,B[N93]_NiC_acet_1M KOH_ vs RHE B_05_CVA_C02.txt,335,335,0,1.0000433,1.5908873,-0.006990286361454046,0.3939043751842064,0.0343242948858712,1.9649711558259904,,1.9649711558259904
354,0,177,B[N93]_NiC_acet_1M KOH_ vs RHE B_05_CVA_C02.txt,313,0,313,1.0086989,1.6000011,-0.1377607273802792,0.166567400097847,-0.013745451715843283,,-0.8767284844208048,-0.8767284844208048
355,0,177,B[N93]_NiC_acet_1M KOH_ vs RHE B_05_CVA_C02.txt,338,338,0,0.99999946,1.5916244,-0.008586155250668526,0.3900340838097907,0.03545703621912261,1.9710287378573743,,1.9710287378573743
356,0,178,B[N93]_NiC_acet_1M KOH_ vs RHE B_05_CVA_C02.txt,313,0,313,1.0093069,1.6000252,-0.1370548780822582,0.1606289769740814,-0.013818536430936681,,-0.876506503756785,-0.876506503756785
357,0,178,B[N93]_NiC_acet_1M KOH_ vs RHE B_05_CVA_C02.txt,334,334,0,0.99995136,1.590264,-0.007181351079727859,0.3937300698549588,0.033951059331111706,1.958500683105659,,1.958500683105659
358,0,179,B[N93]_NiC_acet_1M KOH_ vs RHE B_05_CVA_C02.txt,313,0,313,1.0086989,1.6000191,-0.1376070332887909,0.1607951372861862,-0.01376200129001306,,-0.8767776857567635,-0.8767776857567635
359,0,179,B[N93]_NiC_acet_1M KOH_ vs RHE B_05_CVA_C02.txt,337,337,0,0.99999934,1.5908012,-0.03080969303846359,0.3929552181579288,0.03523843556993599,1.9666282440818665,,1.9666282440818665
360,0,180,B[N93]_NiC_acet_1M KOH_ vs RHE B_05_CVA_C02.txt,313,0,313,1.009305,1.6000072,-0.1366172910737125,0.1731924563646317,-0.01373870564915256,,-0.8751887469208224,-0.8751887469208224
361,0,180,B[N93]_NiC_acet_1M KOH_ vs RHE B_05_CVA_C02.txt,332,332,0,1.0000055,1.5899283,-0.01910370733062536,0.397765420855265,0.03553444232954845,1.9570295955386876,,1.9570295955386876
362,0,181,B[N93]_NiC_acet_1M KOH_ vs RHE B_05_CVA_C02.txt,313,0,313,1.0093089,1.5999732,-0.1375354234055058,0.1647345274686813,-0.013699911424418188,,-0.8726069624521824,-0.8726069624521824
363,0,181,B[N93]_NiC_acet_1M KOH_ vs RHE B_05_CVA_C02.txt,338,338,0,0.99995118,1.5913711,-0.03600282222032547,0.3977065665180174,0.034576828701374476,1.973189830903194,,1.973189830903194
364,0,182,B[N93]_NiC_acet_1M KOH_ vs RHE B_05_CVA_C02.txt,313,0,313,1.0093089,1.5999751,-0.1369645920072236,0.1556338369846344,-0.013772296286234163,,-0.8745804916820638,-0.8745804916820638
365,0,182,B[N93]_NiC_acet_1M KOH_ vs RHE B_05_CVA_C02.txt,337,337,0,0.99995118,1.5905824,-0.03697334975004196,0.3943388036856419,0.036065186028318263,1.9633116042704273,,1.9633116042704273
366,0,183,B[N93]_NiC_acet_1M KOH_ vs RHE B_05_CVA_C02.txt,313,0,313,1.0093089,1.5999591,-0.1362218834647659,0.1553449481725693,-0.013879939073798407,,-0.8778744044020796,-0.8778744044020796
367,0,183,B[N93]_NiC_acet_1M KOH_ vs RHE B_05_CVA_C02.txt,345,345,0,1.0000094,1.5899699,-0.01899939165045711,0.3940226861646048,0.0354683771018888,1.952720161500035,,1.952720161500035
368,0,184,B[N93]_NiC_acet_1M KOH_ vs RHE B_05_CVA_C02.txt,313,0,313,1.0093029,1.5999812,-0.1376428951294999,0.1509142650858215,-0.013923773783392148,,-0.8775608486235263,-0.8775608486235263
369,0,184,B[N93]_NiC_acet_1M KOH_ vs RHE B_05_CVA_C02.txt,329,329,0,1.0000033,1.5899137,-0.008567063137888908,0.3954977013879075,0.0362736844187624,1.9625629613908395,,1.9625629613908395
370,0,185,B[N93]_NiC_acet_1M KOH_ vs RHE B_05_CVA_C02.txt,313,0,313,1.0093582,1.5999181,-0.1381409282223078,0.1586413337361243,-0.013784846379939158,,-0.8744004776659211,-0.8744004776659211
371,0,185,B[N93]_NiC_acet_1M KOH_ vs RHE B_05_CVA_C02.txt,338,338,0,0.99996102,1.5915347,-0.008057931438088417,0.396643800822944,0.0357462670447684,1.9825326606797868,,1.9825326606797868
372,0,186,B[N93]_NiC_acet_1M KOH_ vs RHE B_05_CVA_C02.txt,312,0,312,1.0081509,1.5999321,-0.1368010206824321,0.1342680906074957,-0.01440004202556342,,-0.8789588467002318,-0.8789588467002318
373,0,186,B[N93]_NiC_acet_1M KOH_ vs RHE B_05_CVA_C02.txt,347,347,0,0.99995136,1.5906557,-0.009178321533926975,0.3962131174398746,0.03575653966025849,1.975253321711338,,1.975253321711338
374,0,187,B[N93]_NiC_acet_1M KOH_ vs RHE B_05_CVA_C02.txt,312,0,312,1.009321,1.5999111,-0.1369152388154176,0.1597252389924093,-0.014313314291585789,,-0.8761692369504109,-0.8761692369504109
375,0,187,B[N93]_NiC_acet_1M KOH_ vs RHE B_05_CVA_C02.txt,336,336,0,1.0000215,1.5906299,-0.01807285842242772,0.4000077431853244,0.03409670599934035,1.9697355610064438,,1.9697355610064438
376,0,188,B[N93]_NiC_acet_1M KOH_ vs RHE B_05_CVA_C02.txt,313,0,313,1.009299,1.5999912,-0.136407900986558,0.1499633938074112,-0.013876047299113656,,-0.8773134105565787,-0.8773134105565787
377,0,188,B[N93]_NiC_acet_1M KOH_ vs RHE B_05_CVA_C02.txt,341,341,0,0.99995136,1.5913709,-0.008817130575757462,0.3975152227057812,0.03582915284230165,1.9829461742400478,,1.9829461742400478
378,0,189,B[N93]_NiC_acet_1M KOH_ vs RHE B_05_CVA_C02.txt,313,0,313,1.0093089,1.6000333,-0.1368776757522929,0.1755090057849884,-0.013731452959838932,,-0.8755976348270129,-0.8755976348270129
379,0,189,B[N93]_NiC_acet_1M KOH_ vs RHE B_05_CVA_C02.txt,342,342,0,1.0000093,1.5911889,-0.00842854643281063,0.3935172410402989,0.03587016097712144,1.9834531468595453,,1.9834531468595453
380,0,190,B[N93]_NiC_acet_1M KOH_ vs RHE B_05_CVA_C02.txt,312,0,312,1.009393,1.5999796,-0.1370586803531748,0.1500321120023727,-0.014335669540188025,,-0.8762793395392556,-0.8762793395392556
381,0,190,B[N93]_NiC_acet_1M KOH_ vs RHE B_05_CVA_C02.txt,348,348,0,0.99995118,1.5913763,-0.04151415452361107,0.3991810593100054,0.03496514184767453,1.9833971258137604,,1.9833971258137604
382,0,191,B[N93]_NiC_acet_1M KOH_ vs RHE B_05_CVA_C02.txt,313,0,313,1.0093029,1.5999792,-0.1365411281731552,0.1491996943950653,-0.013916045034845092,,-0.8794296229432709,-0.8794296229432709
383,0,191,B[N93]_NiC_acet_1M KOH_ vs RHE B_05_CVA_C02.txt,337,337,0,0.99995136,1.5899463,-0.007413102521066917,0.3995751614107084,0.03642191167375978,1.9720116637244267,,1.9720116637244267
384,0,192,B[N93]_NiC_acet_1M KOH_ vs RHE B_05_CVA_C02.txt,312,0,312,1.0086989,1.5998994,-0.1360279004852059,0.1374919678270816,-0.014433636784199476,,-0.8790245138729826,-0.8790245138729826
385,0,192,B[N93]_NiC_acet_1M KOH_ vs RHE B_05_CVA_C02.txt,346,346,0,0.99999952,1.5904049,-0.01983793266117573,0.4036454903724129,0.03425684886650668,1.971556224562705,,1.971556224562705
386,0,193,B[N93]_NiC_acet_1M KOH_ vs RHE B_05_CVA_C02.txt,312,0,312,1.0093271,1.5999209,-0.1368134216082719,0.1356370991095899,-0.014403322047914665,,-0.8817639226326912,-0.8817639226326912
387,0,193,B[N93]_NiC_acet_1M KOH_ vs RHE B_05_CVA_C02.txt,343,343,0,1.0000273,1.591411,-0.01649441618634312,0.4059191183863113,0.03639051562094058,1.9911817819146926,,1.9911817819146926
388,0,194,B[N93]_NiC_acet_1M KOH_ vs RHE B_05_CVA_C02.txt,312,0,312,1.009299,1.5999006,-0.1369120644260904,0.1584930983185768,-0.01435801479441376,,-0.8805057091540958,-0.8805057091540958
389,0,194,B[N93]_NiC_acet_1M KOH_ vs RHE B_05_CVA_C02.txt,352,352,0,0.99999946,1.5911199,-0.008077024482190609,0.4044641821283859,0.035194244961179746,1.98792687232728,,1.98792687232728
390,0,195,B[N93]_NiC_acet_1M KOH_ vs RHE B_05_CVA_C02.txt,314,0,314,1.0080149,1.6000272,-0.1368551261713318,0.1755853742361069,-0.01377457235524997,,-0.8810255980640598,-0.8810255980640598
391,0,195,B[N93]_NiC_acet_1M KOH_ vs RHE B_05_CVA_C02.txt,343,343,0,1.0000155,1.5900909,-0.01794170221799742,0.4068475747382774,0.036752570371543954,1.972664246816652,,1.972664246816652
392,0,196,B[N93]_NiC_acet_1M KOH_ vs RHE B_05_CVA_C02.txt,313,0,313,1.009299,1.6000253,-0.1370998126965808,0.1768963783979416,-0.013772268935530126,,-0.8792196337435254,-0.8792196337435254
393,0,196,B[N93]_NiC_acet_1M KOH_ vs RHE B_05_CVA_C02.txt,335,335,0,0.99995136,1.5914943,-0.008674381230310148,0.404633959636314,0.035454955907972284,1.993784732977743,,1.993784732977743
394,0,197,B[N93]_NiC_acet_1M KOH_ vs RHE B_05_CVA_C02.txt,313,0,313,1.0098988,1.6000011,-0.1360946157429774,0.1546560367371174,-0.01394600639034713,,-0.8805762440069135,-0.8805762440069135
395,0,197,B[N93]_NiC_acet_1M KOH_ vs RHE B_05_CVA_C02.txt,345,345,0,0.99995136,1.5904552,-0.008374081149205168,0.3999279343027116,0.036388644952982885,1.9789794988214404,,1.9789794988214404
396,0,198,B[N93]_NiC_acet_1M KOH_ vs RHE B_05_CVA_C02.txt,313,0,313,1.0098988,1.5999852,-0.1364895991805439,0.1593750984124513,-0.013918197581486602,,-0.8810909827179384,-0.8810909827179384
397,0,198,B[N93]_NiC_acet_1M KOH_ vs RHE B_05_CVA_C02.txt,343,343,0,0.99999946,1.5915959,-0.01663511781573662,0.4005352350673377,0.03448251181603078,1.9956696806501055,,1.9956696806501055
398,0,199,B[N93]_NiC_acet_1M KOH_ vs RHE B_05_CVA_C02.txt,312,0,312,1.0087152,1.5999125,-0.1368552481888086,0.1363205726851116,-0.014507293865225649,,-0.883548103206881,-0.883548103206881
399,0,199,B[N93]_NiC_acet_1M KOH_ vs RHE B_05_CVA_C02.txt,348,348,0,1.0000155,1.5904946,-0.0185602346950389,0.3980573804629222,0.03601758613672141,1.9775398139403013,,1.9775398139403013
400,0,200,B[N93]_NiC_acet_1M KOH_ vs RHE B_05_CVA_C02.txt,313,0,313,1.009315,1.6000233,-0.1366929849134523,0.1604185441265935,-0.013920006376187248,,-0.8850272811040771,-0.8850272811040771
401,0,201,B[N93]_NiC_acet_1M KOH_ vs RHE B_05_CVA_C02.txt,342,342,0,0.99995118,1.5902443,-0.04934203624725342,0.42768184066315,0.03821671574155125,2.091706436950649,,2.091706436950649
402,0,201,B[N93]_NiC_acet_1M KOH_ vs RHE B_05_CVA_C02.txt,312,0,312,1.009353,1.5999399,-0.1369907305839377,0.1479094674189887,-0.013049736031445488,,-0.7998150914753824,-0.7998150914753824
403,0,201,B[N93]_NiC_acet_1M KOH_ vs RHE B_05_CVA_C02.txt,348,348,0,0.99995345,1.5909193,-0.03302440792322159,0.4121776633093699,0.038688122610043944,2.0522415867500197,,2.0522415867500197
404,0,202,B[N93]_NiC_acet_1M KOH_ vs RHE B_05_CVA_C02.txt,313,0,313,1.008029,1.5999261,-0.1373017131858422,0.1721487335256628,-0.013079147905051158,,-0.8075253732823031,-0.8075253732823031
405,0,202,B[N93]_NiC_acet_1M KOH_ vs RHE B_05_CVA_C02.txt,337,337,0,0.99998218,1.5908211,-0.008241335583010684,0.412540307371132,0.0365797248918318,2.05178632500267,,2.05178632500267
406,0,203,B[N93]_NiC_acet_1M KOH_ vs RHE B_05_CVA_C02.txt,312,0,312,1.009305,1.5999054,-0.135781240200556,0.1683429768110843,-0.013150998683821543,,-0.8085832926506712,-0.8085832926506712
407,0,203,B[N93]_NiC_acet_1M KOH_ vs RHE B_05_CVA_C02.txt,347,347,0,1.0000054,1.5908279,-0.007917921058833599,0.4107174603225161,0.036741155099293196,2.054362971103886,,2.054362971103886
408,0,204,B[N93]_NiC_acet_1M KOH_ vs RHE B_05_CVA_C02.txt,313,0,313,1.0093029,1.5999893,-0.1369753224427326,0.1573571118971576,-0.012668473096043766,,-0.8074780116553248,-0.8074780116553248
409,0,204,B[N93]_NiC_acet_1M KOH_ vs RHE B_05_CVA_C02.txt,333,333,0,1.0000035,1.5915351,-0.01858281910055034,0.4126322913964571,0.03918614506251166,2.0645225448633004,,2.0645225448633004
410,0,205,B[N93]_NiC_acet_1M KOH_ vs RHE B_05_CVA_C02.txt,312,0,312,1.009393,1.5999948,-0.1367725393449746,0.1571590900421143,-0.013178119322212826,,-0.8094923106689229,-0.8094923106689229
411,0,205,B[N93]_NiC_acet_1M KOH_ vs RHE B_05_CVA_C02.txt,340,340,0,0.99999338,1.5912924,-0.01684056924853433,0.4098266801139321,0.03773581374721472,2.06418508955051,,2.06418508955051
412,0,206,B[N93]_NiC_acet_1M KOH_ vs RHE B_05_CVA_C02.txt,312,0,312,1.0082089,1.6000012,-0.1370804359787052,0.1755853742361069,-0.012608621028019176,,-0.8116305986365,-0.8116305986365
413,0,206,B[N93]_NiC_acet_1M KOH_ vs RHE B_05_CVA_C02.txt,334,334,0,1.0000093,1.5904284,-0.008640276172737486,0.4124296813642836,0.04004432888935992,2.049526527077578,,2.049526527077578
414,0,207,B[N93]_NiC_acet_1M KOH_ vs RHE B_05_CVA_C02.txt,313,0,313,1.0086989,1.5999932,-0.1366759555644942,0.1543185257393381,-0.012810186987656154,,-0.8130391998040455,-0.8130391998040455
415,0,207,B[N93]_NiC_acet_1M KOH_ vs RHE B_05_CVA_C02.txt,342,342,0,0.99995118,1.5914811,-0.03725337237119675,0.4092531665280656,0.03812475259517662,2.063148430318867,,2.063148430318867
416,0,208,B[N93]_NiC_acet_1M KOH_ vs RHE B_05_CVA_C02.txt,313,0,313,1.0093111,1.5999672,-0.1364811163850113,0.1519299000501633,-0.012720298664141814,,-0.8132616926357107,-0.8132616926357107
417,0,208,B[N93]_NiC_acet_1M KOH_ vs RHE B_05_CVA_C02.txt,341,341,0,1.0000114,1.5899339,-0.01865116272972006,0.4129330793083061,0.037882649994819995,2.044961282720396,,2.044961282720396
418,0,209,B[N93]_NiC_acet_1M KOH_ vs RHE B_05_CVA_C02.txt,313,0,313,1.0087109,1.6000391,-0.1349186143783557,0.1501068521452984,-0.012733166875188577,,-0.8131525672679081,-0.8131525672679081
419,0,209,B[N93]_NiC_acet_1M KOH_ vs RHE B_05_CVA_C02.txt,339,339,0,1.0000113,1.5904399,-0.00715322578509113,0.4097828632199327,0.03837243526998194,2.053796060481074,,2.053796060481074
420,0,210,B[N93]_NiC_acet_1M KOH_ vs RHE B_05_CVA_C02.txt,313,0,313,1.0086989,1.5999533,-0.1359930001406571,0.1720434579512347,-0.012646226371459613,,-0.8126181243383677,-0.8126181243383677
421,0,210,B[N93]_NiC_acet_1M KOH_ vs RHE B_05_CVA_C02.txt,348,348,0,0.99999952,1.590379,-0.01871473388746381,0.4136233455570455,0.03881666082755628,2.0537889194938326,,2.0537889194938326
422,0,211,B[N93]_NiC_acet_1M KOH_ vs RHE B_05_CVA_C02.txt,313,0,313,1.009315,1.5999873,-0.136751083444405,0.1665404118273568,-0.01271619671737056,,-0.8132648328769787,-0.8132648328769787
423,0,211,B[N93]_NiC_acet_1M KOH_ vs RHE B_05_CVA_C02.txt,365,365,0,1.0000154,1.5913303,-0.01257646270096302,0.4160413550719193,0.036320059627880145,2.069346745318908,,2.069346745318908
424,0,212,B[N93]_NiC_acet_1M KOH_ vs RHE B_05_CVA_C02.txt,313,0,313,1.008111,1.5999693,-0.1376847275375912,0.1552481094132299,-0.012773155457931059,,-0.8144072752595761,-0.8144072752595761
425,0,212,B[N93]_NiC_acet_1M KOH_ vs RHE B_05_CVA_C02.txt,371,371,0,1.0000114,1.5912458,-0.02989325858652592,0.4117323460284383,0.035990012160659036,2.0621998917298465,,2.0621998917298465
426,0,213,B[N93]_NiC_acet_1M KOH_ vs RHE B_05_CVA_C02.txt,313,0,313,1.008713,1.5999932,-0.1361535682782922,0.1848197132349014,-0.01258024119970743,,-0.8125558172520018,-0.8125558172520018
427,0,213,B[N93]_NiC_acet_1M KOH_ vs RHE B_05_CVA_C02.txt,368,368,0,1.0000135,1.590199,-0.01732071854689338,0.4167830137340056,0.03755816102690945,2.054273440633135,,2.054273440633135
428,0,214,B[N93]_NiC_acet_1M KOH_ vs RHE B_05_CVA_C02.txt,313,0,313,1.0093089,1.6000111,-0.1344505719050841,0.179556593298912,-0.012616902259988814,,-0.811146894143788,-0.811146894143788
429,0,214,B[N93]_NiC_acet_1M KOH_ vs RHE B_05_CVA_C02.txt,360,360,0,0.99995136,1.5899779,-0.008614715130135953,0.4129234426160853,0.03714408899071303,2.0583240620213865,,2.0583240620213865
430,0,215,B[N93]_NiC_acet_1M KOH_ vs RHE B_05_CVA_C02.txt,313,0,313,1.009315,1.5999752,-0.1357691100539107,0.1758081018924713,-0.0126275727083738,,-0.8122680556914992,-0.8122680556914992
431,0,215,B[N93]_NiC_acet_1M KOH_ vs RHE B_05_CVA_C02.txt,353,353,0,1.0000154,1.5902292,-0.007830981091738763,0.4092351660226923,0.03771960241669264,2.060179893129196,,2.060179893129196
432,0,216,B[N93]_NiC_acet_1M KOH_ vs RHE B_05_CVA_C02.txt,312,0,312,1.0087711,1.5999492,-0.1357909632752952,0.1474551451392476,-0.01328523265849629,,-0.8159739555865329,-0.8159739555865329
433,0,216,B[N93]_NiC_acet_1M KOH_ vs RHE B_05_CVA_C02.txt,360,360,0,0.99995118,1.590415,-0.03989766910672188,0.4200571140990341,0.036542493296425005,2.062199994122752,,2.062199994122752
434,0,217,B[N93]_NiC_acet_1M KOH_ vs RHE B_05_CVA_C02.txt,312,0,312,1.009305,1.5999061,-0.1371387684362926,0.1535392067533858,-0.013246982913154702,,-0.8159293119088864,-0.8159293119088864
435,0,217,B[N93]_NiC_acet_1M KOH_ vs RHE B_05_CVA_C02.txt,352,352,0,1.0000055,1.5915176,-0.01821508269716541,0.4143887680761189,0.0383913370253888,2.078735617527555,,2.078735617527555
436,0,218,B[N93]_NiC_acet_1M KOH_ vs RHE B_05_CVA_C02.txt,313,0,313,1.009299,1.5999652,-0.1369361001811039,0.1643625089655751,-0.012712814519486233,,-0.8143340642620521,-0.8143340642620521
437,0,218,B[N93]_NiC_acet_1M KOH_ vs RHE B_05_CVA_C02.txt,357,357,0,0.99999946,1.590414,-0.01762778443061624,0.4188595140550258,0.03659174189881369,2.066955889326998,,2.066955889326998
438,0,219,B[N93]_NiC_acet_1M KOH_ vs RHE B_05_CVA_C02.txt,313,0,313,1.009299,1.5999793,-0.1366305498392886,0.1734861692656637,-0.012701871743266098,,-0.8153527421540218,-0.8153527421540218
439,0,219,B[N93]_NiC_acet_1M KOH_ vs RHE B_05_CVA_C02.txt,352,352,0,0.99999946,1.591131,-0.01024669948358012,0.4130207022324885,0.038057979148716364,2.0777164477328554,,2.0777164477328554
440,0,220,B[N93]_NiC_acet_1M KOH_ vs RHE B_05_CVA_C02.txt,313,0,313,1.0098988,1.5999533,-0.1359179644265458,0.1607187688350677,-0.012765565708530659,,-0.8157249139228795,-0.8157249139228795
441,0,220,B[N93]_NiC_acet_1M KOH_ vs RHE B_05_CVA_C02.txt,336,336,0,0.99999952,1.5905942,-0.01827042184405677,0.4202124096767701,0.03835202615272828,2.0703222591550237,,2.0703222591550237
442,0,221,B[N93]_NiC_acet_1M KOH_ vs RHE B_05_CVA_C02.txt,313,0,313,1.009315,1.6000053,-0.1368708353193506,0.1603229356848676,-0.012742273732731967,,-0.8161385088408198,-0.8161385088408198
443,0,221,B[N93]_NiC_acet_1M KOH_ vs RHE B_05_CVA_C02.txt,348,348,0,1.0000154,1.5903109,-0.01596397925142969,0.4216795736912955,0.03775489318751292,2.06869714959543,,2.06869714959543
444,0,222,B[N93]_NiC_acet_1M KOH_ vs RHE B_05_CVA_C02.txt,313,0,313,1.0098988,1.5999513,-0.1366525875954721,0.1761199682950974,-0.012752725331562915,,-0.8186030097566974,-0.8186030097566974
445,0,222,B[N93]_NiC_acet_1M KOH_ vs RHE B_05_CVA_C02.txt,342,342,0,0.99999952,1.5909611,-0.01872947026530039,0.4170132767547585,0.036936399234789176,2.0761651724442594,,2.0761651724442594
446,0,223,B[N93]_NiC_acet_1M KOH_ vs RHE B_05_CVA_C02.txt,313,0,313,1.0099109,1.5999652,-0.1368145050777821,0.1614251881837845,-0.012815789731811278,,-0.8190368173926731,-0.8190368173926731
447,0,223,B[N93]_NiC_acet_1M KOH_ vs RHE B_05_CVA_C02.txt,348,348,0,1.0000114,1.5915041,-0.0209962036460638,0.4180970881176123,0.03759958184097698,2.085475718558764,,2.085475718558764
448,0,224,B[N93]_NiC_acet_1M KOH_ vs RHE B_05_CVA_C02.txt,313,0,313,1.0098988,1.6000131,-0.1357672522352734,0.1929530799388886,-0.01260323749337793,,-0.8150287602010255,-0.8150287602010255
449,0,224,B[N93]_NiC_acet_1M KOH_ vs RHE B_05_CVA_C02.txt,344,344,0,0.99999946,1.5900813,-0.009566230699419975,0.4174565336344136,0.03762322889812469,2.0706124555160237,,2.0706124555160237
450,0,225,B[N93]_NiC_acet_1M KOH_ vs RHE B_05_CVA_C02.txt,313,0,313,1.009299,1.6000391,-0.1362783263176546,0.1580487298576725,-0.012819381139350532,,-0.8187698403925046,-0.8187698403925046
451,0,225,B[N93]_NiC_acet_1M KOH_ vs RHE B_05_CVA_C02.txt,353,353,0,0.99999952,1.590116,-0.01838290103225282,0.4203659992501612,0.038757942058278844,2.0691131832831413,,2.0691131832831413
452,0,226,B[N93]_NiC_acet_1M KOH_ vs RHE B_05_CVA_C02.txt,313,0,313,1.009315,1.6000332,-0.1361368781540406,0.1534052925541046,-0.012898308570890296,,-0.8206014048425313,-0.8206014048425313
453,0,226,B[N93]_NiC_acet_1M KOH_ vs RHE B_05_CVA_C02.txt,353,353,0,1.0000155,1.5914061,-0.02982961572706699,0.4188927417460607,0.03767506237718047,2.0886505786856753,,2.0886505786856753
454,0,227,B[N93]_NiC_acet_1M KOH_ vs RHE B_05_CVA_C02.txt,313,0,313,1.009299,1.6000131,-0.1362108572430601,0.1888482123613358,-0.012739077429412871,,-0.8235754478836818,-0.8235754478836818
455,0,227,B[N93]_NiC_acet_1M KOH_ vs RHE B_05_CVA_C02.txt,359,359,0,0.99995118,1.5904119,-0.04117049276828766,0.4247717834553955,0.036878986294470784,2.076861902660787,,2.076861902660787
456,0,228,B[N93]_NiC_acet_1M KOH_ vs RHE B_05_CVA_C02.txt,313,0,313,1.0093149,1.6000372,-0.1360176527057866,0.1568707535241511,-0.012955314644515723,,-0.8238716893742561,-0.8238716893742561
457,0,228,B[N93]_NiC_acet_1M KOH_ vs RHE B_05_CVA_C02.txt,367,367,0,0.99995136,1.59128,-0.008000703677190649,0.4252811855194221,0.03627774646492581,2.08765611962926,,2.08765611962926
458,0,229,B[N93]_NiC_acet_1M KOH_ vs RHE B_05_CVA_C02.txt,313,0,313,1.009299,1.6000352,-0.1370345956663882,0.1585182949252748,-0.012912330040405751,,-0.8239104426951444,-0.8239104426951444
459,0,229,B[N93]_NiC_acet_1M KOH_ vs RHE B_05_CVA_C02.txt,332,332,0,0.99995118,1.5899422,-0.04061681032180786,0.4152014538606411,0.03589383702841451,2.072902793109151,,2.072902793109151
460,0,230,B[N93]_NiC_acet_1M KOH_ vs RHE B_05_CVA_C02.txt,313,0,313,1.009903,1.5999513,-0.1371977314174274,0.1636271774768829,-0.012900859582953493,,-0.824641046019496,-0.824641046019496
461,0,230,B[N93]_NiC_acet_1M KOH_ vs RHE B_05_CVA_C02.txt,366,366,0,1.0000033,1.590768,-0.019303347915411,0.4202647043333805,0.03619865216758185,2.0802137153554416,,2.0802137153554416
462,0,231,B[N93]_NiC_acet_1M KOH_ vs RHE B_05_CVA_C02.txt,313,0,313,1.008713,1.6000271,-0.1363983944414726,0.1585084808909375,-0.012906282174326565,,-0.8236375575800123,-0.8236375575800123
463,0,231,B[N93]_NiC_acet_1M KOH_ vs RHE B_05_CVA_C02.txt,349,349,0,1.0000134,1.590006,-0.007326057646423578,0.4197402801990746,0.03776381102146874,2.0755492429904594,,2.0755492429904594
464,0,232,B[N93]_NiC_acet_1M KOH_ vs RHE B_05_CVA_C02.txt,313,0,313,1.0087169,1.5999992,-0.135724333954323,0.1896437257528305,-0.012739300533340395,,-0.8243680198552756,-0.8243680198552756
465,0,232,B[N93]_NiC_acet_1M KOH_ vs RHE B_05_CVA_C02.txt,345,345,0,1.000026,1.5907904,-0.02044286223520575,0.4245110990533139,0.03804386148707032,2.0867175145178067,,2.0867175145178067
466,0,233,B[N93]_NiC_acet_1M KOH_ vs RHE B_05_CVA_C02.txt,313,0,313,1.0093089,1.5999972,-0.1370634439964969,0.1785065084695816,-0.012790988528396278,,-0.8251987870359598,-0.8251987870359598
467,0,233,B[N93]_NiC_acet_1M KOH_ vs RHE B_05_CVA_C02.txt,339,339,0,1.0000093,1.5903903,-0.01346107758581638,0.4275829652327925,0.0389252670076618,2.083335718941101,,2.083335718941101
468,0,234,B[N93]_NiC_acet_1M KOH_ vs RHE B_05_CVA_C02.txt,313,0,313,1.0080868,1.5999883,-0.137373939675218,0.1663064633806546,-0.013418143963055575,,-0.8273750387213467,-0.8273750387213467
469,0,234,B[N93]_NiC_acet_1M KOH_ vs RHE B_05_CVA_C02.txt,357,357,0,0.99998742,1.5907054,-0.02481468021869659,0.4179872824671436,0.037411730279799146,2.086028492100786,,2.086028492100786
470,0,235,B[N93]_NiC_acet_1M KOH_ vs RHE B_05_CVA_C02.txt,313,0,313,1.0099089,1.6000012,-0.1370290681317781,0.1773610941093899,-0.012867846932123832,,-0.8255531591434098,-0.8255531591434098
471,0,235,B[N93]_NiC_acet_1M KOH_ vs RHE B_05_CVA_C02.txt,365,365,0,1.0000093,1.5909443,-0.01017718575894833,0.4245270441069158,0.03726294165515344,2.0899785171470957,,2.0899785171470957
472,0,236,B[N93]_NiC_acet_1M KOH_ vs RHE B_05_CVA_C02.txt,313,0,313,1.0093009,1.5999832,-0.1353661979003156,0.1785059519436047,-0.012918693159769408,,-0.8288531097244829,-0.8288531097244829
473,0,236,B[N93]_NiC_acet_1M KOH_ vs RHE B_05_CVA_C02.txt,343,343,0,1.0000013,1.5898905,-0.03222252801060677,0.4224468055098214,0.03742323550497751,2.0803847047599477,,2.0803847047599477
474,0,237,B[N93]_NiC_acet_1M KOH_ vs RHE B_05_CVA_C02.txt,313,0,313,1.0098989,1.5999892,-0.1367751346766014,0.1656812549285265,-0.012998648788498874,,-0.8285686418276876,-0.8285686418276876
475,0,237,B[N93]_NiC_acet_1M KOH_ vs RHE B_05_CVA_C02.txt,344,344,0,0.99999952,1.5898941,-0.01673915755489599,0.4273777754464509,0.03752618555011606,2.076172667543931,,2.076172667543931
476,0,238,B[N93]_NiC_acet_1M KOH_ vs RHE B_05_CVA_C02.txt,313,0,313,1.0080709,1.5999553,-0.1356219529198852,0.1635687385093083,-0.013540122678291211,,-0.8342600527615947,-0.8342600527615947
477,0,238,B[N93]_NiC_acet_1M KOH_ vs RHE B_05_CVA_C02.txt,350,350,0,1.0000156,1.5901194,-0.00681842049544612,0.4243551837528714,0.03789725977076678,2.0858262908673018,,2.0858262908673018
478,0,239,B[N93]_NiC_acet_1M KOH_ vs RHE B_05_CVA_C02.txt,313,0,313,1.0087091,1.6000452,-0.1359892476585268,0.1606706218874973,-0.013093512216865211,,-0.833219239041578,-0.833219239041578
479,0,239,B[N93]_NiC_acet_1M KOH_ vs RHE B_05_CVA_C02.txt,346,346,0,1.0000094,1.5911623,-0.019405173137784,0.4247778462835088,0.037915458535882914,2.0993594680111007,,2.0993594680111007
480,0,240,B[N93]_NiC_acet_1M KOH_ vs RHE B_05_CVA_C02.txt,312,0,312,1.0093991,1.599978,-0.1362840693999577,0.1702070994810625,-0.013538101471707828,,-0.8350774579627552,-0.8350774579627552
481,0,240,B[N93]_NiC_acet_1M KOH_ vs RHE B_05_CVA_C02.txt,352,352,0,0.99999946,1.5905231,-0.007186046335846186,0.4262259637826062,0.038824228998324224,2.092010297662284,,2.092010297662284
482,0,241,B[N93]_NiC_acet_1M KOH_ vs RHE B_05_CVA_C02.txt,313,0,313,1.0093009,1.5999851,-0.1364784716629226,0.1776982545852661,-0.01300920568759167,,-0.8356154454183435,-0.8356154454183435
483,0,241,B[N93]_NiC_acet_1M KOH_ vs RHE B_05_CVA_C02.txt,350,350,0,0.99995136,1.5902576,-0.008052135792425695,0.4250578658125255,0.037514950524100976,2.0878004683192,,2.0878004683192
484,0,242,B[N93]_NiC_acet_1M KOH_ vs RHE B_05_CVA_C02.txt,313,0,313,1.0093151,1.6000493,-0.1368378730388233,0.1780608641974464,-0.012983297892628752,,-0.8356978806661093,-0.8356978806661093
485,0,242,B[N93]_NiC_acet_1M KOH_ vs RHE B_05_CVA_C02.txt,359,359,0,0.99995118,1.5910195,-0.04240831732749939,0.424337124191795,0.03707898867848004,2.0955383967488164,,2.0955383967488164
486,0,243,B[N93]_NiC_acet_1M KOH_ vs RHE B_05_CVA_C02.txt,313,0,313,1.0087008,1.5999691,-0.1362372628977143,0.1865444034337997,-0.0130330268202091,,-0.838661531745083,-0.838661531745083
487,0,243,B[N93]_NiC_acet_1M KOH_ vs RHE B_05_CVA_C02.txt,340,340,0,0.99995136,1.5904683,-0.006612168351108033,0.4249572367011494,0.03726753553019013,2.095008724813771,,2.095008724813771
488,0,244,B[N93]_NiC_acet_1M KOH_ vs RHE B_05_CVA_C02.txt,313,0,313,1.0093089,1.5999771,-0.1372776630056033,0.1746788993477812,-0.013093093843965224,,-0.8366794988982349,-0.8366794988982349
489,0,244,B[N93]_NiC_acet_1M KOH_ vs RHE B_05_CVA_C02.txt,349,349,0,1.0000094,1.5916302,-0.01869266885130302,0.428016264009468,0.03846251133798509,2.1086286670824,,2.1086286670824
490,0,245,B[N93]_NiC_acet_1M KOH_ vs RHE B_05_CVA_C02.txt,313,0,313,1.0098988,1.6000133,-0.1370392583650583,0.1771234079547548,-0.013051491575787196,,-0.8359915333191138,-0.8359915333191138
491,0,245,B[N93]_NiC_acet_1M KOH_ vs RHE B_05_CVA_C02.txt,345,345,0,0.99999946,1.5901803,-0.00771426921710372,0.423190935212749,0.0387698865967269,2.0926467577402335,,2.0926467577402335
492,0,246,B[N93]_NiC_acet_1M KOH_ vs RHE B_05_CVA_C02.txt,313,0,313,1.009311,1.6000073,-0.1371207580233103,0.1804904532821281,-0.013019986625085122,,-0.8368792931353682,-0.8368792931353682
493,0,246,B[N93]_NiC_acet_1M KOH_ vs RHE B_05_CVA_C02.txt,354,354,0,1.0000113,1.591504,-0.007227116815034941,0.4253542227148355,0.03832919010317748,2.1111335063290446,,2.1111335063290446
494,0,247,B[N93]_NiC_acet_1M KOH_ vs RHE B_05_CVA_C02.txt,313,0,313,1.0098988,1.6000153,-0.1365653703673031,0.1980952918529511,-0.012944986502088284,,-0.836319900746816,-0.836319900746816
495,0,247,B[N93]_NiC_acet_1M KOH_ vs RHE B_05_CVA_C02.txt,355,355,0,0.99999946,1.590921,-0.02244086191058159,0.4320750988611577,0.03784762695661567,2.1071008889191627,,2.1071008889191627
496,0,248,B[N93]_NiC_acet_1M KOH_ vs RHE B_05_CVA_C02.txt,312,0,312,1.008173,1.5999665,-0.1362616713435834,0.1794184420038671,-0.01344832609761244,,-0.8294246378050053,-0.8294246378050053
497,0,248,B[N93]_NiC_acet_1M KOH_ vs RHE B_05_CVA_C02.txt,348,348,0,0.99995118,1.5917542,-0.04216329753398895,0.4240791880394461,0.03855607157669887,2.123012741927146,,2.123012741927146
498,0,249,B[N93]_NiC_acet_1M KOH_ vs RHE B_05_CVA_C02.txt,312,0,312,1.0093516,1.5999135,-0.1373260464039288,0.179417458384536,-0.01343707705820424,,-0.8292402023796444,-0.8292402023796444
499,0,249,B[N93]_NiC_acet_1M KOH_ vs RHE B_05_CVA_C02.txt,349,349,0,0.99998289,1.5899773,-0.04372250288724899,0.4279175202832652,0.03745099186012578,2.103504688116519,,2.103504688116519
500,0,250,B[N93]_NiC_acet_1M KOH_ vs RHE B_05_CVA_C02.txt,313,0,313,1.0099049,1.5999812,-0.1369527452863848,0.1710986644029617,-0.012933752140154452,,-0.8288744867051857,-0.8288744867051857
501,0,250,B[N93]_NiC_acet_1M KOH_ vs RHE B_05_CVA_C02.txt,338,338,0,1.0000054,1.5902672,-0.01622947305440903,0.4312847583653552,0.039248817847148045,2.108959379536217,,2.108959379536217
502,0,251,B[N93]_NiC_acet_1M KOH_ vs RHE B_05_CVA_C02.txt,313,0,313,1.009903,1.5999731,-0.1370738116659918,0.171875074505806,-0.01295760297715285,,-0.8303705601213786,-0.8303705601213786
503,0,251,B[N93]_NiC_acet_1M KOH_ vs RHE B_05_CVA_C02.txt,350,350,0,1.0000033,1.589886,-0.007147862110286951,0.4279357536143933,0.03950947560177067,2.106376571156669,,2.106376571156669
504,0,252,B[N93]_NiC_acet_1M KOH_ vs RHE B_05_CVA_C02.txt,312,0,312,1.0093664,1.5999545,-0.1361941571164484,0.1856520396211865,-0.0134449655740384,,-0.8311387039369085,-0.8311387039369085
505,0,252,B[N93]_NiC_acet_1M KOH_ vs RHE B_05_CVA_C02.txt,340,340,0,0.99995136,1.5907041,-0.008737193520127834,0.430780892278813,0.03941106584077888,2.116066855166924,,2.116066855166924
506,0,253,B[N93]_NiC_acet_1M KOH_ vs RHE B_05_CVA_C02.txt,313,0,313,1.009903,1.6000073,-0.1367006101665709,0.1951168924570084,-0.01283748809537997,,-0.8305698932864016,-0.8305698932864016
507,0,253,B[N93]_NiC_acet_1M KOH_ vs RHE B_05_CVA_C02.txt,356,356,0,1.0000035,1.590736,-0.01889286172049849,0.4239076718392263,0.03744009895906454,2.1141147374204072,,2.1141147374204072
508,0,254,B[N93]_NiC_acet_1M KOH_ vs RHE B_05_CVA_C02.txt,314,0,314,1.0080169,1.5999972,-0.1377670467951188,0.1761036388899968,-0.013001652556188363,,-0.8348531714881422,-0.8348531714881422
509,0,254,B[N93]_NiC_acet_1M KOH_ vs RHE B_05_CVA_C02.txt,348,348,0,0.99995136,1.5906706,-0.007993718563279177,0.4321501161356904,0.03924391510949651,2.120636488552966,,2.120636488552966
510,0,255,B[N93]_NiC_acet_1M KOH_ vs RHE B_05_CVA_C02.txt,312,0,312,1.0088062,1.5999484,-0.1362927505659148,0.1892880711417924,-0.013483896507651413,,-0.8339369180136694,-0.8339369180136694
511,0,255,B[N93]_NiC_acet_1M KOH_ vs RHE B_05_CVA_C02.txt,354,354,0,1.0000091,1.5906371,-0.02006704173982143,0.4313746606197917,0.03882533005487272,2.116401746217983,,2.116401746217983
512,0,256,B[N93]_NiC_acet_1M KOH_ vs RHE B_05_CVA_C02.txt,312,0,312,1.008781,1.5999635,-0.1371467364550147,0.1648720527688661,-0.013578385781560058,,-0.8348135846371263,-0.8348135846371263
513,0,256,B[N93]_NiC_acet_1M KOH_ vs RHE B_05_CVA_C02.txt,357,357,0,0.99995136,1.5908313,-0.007957907125626273,0.4294155641576403,0.03686471676775159,2.119895482440932,,2.119895482440932
514,0,257,B[N93]_NiC_acet_1M KOH_ vs RHE B_05_CVA_C02.txt,313,0,313,1.0086989,1.6000372,-0.1362550448904436,0.1633032900483711,-0.013125903459841503,,-0.8378610070420849,-0.8378610070420849
515,0,257,B[N93]_NiC_acet_1M KOH_ vs RHE B_05_CVA_C02.txt,345,345,0,0.99995136,1.5904068,-0.006646056740285879,0.4329097271528725,0.03950508690588733,2.119731921334365,,2.119731921334365
516,0,258,B[N93]_NiC_acet_1M KOH_ vs RHE B_05_CVA_C02.txt,313,0,313,1.0080611,1.5999272,-0.135986879754094,0.186468725817071,-0.013538938748536698,,-0.8375595562493878,-0.8375595562493878
517,0,258,B[N93]_NiC_acet_1M KOH_ vs RHE B_05_CVA_C02.txt,358,358,0,1.0000145,1.5909443,-0.009330690878048968,0.4339951711265391,0.03829058499093223,2.127597371697572,,2.127597371697572
518,0,259,B[N93]_NiC_acet_1M KOH_ vs RHE B_05_CVA_C02.txt,312,0,312,1.009411,1.5999959,-0.1360266501471278,0.1748089492321014,-0.01359292537524635,,-0.8364756194435305,-0.8364756194435305
519,0,259,B[N93]_NiC_acet_1M KOH_ vs RHE B_05_CVA_C02.txt,357,357,0,0.99995309,1.5910031,-0.007062181447704721,0.4324471395764191,0.03773478565840844,2.1220955498564558,,2.1220955498564558
520,0,260,B[N93]_NiC_acet_1M KOH_ vs RHE B_05_CVA_C02.txt,313,0,313,1.0093009,1.6000073,-0.1370027968428816,0.200373649597168,-0.012913245344458845,,-0.8366230794253494,-0.8366230794253494
521,0,260,B[N93]_NiC_acet_1M KOH_ vs RHE B_05_CVA_C02.txt,344,344,0,1.0000014,1.5900792,-0.01851599477231503,0.4333786941485007,0.039685180247472814,2.115940035605856,,2.115940035605856
522,0,261,B[N93]_NiC_acet_1M KOH_ vs RHE B_05_CVA_C02.txt,313,0,313,1.0080689,1.5999632,-0.1374599791959018,0.1863764483067722,-0.013550128137109159,,-0.8382552811572391,-0.8382552811572391
523,0,261,B[N93]_NiC_acet_1M KOH_ vs RHE B_05_CVA_C02.txt,343,343,0,1.0000162,1.5908382,-0.006795934697373662,0.4313666424795564,0.04040961839591617,2.127791609858099,,2.127791609858099
524,0,262,B[N93]_NiC_acet_1M KOH_ vs RHE B_05_CVA_C02.txt,313,0,313,1.009311,1.6000012,-0.1370012056813819,0.1912411451339722,-0.013068966315598621,,-0.8415919585016884,-0.8415919585016884
525,0,262,B[N93]_NiC_acet_1M KOH_ vs RHE B_05_CVA_C02.txt,340,340,0,1.0000114,1.5903344,-0.01782133604359368,0.4303026364299392,0.038298887922353225,2.118400922262918,,2.118400922262918
526,0,263,B[N93]_NiC_acet_1M KOH_ vs RHE B_05_CVA_C02.txt,313,0,313,1.008101,1.5999796,-0.1363490403705439,0.1845190152525902,-0.013627222846642235,,-0.842584801860714,-0.842584801860714
527,0,263,B[N93]_NiC_acet_1M KOH_ vs RHE B_05_CVA_C02.txt,352,352,0,0.99995136,1.5910884,-0.007597551607533268,0.4275299852356245,0.03950291573922261,2.1330119155371516,,2.1330119155371516
528,0,264,B[N93]_NiC_acet_1M KOH_ vs RHE B_05_CVA_C02.txt,312,0,312,1.0093089,1.599911,-0.1376525493092111,0.1775929030444887,-0.013681950104427071,,-0.8440326071777867,-0.8440326071777867
529,0,264,B[N93]_NiC_acet_1M KOH_ vs RHE B_05_CVA_C02.txt,347,347,0,1.0000094,1.5906514,-0.01775368338491284,0.4315793046143934,0.03787152347892748,2.1221898589335955,,2.1221898589335955
530,0,265,B[N93]_NiC_acet_1M KOH_ vs RHE B_05_CVA_C02.txt,313,0,313,1.0080969,1.5999819,-0.137708367273183,0.1696674360169305,-0.013706474586273165,,-0.8452030730144647,-0.8452030730144647
531,0,265,B[N93]_NiC_acet_1M KOH_ vs RHE B_05_CVA_C02.txt,355,355,0,0.9999975,1.5899971,-0.01764355541166407,0.4324938226937647,0.03763377320008807,2.114638294255285,,2.114638294255285
532,0,266,B[N93]_NiC_acet_1M KOH_ vs RHE B_05_CVA_C02.txt,314,0,314,1.0080149,1.5999632,-0.1368763564233215,0.1856233963499898,-0.013095093209337574,,-0.8444735430855758,-0.8444735430855758
533,0,266,B[N93]_NiC_acet_1M KOH_ vs RHE B_05_CVA_C02.txt,355,355,0,1.0000154,1.5905125,-0.02088801376521587,0.438125529822015,0.03774272461750184,2.124974345197269,,2.124974345197269
534,0,267,B[N93]_NiC_acet_1M KOH_ vs RHE B_05_CVA_C02.txt,313,0,313,1.009299,1.5999771,-0.1365008608969602,0.1747580170631409,-0.01324889273941109,,-0.8485334647544778,-0.8485334647544778
535,0,267,B[N93]_NiC_acet_1M KOH_ vs RHE B_05_CVA_C02.txt,345,345,0,0.99995136,1.5906929,-0.008095142214269699,0.4334354254771782,0.038685736947096094,2.1323630612816737,,2.1323630612816737
536,0,268,B[N93]_NiC_acet_1M KOH_ vs RHE B_05_CVA_C02.txt,313,0,313,1.009299,1.5999532,-0.1369708650752792,0.1846305990348689,-0.013133790339015393,,-0.8477664898010357,-0.8477664898010357
537,0,268,B[N93]_NiC_acet_1M KOH_ vs RHE B_05_CVA_C02.txt,358,358,0,0.99995136,1.5901421,-0.00725682362685038,0.4357052312766712,0.0384395979787965,2.1232545299973604,,2.1232545299973604
538,0,269,B[N93]_NiC_acet_1M KOH_ vs RHE B_05_CVA_C02.txt,313,0,313,1.009311,1.6000053,-0.1378605701676974,0.1767994181272831,-0.013253994171098554,,-0.8508960126695738,-0.8508960126695738
539,0,269,B[N93]_NiC_acet_1M KOH_ vs RHE B_05_CVA_C02.txt,354,354,0,1.0000156,1.5902392,-0.01771154419773004,0.4330591175893055,0.039071286047817747,2.1256497684656224,,2.1256497684656224
540,0,270,B[N93]_NiC_acet_1M KOH_ vs RHE B_05_CVA_C02.txt,313,0,313,1.0093172,1.5999511,-0.1371966751732321,0.1738797724246979,-0.01331235950489175,,-0.8527921564724829,-0.8527921564724829
541,0,270,B[N93]_NiC_acet_1M KOH_ vs RHE B_05_CVA_C02.txt,350,350,0,1.0000174,1.5913372,-0.01720318384468555,0.438689685045436,0.038316630918765145,2.1429971536349455,,2.1429971536349455
542,0,271,B[N93]_NiC_acet_1M KOH_ vs RHE B_05_CVA_C02.txt,312,0,312,1.0099089,1.5999106,-0.1372804618368093,0.1817161550124484,-0.013891713288467503,,-0.8552912216102471,-0.8552912216102471
543,0,271,B[N93]_NiC_acet_1M KOH_ vs RHE B_05_CVA_C02.txt,349,349,0,1.0000093,1.5899729,-0.02368822880089283,0.4365121844039761,0.03974086242710375,2.120290300812323,,2.120290300812323
544,0,272,B[N93]_NiC_acet_1M KOH_ vs RHE B_05_CVA_C02.txt,313,0,313,1.0092989,1.6000333,-0.1373422727079794,0.1927239745855331,-0.013258753708190952,,-0.8560201688726974,-0.8560201688726974
545,0,272,B[N93]_NiC_acet_1M KOH_ vs RHE B_05_CVA_C02.txt,349,349,0,0.99999952,1.5910182,-0.01705833279487234,0.4342007210843901,0.03914135102806666,2.135291532911365,,2.135291532911365
546,0,273,B[N93]_NiC_acet_1M KOH_ vs RHE B_05_CVA_C02.txt,314,0,314,1.0080149,1.6000272,-0.1376972509422563,0.1912284046411514,-0.01325213143662623,,-0.8570452378190999,-0.8570452378190999
547,0,273,B[N93]_NiC_acet_1M KOH_ vs RHE B_05_CVA_C02.txt,349,349,0,1.0000154,1.5907891,-0.00709438426016578,0.439617082101627,0.03977075146305484,2.137015870843325,,2.137015870843325
548,0,274,B[N93]_NiC_acet_1M KOH_ vs RHE B_05_CVA_C02.txt,312,0,312,1.0093828,1.5999706,-0.1371491144418968,0.1843203544616694,-0.013944988443360718,,-0.8596431948126703,-0.8596431948126703
549,0,274,B[N93]_NiC_acet_1M KOH_ vs RHE B_05_CVA_C02.txt,358,358,0,0.99998343,1.5906129,-0.01852789363297433,0.4373654823129822,0.03776324999578706,2.1332719412302543,,2.1332719412302543
550,0,275,B[N93]_NiC_acet_1M KOH_ vs RHE B_05_CVA_C02.txt,313,0,313,1.0080575,1.5999082,-0.1375389886797795,0.1635459522190301,-0.01402010878433521,,-0.8629890077245698,-0.8629890077245698
551,0,275,B[N93]_NiC_acet_1M KOH_ vs RHE B_05_CVA_C02.txt,346,346,0,0.99995363,1.5902481,-0.009903529658913612,0.4398962710511949,0.040046014278866976,2.1293802516383082,,2.1293802516383082
552,0,276,B[N93]_NiC_acet_1M KOH_ vs RHE B_05_CVA_C02.txt,313,0,313,1.0093049,1.5999591,-0.1373501285091202,0.1861464948109957,-0.01333836844365531,,-0.8599522900086458,-0.8599522900086458
553,0,276,B[N93]_NiC_acet_1M KOH_ vs RHE B_05_CVA_C02.txt,369,369,0,1.0000054,1.5916572,-0.01333379466086626,0.4381354503535544,0.037497868648718416,2.148060105527157,,2.148060105527157
554,0,277,B[N93]_NiC_acet_1M KOH_ vs RHE B_05_CVA_C02.txt,313,0,313,1.0093129,1.5999612,-0.1373108344138254,0.185873711679843,-0.013365118971918182,,-0.860442521212668,-0.860442521212668
555,0,277,B[N93]_NiC_acet_1M KOH_ vs RHE B_05_CVA_C02.txt,360,360,0,1.0000135,1.5910041,-0.0309815239161253,0.4334533967382654,0.037735577378560974,2.1435845948156422,,2.1435845948156422
556,0,278,B[N93]_NiC_acet_1M KOH_ vs RHE B_05_CVA_C02.txt,313,0,313,1.0093129,1.6000153,-0.1375942085209097,0.1971088647842407,-0.01331529033636762,,-0.8573743421929203,-0.8573743421929203
557,0,278,B[N93]_NiC_acet_1M KOH_ vs RHE B_05_CVA_C02.txt,349,349,0,1.0000038,1.5910512,-0.01358953911673144,0.435650300446027,0.038545109645814354,2.149613783924419,,2.149613783924419
558,0,279,B[N93]_NiC_acet_1M KOH_ vs RHE B_05_CVA_C02.txt,312,0,312,1.0087488,1.5999444,-0.138760728061686,0.1599452910678725,-0.013981989132968487,,-0.8563745235713314,-0.8563745235713314
559,0,279,B[N93]_NiC_acet_1M KOH_ vs RHE B_05_CVA_C02.txt,351,351,0,0.99994957,1.5915,-0.0180019509205793,0.4326526850929553,0.03866317542659629,2.157164894545513,,2.157164894545513
560,0,280,B[N93]_NiC_acet_1M KOH_ vs RHE B_05_CVA_C02.txt,313,0,313,1.0093148,1.5999593,-0.1377323367711822,0.1858003492588582,-0.013289594458706196,,-0.8565129994043912,-0.8565129994043912
561,0,280,B[N93]_NiC_acet_1M KOH_ vs RHE B_05_CVA_C02.txt,343,343,0,1.0000154,1.5913603,-0.01001171953976154,0.4341815216455895,0.03924531780533251,2.15788510622594,,2.15788510622594
562,0,281,B[N93]_NiC_acet_1M KOH_ vs RHE B_05_CVA_C02.txt,313,0,313,1.008715,1.6000192,-0.1380222290128661,0.1980889290571213,-0.013363009010719466,,-0.8625545259582797,-0.8625545259582797
563,0,281,B[N93]_NiC_acet_1M KOH_ vs RHE B_05_CVA_C02.txt,346,346,0,0.99995118,1.5899608,-0.0323529914021492,0.4396141852073345,0.038918192589769224,2.137854723280673,,2.137854723280673
564,0,282,B[N93]_NiC_acet_1M KOH_ vs RHE B_05_CVA_C02.txt,313,0,313,1.0092989,1.5999533,-0.1380023020334322,0.1813183423617612,-0.013386321952901856,,-0.861573626675727,-0.861573626675727
565,0,282,B[N93]_NiC_acet_1M KOH_ vs RHE B_05_CVA_C02.txt,365,365,0,0.99995118,1.5903161,-0.04153960943222046,0.4340532306158558,0.03801314735467502,2.143606347159327,,2.143606347159327
566,0,283,B[N93]_NiC_acet_1M KOH_ vs RHE B_05_CVA_C02.txt,313,0,313,1.0093149,1.5999992,-0.1378080539248105,0.1985535174608231,-0.013347990145960612,,-0.8611219956811511,-0.8611219956811511
567,0,283,B[N93]_NiC_acet_1M KOH_ vs RHE B_05_CVA_C02.txt,345,345,0,1.0000155,1.591355,-0.01854297268690303,0.4373571745213152,0.03846326785517441,2.15613112265688,,2.15613112265688
568,0,284,B[N93]_NiC_acet_1M KOH_ vs RHE B_05_CVA_C02.txt,313,0,313,1.0093129,1.6000333,-0.1379700450818737,0.2030529528856277,-0.013347956223038948,,-0.8627075732534454,-0.8627075732534454
569,0,284,B[N93]_NiC_acet_1M KOH_ vs RHE B_05_CVA_C02.txt,353,353,0,0.99997878,1.590525,-0.008135606219703773,0.4368412599927876,0.03919343757689421,2.1471510023485716,,2.1471510023485716
570,0,285,B[N93]_NiC_acet_1M KOH_ vs RHE B_05_CVA_C02.txt,313,0,313,1.0093088,1.6000472,-0.13857196259466,0.2075587511062622,-0.01337455794877927,,-0.864743306406274,-0.864743306406274
571,0,285,B[N93]_NiC_acet_1M KOH_ vs RHE B_05_CVA_C02.txt,349,349,0,0.99995118,1.5900041,-0.04156824946403503,0.439172491422485,0.03927701006415697,2.1401285591894563,,2.1401285591894563
572,0,286,B[N93]_NiC_acet_1M KOH_ vs RHE B_05_CVA_C02.txt,313,0,313,1.009311,1.6000153,-0.1375206360782224,0.2021428793668747,-0.013318842436784746,,-0.8635887636650871,-0.8635887636650871
573,0,286,B[N93]_NiC_acet_1M KOH_ vs RHE B_05_CVA_C02.txt,362,362,0,1.0000113,1.5910311,-0.01675686658089273,0.4391450963992325,0.037818931074797335,2.151811229390001,,2.151811229390001
574,0,287,B[N93]_NiC_acet_1M KOH_ vs RHE B_05_CVA_C02.txt,313,0,313,1.008703,1.5999953,-0.1381514112083817,0.1952823400497437,-0.013451557865884171,,-0.867072339895423,-0.867072339895423
575,0,287,B[N93]_NiC_acet_1M KOH_ vs RHE B_05_CVA_C02.txt,369,369,0,0.99995136,1.5902154,-0.008472956923909938,0.4355853764244075,0.037929684526751856,2.1536712588366536,,2.1536712588366536
576,0,288,B[N93]_NiC_acet_1M KOH_ vs RHE B_05_CVA_C02.txt,313,0,313,1.008113,1.6000092,-0.1383860819933418,0.196306973695755,-0.013164667220663053,,-0.8519823068865702,-0.8519823068865702
577,0,288,B[N93]_NiC_acet_1M KOH_ vs RHE B_05_CVA_C02.txt,357,357,0,1.0000134,1.5910323,-0.007767322718972985,0.4414961511363602,0.040414483697010194,2.17364225919934,,2.17364225919934
578,0,289,B[N93]_NiC_acet_1M KOH_ vs RHE B_05_CVA_C02.txt,312,0,312,1.0087693,1.5999424,-0.1387504618247959,0.1607957676277256,-0.01393851947595977,,-0.8561765858621928,-0.8561765858621928
579,0,289,B[N93]_NiC_acet_1M KOH_ vs RHE B_05_CVA_C02.txt,365,365,0,0.99997211,1.5898941,-0.01780777841644446,0.4386297238333956,0.03860977840605172,2.1547480546016295,,2.1547480546016295
580,0,290,B[N93]_NiC_acet_1M KOH_ vs RHE B_05_CVA_C02.txt,313,0,313,1.0087068,1.5999992,-0.1382928927052153,0.2020028680562973,-0.013183604766074204,,-0.853905541017315,-0.853905541017315
581,0,290,B[N93]_NiC_acet_1M KOH_ vs RHE B_05_CVA_C02.txt,369,369,0,1.0000075,1.5899304,-0.02631025202572346,0.4424752807587495,0.03845307547584352,2.157010562264602,,2.157010562264602
582,0,291,B[N93]_NiC_acet_1M KOH_ vs RHE B_05_CVA_C02.txt,313,0,313,1.0092989,1.6000413,-0.1373265212467978,0.1791110932826996,-0.013361882532573642,,-0.8564928367764234,-0.8564928367764234
583,0,291,B[N93]_NiC_acet_1M KOH_ vs RHE B_05_CVA_C02.txt,344,344,0,0.99999946,1.591405,-0.008471599780023098,0.4436825110191203,0.03977550425580268,2.1791327323217202,,2.1791327323217202
584,0,292,B[N93]_NiC_acet_1M KOH_ vs RHE B_05_CVA_C02.txt,313,0,313,1.008019,1.5999086,-0.1383931067691662,0.1652487701048022,-0.013980709560252073,,-0.8610321566066604,-0.8610321566066604
585,0,292,B[N93]_NiC_acet_1M KOH_ vs RHE B_05_CVA_C02.txt,349,349,0,0.99995136,1.590914,-0.008458614220061306,0.4446412819288348,0.04046633498315777,2.1739738514121574,,2.1739738514121574
586,0,293,B[N93]_NiC_acet_1M KOH_ vs RHE B_05_CVA_C02.txt,313,0,313,1.0087249,1.5999632,-0.1387329882302912,0.1771080490687619,-0.01338095586121503,,-0.8605479988856551,-0.8605479988856551
587,0,293,B[N93]_NiC_acet_1M KOH_ vs RHE B_05_CVA_C02.txt,345,345,0,1.0000255,1.5914057,-0.01979974843561649,0.4384334745356662,0.03898897259720513,2.178325046824573,,2.178325046824573
588,0,294,B[N93]_NiC_acet_1M KOH_ vs RHE B_05_CVA_C02.txt,313,0,313,1.0093009,1.6000233,-0.1385408217946786,0.1786469337732894,-0.013382767222592103,,-0.8589934524431038,-0.8589934524431038
589,0,294,B[N93]_NiC_acet_1M KOH_ vs RHE B_05_CVA_C02.txt,357,357,0,0.99995118,1.5899204,-0.04191827401518822,0.4358401148045878,0.03823685998823008,2.159355782621892,,2.159355782621892
590,0,295,B[N93]_NiC_acet_1M KOH_ vs RHE B_05_CVA_C02.txt,313,0,313,1.0081109,1.6000073,-0.1389258800146374,0.1681970241277113,-0.013561402635516681,,-0.8657013410529201,-0.8657013410529201
591,0,295,B[N93]_NiC_acet_1M KOH_ vs RHE B_05_CVA_C02.txt,370,370,0,1.0000113,1.5908231,-0.013982935808599,0.4403803237306612,0.03849888002724853,2.1706166118127252,,2.1706166118127252
592,0,296,B[N93]_NiC_acet_1M KOH_ vs RHE B_05_CVA_C02.txt,312,0,312,1.009411,1.5999513,-0.1392072604695208,0.1938440501689911,-0.01340966093276481,,-0.8644337193192826,-0.8644337193192826
593,0,296,B[N93]_NiC_acet_1M KOH_ vs RHE B_05_CVA_C02.txt,354,354,0,1.0000114,1.5915401,-0.01826502752247388,0.4358752887987603,0.03930714265376807,2.178874599118526,,2.178874599118526
594,0,297,B[N93]_NiC_acet_1M KOH_ vs RHE B_05_CVA_C02.txt,304,0,304,1.0096071,1.6000493,-0.1384334556837841,0.1879396203984607,-0.013429647786681204,,-0.8653308390387594,-0.8653308390387594
595,0,297,B[N93]_NiC_acet_1M KOH_ vs RHE B_05_CVA_C02.txt,351,351,0,1.0000077,1.5909384,-0.03474575653672218,0.4408744538613167,0.040046444708063164,2.170060587831318,,2.170060587831318
596,0,298,B[N93]_NiC_acet_1M KOH_ vs RHE B_05_CVA_C02.txt,294,0,294,1.0099069,1.5999089,-0.1391544522503103,0.1663952962211939,-0.014308006579024006,,-0.8717962924070515,-0.8717962924070515
597,0,298,B[N93]_NiC_acet_1M KOH_ vs RHE B_05_CVA_C02.txt,341,341,0,1.0000075,1.5899421,-0.01641002137456901,0.4430972435388441,0.03966571232169033,2.157788760362547,,2.157788760362547
598,0,299,B[N93]_NiC_acet_1M KOH_ vs RHE B_05_CVA_C02.txt,310,0,310,1.007799,1.5999973,-0.1399717801303721,0.1696116590629451,-0.01363662251028496,,-0.8703469386223877,-0.8703469386223877
599,0,299,B[N93]_NiC_acet_1M KOH_ vs RHE B_05_CVA_C02.txt,340,340,0,0.99999946,1.5904893,-0.02991235069930553,0.4387572656068559,0.040890528114480566,2.1714196494161873,,2.1714196494161873
600,0,300,B[N93]_NiC_acet_1M KOH_ vs RHE B_05_CVA_C02.txt,295,0,295,1.0089992,1.5999793,-0.1389426105025304,0.1775529876999231,-0.01383588829922452,,-0.8703090412361886,-0.8703090412361886
601,0,301,B[N93]_NiC_acet_1M KOH_ vs RHE B_05_CVA_C02.txt,355,355,0,0.9999513,1.5909598,-0.02959414385259151,0.4609062894014242,0.04220058741245674,2.312456640478776,,2.312456640478776
602,0,301,B[N93]_NiC_acet_1M KOH_ vs RHE B_05_CVA_C02.txt,295,0,295,1.0096071,1.6000192,-0.1383934780559736,0.2069350779056549,-0.01148052107392106,,-0.7541271057325049,-0.7541271057325049
603,0,301,B[N93]_NiC_acet_1M KOH_ vs RHE B_05_CVA_C02.txt,332,332,0,1.0000073,1.5908998,-0.03074605017900467,0.4467024997703755,0.04458387965730668,2.248861789555655,,2.248861789555655
604,0,302,B[N93]_NiC_acet_1M KOH_ vs RHE B_05_CVA_C02.txt,298,0,298,1.0089992,1.5999932,-0.1400361958459246,0.192303940653801,-0.01176355826291052,,-0.7610214128993579,-0.7610214128993579
605,0,302,B[N93]_NiC_acet_1M KOH_ vs RHE B_05_CVA_C02.txt,314,314,0,0.99995118,1.5899992,-0.0322272889316082,0.4480363290625249,0.04473617547193364,2.248754150614544,,2.248754150614544
606,0,303,B[N93]_NiC_acet_1M KOH_ vs RHE B_05_CVA_C02.txt,298,0,298,1.009603,1.6000073,-0.1393036075829732,0.1870455119920813,-0.011739038382801218,,-0.7611404758761757,-0.7611404758761757
607,0,304,B[N93]_NiC_acet_1M KOH_ vs RHE B_05_CVA_C02.txt,313,313,0,1.0002153,1.5911819,-0.008374863918151038,0.4500463770502847,0.042378892733633856,2.2610759423668263,,2.2610759423668263
608,0,304,B[N93]_NiC_acet_1M KOH_ vs RHE B_05_CVA_C02.txt,298,0,298,1.0083853,1.5999788,-0.1404692832271548,0.1909263973886315,-0.01242390341099367,,-0.7668373537188695,-0.7668373537188695
609,0,304,B[N93]_NiC_acet_1M KOH_ vs RHE B_05_CVA_C02.txt,334,334,0,0.99998569,1.5906907,-0.03067604638636112,0.4520967577302328,0.0435749734710992,2.2486344514541807,,2.2486344514541807
610,0,305,B[N93]_NiC_acet_1M KOH_ vs RHE B_05_CVA_C02.txt,305,0,305,1.009801,1.5999832,-0.1389960178442502,0.202257439494133,-0.011808022275875343,,-0.7640341146973286,-0.7640341146973286
611,0,305,B[N93]_NiC_acet_1M KOH_ vs RHE B_05_CVA_C02.txt,348,348,0,1.0000232,1.5911932,-0.01212906693715765,0.4485665198420161,0.042251552245586306,2.2637911752648323,,2.2637911752648323
612,0,306,B[N93]_NiC_acet_1M KOH_ vs RHE B_05_CVA_C02.txt,294,0,294,1.008571,1.5999163,-0.1390161179949165,0.2002600041173754,-0.012528254649687291,,-0.7696617348077747,-0.7696617348077747
613,0,306,B[N93]_NiC_acet_1M KOH_ vs RHE B_05_CVA_C02.txt,347,347,0,1.0000213,1.5911319,-0.01121882256120443,0.4486566092383395,0.04280857209380737,2.259580579074217,,2.259580579074217
614,0,307,B[N93]_NiC_acet_1M KOH_ vs RHE B_05_CVA_C02.txt,301,0,301,1.0081011,1.5999513,-0.1393090767661695,0.1996081623694171,-0.011834572738339627,,-0.7698708330900761,-0.7698708330900761
615,0,307,B[N93]_NiC_acet_1M KOH_ vs RHE B_05_CVA_C02.txt,353,353,0,1.0000013,1.5914812,-0.03040238656103611,0.4484084902995913,0.04184105097683404,2.2669993895811036,,2.2669993895811036
616,0,308,B[N93]_NiC_acet_1M KOH_ vs RHE B_05_CVA_C02.txt,301,0,301,1.0078112,1.5999672,-0.1398056496488449,0.186667944102183,-0.012003551809225257,,-0.7750721674866873,-0.7750721674866873
617,0,308,B[N93]_NiC_acet_1M KOH_ vs RHE B_05_CVA_C02.txt,339,339,0,0.99995118,1.5899343,-0.02416150271892548,0.4511406223408674,0.04168748084326782,2.244070228373453,,2.244070228373453
618,0,309,B[N93]_NiC_acet_1M KOH_ vs RHE B_05_CVA_C02.txt,301,0,301,1.0087008,1.5999932,-0.1398686424172593,0.1959699420852863,-0.012037593212292292,,-0.7771402312428759,-0.7771402312428759
619,0,309,B[N93]_NiC_acet_1M KOH_ vs RHE B_05_CVA_C02.txt,342,342,0,1.0000013,1.5906659,-0.007987926714122295,0.4484291895586505,0.04325870806098003,2.2538245370802272,,2.2538245370802272
620,0,310,B[N93]_NiC_acet_1M KOH_ vs RHE B_05_CVA_C02.txt,301,0,301,1.008093,1.5999897,-0.1400895284580896,0.1788641661405563,-0.012649968608463492,,-0.7768784459946415,-0.7768784459946415
621,0,310,B[N93]_NiC_acet_1M KOH_ vs RHE B_05_CVA_C02.txt,352,352,0,0.99995118,1.5907936,-0.03749202564358711,0.4517595145229907,0.040987225799601686,2.2527832156197998,,2.2527832156197998
622,0,311,B[N93]_NiC_acet_1M KOH_ vs RHE B_05_CVA_C02.txt,302,0,302,1.0088891,1.5999885,-0.1399136638203509,0.1908529177308074,-0.012559916429175965,,-0.777164010599566,-0.777164010599566
623,0,312,B[N93]_NiC_acet_1M KOH_ vs RHE B_05_CVA_C02.txt,356,356,0,1.0000931,1.591252,-0.01394249847362516,0.4549867509271904,0.04284995637677611,2.257068812609198,,2.257068812609198
624,0,312,B[N93]_NiC_acet_1M KOH_ vs RHE B_05_CVA_C02.txt,302,0,302,1.0085409,1.599931,-0.1415502528100032,0.1915224207299095,-0.012749323623366232,,-0.7844449707600177,-0.7844449707600177
625,0,312,B[N93]_NiC_acet_1M KOH_ vs RHE B_05_CVA_C02.txt,358,358,0,1.0000414,1.5898809,-0.01893095092078591,0.4541959930561568,0.042659643859227964,2.2440093776896504,,2.2440093776896504
626,0,313,B[N93]_NiC_acet_1M KOH_ vs RHE B_05_CVA_C02.txt,301,0,301,1.0098867,1.5999795,-0.1400753876817806,0.2060810014605522,-0.012673402959306697,,-0.7819591575674733,-0.7819591575674733
627,0,313,B[N93]_NiC_acet_1M KOH_ vs RHE B_05_CVA_C02.txt,352,352,0,0.99998748,1.5907061,-0.01782285849280335,0.4477556125832374,0.04173537706806282,2.2563991706978155,,2.2563991706978155
628,0,314,B[N93]_NiC_acet_1M KOH_ vs RHE B_05_CVA_C02.txt,296,0,296,1.008563,1.5999619,-0.139593216618104,0.1906559490843822,-0.012765196795843252,,-0.7843128093956787,-0.7843128093956787
629,0,314,B[N93]_NiC_acet_1M KOH_ vs RHE B_05_CVA_C02.txt,332,332,0,0.99996352,1.5901705,-0.01773844819832993,0.4498387026015731,0.042940213230337386,2.2466738373092974,,2.2466738373092974
630,0,315,B[N93]_NiC_acet_1M KOH_ vs RHE B_05_CVA_C02.txt,299,0,299,1.0088428,1.5999336,-0.1410761477391377,0.2060066876989421,-0.012813846278757009,,-0.7867416338369703,-0.7867416338369703
631,0,315,B[N93]_NiC_acet_1M KOH_ vs RHE B_05_CVA_C02.txt,341,341,0,1.0000434,1.5902723,-0.01470623384353609,0.4545954101501377,0.04408919725283436,2.248434887175971,,2.248434887175971
632,0,316,B[N93]_NiC_acet_1M KOH_ vs RHE B_05_CVA_C02.txt,297,0,297,1.0085011,1.6000332,-0.1409062741049454,0.2150047868490219,-0.01217006294070505,,-0.791016883792296,-0.791016883792296
633,0,316,B[N93]_NiC_acet_1M KOH_ vs RHE B_05_CVA_C02.txt,345,345,0,1.0000006,1.5905386,-0.009959411766276856,0.4487201368676299,0.042747517340943,2.2513982020118015,,2.2513982020118015
634,0,317,B[N93]_NiC_acet_1M KOH_ vs RHE B_05_CVA_C02.txt,309,0,309,1.0077649,1.5999652,-0.1400216624840334,0.19450632530324,-0.012152593154965403,,-0.7896786811860581,-0.7896786811860581
635,0,318,B[N93]_NiC_acet_1M KOH_ vs RHE B_05_CVA_C02.txt,345,345,0,1.0002513,1.5912751,-0.01004994450820784,0.4497896930787419,0.040674419824921114,2.2666234289876632,,2.2666234289876632
636,0,318,B[N93]_NiC_acet_1M KOH_ vs RHE B_05_CVA_C02.txt,312,0,312,1.007803,1.5999037,-0.1402622918158735,0.2025731268028417,-0.012778772675131916,,-0.7958770280364055,-0.7958770280364055
637,0,318,B[N93]_NiC_acet_1M KOH_ vs RHE B_05_CVA_C02.txt,339,339,0,0.99998558,1.5910869,-0.01115652903293571,0.4507357764479937,0.04177631768101839,2.258625053939718,,2.258625053939718
638,0,319,B[N93]_NiC_acet_1M KOH_ vs RHE B_05_CVA_C02.txt,309,0,309,1.0086089,1.5999595,-0.1413042120512757,0.199019369482994,-0.01279096011369101,,-0.7933162039430036,-0.7933162039430036
639,0,319,B[N93]_NiC_acet_1M KOH_ vs RHE B_05_CVA_C02.txt,345,345,0,0.99995285,1.590313,-0.009581737220287325,0.4488898374553907,0.042408637185045575,2.2593572774982995,,2.2593572774982995
640,0,320,B[N93]_NiC_acet_1M KOH_ vs RHE B_05_CVA_C02.txt,313,0,313,1.0087129,1.6000413,-0.140339462752208,0.2240673005580902,-0.012112048363868679,,-0.7949989585670383,-0.7949989585670383
641,0,320,B[N93]_NiC_acet_1M KOH_ vs RHE B_05_CVA_C02.txt,337,337,0,1.0000135,1.5901002,-0.01819598985875548,0.4520647339003085,0.04320124664244628,2.247001301481481,,2.247001301481481
642,0,321,B[N93]_NiC_acet_1M KOH_ vs RHE B_05_CVA_C02.txt,308,0,308,1.009515,1.6000152,-0.1405890570176284,0.2135283052921295,-0.012146523700328883,,-0.7942508835255515,-0.7942508835255515
643,0,321,B[N93]_NiC_acet_1M KOH_ vs RHE B_05_CVA_C02.txt,340,340,0,0.99999183,1.5899881,-0.00791731538871926,0.4515879261391715,0.04142892898897986,2.2523091522433907,,2.2523091522433907
644,0,322,B[N93]_NiC_acet_1M KOH_ vs RHE B_05_CVA_C02.txt,311,0,311,1.009463,1.5999503,-0.1414966138441756,0.2109704303741455,-0.01291021031770316,,-0.8022620818145485,-0.8022620818145485
645,0,322,B[N93]_NiC_acet_1M KOH_ vs RHE B_05_CVA_C02.txt,339,339,0,1.0000219,1.5913583,-0.008594310773118966,0.4522619610613052,0.041715363328863234,2.270262809170594,,2.270262809170594
646,0,323,B[N93]_NiC_acet_1M KOH_ vs RHE B_05_CVA_C02.txt,311,0,311,1.0077109,1.5999652,-0.1410347099895379,0.1930994391441345,-0.012424118082728888,,-0.8059918055655614,-0.8059918055655614
647,0,323,B[N93]_NiC_acet_1M KOH_ vs RHE B_05_CVA_C02.txt,343,343,0,0.99995118,1.5913393,-0.04062335938215256,0.4527309057172211,0.042060085474341764,2.2706249635558966,,2.2706249635558966
648,0,324,B[N93]_NiC_acet_1M KOH_ vs RHE B_05_CVA_C02.txt,313,0,313,1.0092989,1.5999752,-0.1411550326410086,0.2081378996372223,-0.012261957741762345,,-0.8038604915891825,-0.8038604915891825
649,0,324,B[N93]_NiC_acet_1M KOH_ vs RHE B_05_CVA_C02.txt,341,341,0,0.99999946,1.5906082,-0.009445972467924946,0.4533602615026373,0.041258084409941415,2.254385356837447,,2.254385356837447
650,0,325,B[N93]_NiC_acet_1M KOH_ vs RHE B_05_CVA_C02.txt,292,0,292,1.0099031,1.5999652,-0.1415916121435645,0.1915720552206039,-0.012289772586188817,,-0.8046673238676102,-0.8046673238676102
651,0,325,B[N93]_NiC_acet_1M KOH_ vs RHE B_05_CVA_C02.txt,350,350,0,1.0000035,1.5904779,-0.009671798141802274,0.4468632230750558,0.04266092288310527,2.253850446872657,,2.253850446872657
652,0,326,B[N93]_NiC_acet_1M KOH_ vs RHE B_05_CVA_C02.txt,291,0,291,1.0083491,1.5999892,-0.1412979775444889,0.1941857862731684,-0.012312681339971456,,-0.8086941865421852,-0.8086941865421852
653,0,326,B[N93]_NiC_acet_1M KOH_ vs RHE B_05_CVA_C02.txt,334,334,0,0.99995136,1.590275,-0.01262966831065668,0.451851593443287,0.04305388227205278,2.2506296615333343,,2.2506296615333343
654,0,327,B[N93]_NiC_acet_1M KOH_ vs RHE B_05_CVA_C02.txt,291,0,291,1.0096987,1.5999871,-0.1426790628358026,0.2118163704872131,-0.012522809008908623,,-0.8092177572970117,-0.8092177572970117
655,0,327,B[N93]_NiC_acet_1M KOH_ vs RHE B_05_CVA_C02.txt,341,341,0,0.99999946,1.589921,-0.009081889947795303,0.4578807684020856,0.042973181916644065,2.2508518689574943,,2.2508518689574943
656,0,328,B[N93]_NiC_acet_1M KOH_ vs RHE B_05_CVA_C02.txt,286,0,286,1.0089991,1.6000332,-0.1429745738790489,0.1849974923311395,-0.012743073939609266,,-0.812131896878273,-0.812131896878273
657,0,328,B[N93]_NiC_acet_1M KOH_ vs RHE B_05_CVA_C02.txt,337,337,0,0.99995136,1.590764,-0.00837355479837994,0.4522217312009733,0.042205945141474605,2.265327874725086,,2.265327874725086
658,0,329,B[N93]_NiC_acet_1M KOH_ vs RHE B_05_CVA_C02.txt,287,0,287,1.0076231,1.5999244,-0.1421313553316841,0.1840784577162642,-0.013448803513010478,,-0.8156785899847544,-0.8156785899847544
659,0,329,B[N93]_NiC_acet_1M KOH_ vs RHE B_05_CVA_C02.txt,334,334,0,1.0000234,1.5910889,-0.01041265949606895,0.4496799336715762,0.044793744062636864,2.268860350292885,,2.268860350292885
660,0,330,B[N93]_NiC_acet_1M KOH_ vs RHE B_05_CVA_C02.txt,313,0,313,1.0092989,1.6000051,-0.1457095855494359,0.2181932330131531,-0.012394315987741707,,-0.8141033095377866,-0.8141033095377866
661,0,330,B[N93]_NiC_acet_1M KOH_ vs RHE B_05_CVA_C02.txt,332,332,0,0.99999952,1.5916913,-0.01802166776083736,0.4588195103263971,0.042160842361216554,2.2757812726917934,,2.2757812726917934
662,0,331,B[N93]_NiC_acet_1M KOH_ vs RHE B_05_CVA_C02.txt,299,0,299,1.007849,1.6000011,-0.1428522016040111,0.2007457407865108,-0.012725461211766683,,-0.8187542533816012,-0.8187542533816012
663,0,332,B[N93]_NiC_acet_1M KOH_ vs RHE B_05_CVA_C02.txt,329,329,0,1.0002372,1.5915478,-0.0160602350305352,0.4567375256003898,0.041821114170331866,2.2783820808749535,,2.2783820808749535
664,0,332,B[N93]_NiC_acet_1M KOH_ vs RHE B_05_CVA_C02.txt,290,0,290,1.0091349,1.5999361,-0.1435465240205944,0.1905897986143827,-0.013256523411295967,,-0.8204499015510676,-0.8204499015510676
665,0,332,B[N93]_NiC_acet_1M KOH_ vs RHE B_05_CVA_C02.txt,335,335,0,0.99995136,1.5914468,-0.008782681877705312,0.4578745412526213,0.0430076261013819,2.272348118120844,,2.272348118120844
666,0,333,B[N93]_NiC_acet_1M KOH_ vs RHE B_05_CVA_C02.txt,302,0,302,1.0091988,1.6000131,-0.1448194658221527,0.193084511420001,-0.012731993843588658,,-0.8196978411837159,-0.8196978411837159
667,0,333,B[N93]_NiC_acet_1M KOH_ vs RHE B_05_CVA_C02.txt,339,339,0,0.99999952,1.5907838,-0.0180799128264999,0.4553893911964728,0.0413643941564599,2.2624938202164344,,2.2624938202164344
668,0,334,B[N93]_NiC_acet_1M KOH_ vs RHE B_05_CVA_C02.txt,289,0,289,1.0087008,1.6000272,-0.1428268680886946,0.1967015564441681,-0.01261280444004744,,-0.8209977754913209,-0.8209977754913209
669,0,334,B[N93]_NiC_acet_1M KOH_ vs RHE B_05_CVA_C02.txt,330,330,0,1.0000013,1.5900961,-0.009624358404298164,0.4508036244803559,0.04411714137379034,2.2564584916400876,,2.2564584916400876
670,0,335,B[N93]_NiC_acet_1M KOH_ vs RHE B_05_CVA_C02.txt,285,0,285,1.0094011,1.6000111,-0.1448714129894251,0.1950522696842318,-0.012821420036129799,,-0.8243446942657995,-0.8243446942657995
671,0,336,B[N93]_NiC_acet_1M KOH_ vs RHE B_05_CVA_C02.txt,339,339,0,1.0002513,1.59102,-0.008452370953448446,0.4520406878701868,0.04339235116817629,2.271923786033843,,2.271923786033843
672,0,336,B[N93]_NiC_acet_1M KOH_ vs RHE B_05_CVA_C02.txt,287,0,287,1.0088991,1.6000332,-0.1436272963982956,0.2194915115833282,-0.012842911016855387,,-0.8280018769981357,-0.8280018769981357
673,0,337,B[N93]_NiC_acet_1M KOH_ vs RHE B_05_CVA_C02.txt,338,338,0,1.0001152,1.5903419,-0.01919878423397772,0.4528159276450392,0.04341079971117632,2.255227395225953,,2.255227395225953
674,0,337,B[N93]_NiC_acet_1M KOH_ vs RHE B_05_CVA_C02.txt,283,0,283,1.007799,1.6000051,-0.1440618475713784,0.2146929502487183,-0.012649630989482859,,-0.8252902496216163,-0.8252902496216163
675,0,337,B[N93]_NiC_acet_1M KOH_ vs RHE B_05_CVA_C02.txt,335,335,0,0.99995512,1.5906973,-0.009637083043281224,0.4548817706357919,0.04240202591990856,2.2675427655862492,,2.2675427655862492
676,0,338,B[N93]_NiC_acet_1M KOH_ vs RHE B_05_CVA_C02.txt,298,0,298,1.008341,1.5999401,-0.1439019115758227,0.1896730000774061,-0.01352407466209178,,-0.8322383277715902,-0.8322383277715902
677,0,338,B[N93]_NiC_acet_1M KOH_ vs RHE B_05_CVA_C02.txt,332,332,0,1.0000415,1.591347,-0.0309242457151413,0.4565217435956246,0.044318854067571224,2.2819285414896973,,2.2819285414896973
678,0,339,B[N93]_NiC_acet_1M KOH_ vs RHE B_05_CVA_C02.txt,298,0,298,1.0095989,1.6000072,-0.1438190503713032,0.217976838350296,-0.012687540571365808,,-0.8314794055117846,-0.8314794055117846
679,0,339,B[N93]_NiC_acet_1M KOH_ vs RHE B_05_CVA_C02.txt,346,346,0,0.99999952,1.5909289,-0.01814812099885038,0.4561880340080471,0.04184537320847993,2.2651771162574224,,2.2651771162574224
680,0,340,B[N93]_NiC_acet_1M KOH_ vs RHE B_05_CVA_C02.txt,288,0,288,1.0087008,1.5999025,-0.1447695078140367,0.1856175597224916,-0.013748378946642374,,-0.833927461803303,-0.833927461803303
681,0,340,B[N93]_NiC_acet_1M KOH_ vs RHE B_05_CVA_C02.txt,324,324,0,1.0000014,1.5915822,-0.01773682468511323,0.4511630882694577,0.04434250151516075,2.2780761337250097,,2.2780761337250097
682,0,341,B[N93]_NiC_acet_1M KOH_ vs RHE B_05_CVA_C02.txt,290,0,290,1.0077012,1.5999892,-0.1446428409219997,0.2024101912975311,-0.012733240293796931,,-0.8371142291418503,-0.8371142291418503
683,0,341,B[N93]_NiC_acet_1M KOH_ vs RHE B_05_CVA_C02.txt,345,345,0,0.99995506,1.5902419,-0.008606960171987858,0.4542989001515672,0.04272652633102314,2.258251496102273,,2.258251496102273
684,0,342,B[N93]_NiC_acet_1M KOH_ vs RHE B_05_CVA_C02.txt,291,0,291,1.0089035,1.5999523,-0.1446053128835567,0.1859286663432913,-0.013629538565887988,,-0.8378976319998309,-0.8378976319998309
685,0,342,B[N93]_NiC_acet_1M KOH_ vs RHE B_05_CVA_C02.txt,335,335,0,0.99995399,1.5912923,-0.01190865784883499,0.454713070882343,0.04357312578509052,2.2862463864124334,,2.2862463864124334
686,0,343,B[N93]_NiC_acet_1M KOH_ vs RHE B_05_CVA_C02.txt,288,0,288,1.009099,1.5999972,-0.1439078109983982,0.2149602323770523,-0.013062541272950664,,-0.8359694562312681,-0.8359694562312681
687,0,343,B[N93]_NiC_acet_1M KOH_ vs RHE B_05_CVA_C02.txt,354,354,0,0.99999952,1.5910281,-0.01774303025930474,0.4564635451036054,0.04208076782696729,2.269348601186574,,2.269348601186574
688,0,344,B[N93]_NiC_acet_1M KOH_ vs RHE B_05_CVA_C02.txt,281,0,281,1.008545,1.5999426,-0.1454886598092373,0.1809792924543907,-0.013753278141907995,,-0.8442974246662971,-0.8442974246662971
689,0,344,B[N93]_NiC_acet_1M KOH_ vs RHE B_05_CVA_C02.txt,323,323,0,1.0000411,1.5907693,-0.007463920651833628,0.4555361600870953,0.04499024045603636,2.273547459205981,,2.273547459205981
690,0,345,B[N93]_NiC_acet_1M KOH_ vs RHE B_05_CVA_C02.txt,283,0,283,1.0098987,1.6000291,-0.146100281925073,0.2128537148237228,-0.012798198706955827,,-0.8342920418588308,-0.8342920418588308
691,0,345,B[N93]_NiC_acet_1M KOH_ vs RHE B_05_CVA_C02.txt,333,333,0,0.99999952,1.590858,-0.01810564681806644,0.4607217655065377,0.04330314499503726,2.2861949932081695,,2.2861949932081695
692,0,346,B[N93]_NiC_acet_1M KOH_ vs RHE B_05_CVA_C02.txt,283,0,283,1.0074991,1.6000493,-0.1455680553297172,0.2201533615589142,-0.012710590554227665,,-0.8295493103797001,-0.8295493103797001
693,0,347,B[N93]_NiC_acet_1M KOH_ vs RHE B_05_CVA_C02.txt,341,341,0,1.0001172,1.5902421,-0.01612490397311893,0.4565861315821582,0.04435560517491184,2.271124376021101,,2.271124376021101
694,0,347,B[N93]_NiC_acet_1M KOH_ vs RHE B_05_CVA_C02.txt,294,0,294,1.008801,1.6000012,-0.1454700840041884,0.1942382218397176,-0.012797315417505962,,-0.8274412223358313,-0.8274412223358313
695,0,347,B[N93]_NiC_acet_1M KOH_ vs RHE B_05_CVA_C02.txt,344,344,0,1.0000013,1.590245,-0.008513311173479948,0.4562504067676136,0.04189892291708202,2.2779309905008147,,2.2779309905008147
696,0,348,B[N93]_NiC_acet_1M KOH_ vs RHE B_05_CVA_C02.txt,287,0,287,1.0076191,1.5999175,-0.147422550360608,0.1968187369951389,-0.013645470564450706,,-0.8298706034109912,-0.8298706034109912
697,0,348,B[N93]_NiC_acet_1M KOH_ vs RHE B_05_CVA_C02.txt,324,324,0,1.0000196,1.591198,-0.01569931521131052,0.4551205307307595,0.044673693973874135,2.2967522960925018,,2.2967522960925018
698,0,349,B[N93]_NiC_acet_1M KOH_ vs RHE B_05_CVA_C02.txt,294,0,294,1.0097011,1.6000051,-0.1460706324254542,0.1943964932275855,-0.01231931084937859,,-0.8067242316063723,-0.8067242316063723
699,0,349,B[N93]_NiC_acet_1M KOH_ vs RHE B_05_CVA_C02.txt,334,334,0,1.0000013,1.5905374,-0.02027307505915432,0.4569251624781803,0.04355843041700461,2.300522101129469,,2.300522101129469
700,0,350,B[N93]_NiC_acet_1M KOH_ vs RHE B_05_CVA_C02.txt,287,0,287,1.009499,1.5999713,-0.1456675682739966,0.2094552665948868,-0.012114494793317294,,-0.8010282298324443,-0.8010282298324443
701,0,350,B[N93]_NiC_acet_1M KOH_ vs RHE B_05_CVA_C02.txt,336,336,0,0.99999946,1.5915619,-0.007862961747705413,0.4584091197281435,0.04243844685716445,2.3298903900343584,,2.3298903900343584
702,0,351,B[N93]_NiC_acet_1M KOH_ vs RHE B_05_CVA_C02.txt,281,0,281,1.008823,1.5999248,-0.1450590375542793,0.1815060086940464,-0.013025437028499762,,-0.8030831532427134,-0.8030831532427134
703,0,351,B[N93]_NiC_acet_1M KOH_ vs RHE B_05_CVA_C02.txt,338,338,0,1.0000254,1.5911924,-0.007640804563964404,0.458071671894249,0.04425664791385498,2.319071494357037,,2.319071494357037
704,0,352,B[N93]_NiC_acet_1M KOH_ vs RHE B_05_CVA_C02.txt,283,0,283,1.008103,1.5999972,-0.1462229189130496,0.2163030803203583,-0.012201284951928832,,-0.8028285104506565,-0.8028285104506565
705,0,352,B[N93]_NiC_acet_1M KOH_ vs RHE B_05_CVA_C02.txt,334,334,0,0.99995136,1.5901263,-0.008925393455249467,0.461960951833051,0.04305143959839196,2.3055196453882654,,2.3055196453882654
706,0,353,B[N93]_NiC_acet_1M KOH_ vs RHE B_05_CVA_C02.txt,296,0,296,1.0080869,1.5999388,-0.1460934151481426,0.2098227277878792,-0.012906878469699854,,-0.8107529256149034,-0.8107529256149034
707,0,353,B[N93]_NiC_acet_1M KOH_ vs RHE B_05_CVA_C02.txt,325,325,0,0.99995136,1.5911101,-0.008947482075718882,0.4565511560297679,0.04390053025299697,2.3227275266818865,,2.3227275266818865
708,0,354,B[N93]_NiC_acet_1M KOH_ vs RHE B_05_CVA_C02.txt,283,0,283,1.0080991,1.6000433,-0.1463119535542909,0.1996055297229602,-0.012384396511361166,,-0.8020013336370285,-0.8020013336370285
709,0,355,B[N93]_NiC_acet_1M KOH_ vs RHE B_05_CVA_C02.txt,327,327,0,1.0002153,1.5916111,-0.009566909642890096,0.4595582924133312,0.04472112512946625,2.3284570873132244,,2.3284570873132244
710,0,355,B[N93]_NiC_acet_1M KOH_ vs RHE B_05_CVA_C02.txt,289,0,289,1.0099028,1.5999873,-0.1471641631178644,0.2092716648526811,-0.012382066206536714,,-0.8058744292283914,-0.8058744292283914
711,0,355,B[N93]_NiC_acet_1M KOH_ vs RHE B_05_CVA_C02.txt,325,325,0,1.0000033,1.5904791,-0.007650482729796973,0.4580435615274903,0.043593214768684614,2.310365196424436,,2.310365196424436
712,0,356,B[N93]_NiC_acet_1M KOH_ vs RHE B_05_CVA_C02.txt,295,0,295,1.0092989,1.6000012,-0.1476785425347917,0.2078754357669665,-0.012384710117839913,,-0.8047971432470094,-0.8047971432470094
713,0,356,B[N93]_NiC_acet_1M KOH_ vs RHE B_05_CVA_C02.txt,331,331,0,0.99999952,1.5913035,-0.01799828728215526,0.46203527816877,0.045126338768052894,2.3331504574102855,,2.3331504574102855
714,0,357,B[N93]_NiC_acet_1M KOH_ vs RHE B_05_CVA_C02.txt,301,0,301,1.0098987,1.6000111,-0.1487061235205308,0.1932221670513568,-0.012559726288377461,,-0.8051478692499845,-0.8051478692499845
715,0,357,B[N93]_NiC_acet_1M KOH_ vs RHE B_05_CVA_C02.txt,339,339,0,0.99999952,1.5916433,-0.01822656606647957,0.4588061051963468,0.04520758541163829,2.33345235490286,,2.33345235490286
716,0,358,B[N93]_NiC_acet_1M KOH_ vs RHE B_05_CVA_C02.txt,285,0,285,1.0096987,1.5999992,-0.1480741480224488,0.1927594339593925,-0.012499260346014446,,-0.8111625812990936,-0.8111625812990936
717,0,358,B[N93]_NiC_acet_1M KOH_ vs RHE B_05_CVA_C02.txt,346,346,0,0.99999946,1.5903382,-0.009642599150538445,0.4581145476336204,0.04260000450778892,2.3104160275120087,,2.3104160275120087
718,0,359,B[N93]_NiC_acet_1M KOH_ vs RHE B_05_CVA_C02.txt,289,0,289,1.0092691,1.5999711,-0.1477760820854323,0.21483592291673,-0.01299062537715513,,-0.8143617930538786,-0.8143617930538786
719,0,359,B[N93]_NiC_acet_1M KOH_ vs RHE B_05_CVA_C02.txt,327,327,0,0.99996942,1.5915542,-0.01120817475020885,0.4553637642492703,0.04541239304687858,2.332918171037346,,2.332918171037346
720,0,360,B[N93]_NiC_acet_1M KOH_ vs RHE B_05_CVA_C02.txt,299,0,299,1.0089029,1.6000172,-0.1480553340257811,0.1953239975416139,-0.01210316919316565,,-0.8096756155435305,-0.8096756155435305
721,0,360,B[N93]_NiC_acet_1M KOH_ vs RHE B_05_CVA_C02.txt,328,328,0,1.0000033,1.5900549,-0.008163606718864156,0.4570294090486424,0.04448274865912502,2.3100401467553673,,2.3100401467553673
722,0,361,B[N93]_NiC_acet_1M KOH_ vs RHE B_05_CVA_C02.txt,281,0,281,1.0091991,1.6000253,-0.1479799036320792,0.2166849225759506,-0.012190256955918397,,-0.808214545056291,-0.808214545056291
723,0,361,B[N93]_NiC_acet_1M KOH_ vs RHE B_05_CVA_C02.txt,329,329,0,0.99999946,1.5907229,-0.007402184716205781,0.4553291172551135,0.046114658800723844,2.319459726964161,,2.319459726964161
724,0,362,B[N93]_NiC_acet_1M KOH_ vs RHE B_05_CVA_C02.txt,299,0,299,1.008603,1.5999851,-0.1497057107759021,0.2164558172225952,-0.012147375143117206,,-0.8129529435550993,-0.8129529435550993
725,0,362,B[N93]_NiC_acet_1M KOH_ vs RHE B_05_CVA_C02.txt,338,338,0,0.99995136,1.590293,-0.00970110890696954,0.4597774717471457,0.043659634730722235,2.3152461012147616,,2.3152461012147616
726,0,363,B[N93]_NiC_acet_1M KOH_ vs RHE B_05_CVA_C02.txt,294,0,294,1.0090991,1.5999793,-0.1484785495601866,0.2133055627346039,-0.012649455649367638,,-0.8161267787130391,-0.8161267787130391
727,0,363,B[N93]_NiC_acet_1M KOH_ vs RHE B_05_CVA_C02.txt,331,331,0,0.99995136,1.5908751,-0.007975725314221568,0.460348921127177,0.04421495795854021,2.3294315919622464,,2.3294315919622464
728,0,364,B[N93]_NiC_acet_1M KOH_ vs RHE B_05_CVA_C02.txt,290,0,290,1.0091991,1.5999851,-0.1513112747978993,0.2050194591283798,-0.012348745286097954,,-0.818724476602291,-0.818724476602291
729,0,364,B[N93]_NiC_acet_1M KOH_ vs RHE B_05_CVA_C02.txt,328,328,0,0.99999946,1.5914272,-0.009311899456772674,0.4599189079608568,0.04397017764447027,2.332446466547844,,2.332446466547844
730,0,365,B[N93]_NiC_acet_1M KOH_ vs RHE B_05_CVA_C02.txt,297,0,297,1.0090989,1.6000233,-0.1482874187958254,0.207291454076767,-0.012341606002602873,,-0.8203191068268321,-0.8203191068268321
731,0,365,B[N93]_NiC_acet_1M KOH_ vs RHE B_05_CVA_C02.txt,345,345,0,0.99999946,1.5913121,-0.01617811209238743,0.4618889914271151,0.041349640767870954,2.3295942544396735,,2.3295942544396735
732,0,366,B[N93]_NiC_acet_1M KOH_ vs RHE B_05_CVA_C02.txt,301,0,301,1.0086988,1.5999652,-0.150242928353338,0.2042595096256417,-0.012316384702724593,,-0.8230242434539463,-0.8230242434539463
733,0,366,B[N93]_NiC_acet_1M KOH_ vs RHE B_05_CVA_C02.txt,344,344,0,0.99999946,1.5908203,-0.008557898888930587,0.4599866098780572,0.04195599326694658,2.3256284461625403,,2.3256284461625403
734,0,367,B[N93]_NiC_acet_1M KOH_ vs RHE B_05_CVA_C02.txt,283,0,283,1.0080628,1.5999647,-0.1489877558978965,0.1891872849729326,-0.013220578815535306,,-0.8259127952918145,-0.8259127952918145
735,0,367,B[N93]_NiC_acet_1M KOH_ vs RHE B_05_CVA_C02.txt,342,342,0,0.99996352,1.5911491,-0.01728965505026281,0.4600534199671462,0.0432892589142514,2.331634943309652,,2.331634943309652
736,0,368,B[N93]_NiC_acet_1M KOH_ vs RHE B_05_CVA_C02.txt,286,0,286,1.0076491,1.6000092,-0.1505415432169436,0.2136937826871872,-0.012861821398862383,,-0.828587654593758,-0.828587654593758
737,0,368,B[N93]_NiC_acet_1M KOH_ vs RHE B_05_CVA_C02.txt,342,342,0,0.99995136,1.5900867,-0.009081062382450988,0.4557770482618209,0.04253157085635674,2.3144017744084286,,2.3144017744084286
738,0,369,B[N93]_NiC_acet_1M KOH_ vs RHE B_05_CVA_C02.txt,297,0,297,1.007749,1.5999792,-0.1501908944730719,0.204598599154016,-0.012585590846492748,,-0.8272986413008648,-0.8272986413008648
739,0,369,B[N93]_NiC_acet_1M KOH_ vs RHE B_05_CVA_C02.txt,342,342,0,0.99999964,1.5899349,-0.009920291942437182,0.4621672874758405,0.04205343245798631,2.3243114742424913,,2.3243114742424913
740,0,370,B[N93]_NiC_acet_1M KOH_ vs RHE B_05_CVA_C02.txt,290,0,290,1.008899,1.5999873,-0.15218706120527,0.2238572835922241,-0.012421913528912882,,-0.8126665731399385,-0.8126665731399385
741,0,371,B[N93]_NiC_acet_1M KOH_ vs RHE B_05_CVA_C02.txt,323,323,0,1.0001274,1.5900642,-0.009473798843688153,0.4635527365062315,0.04658982282623071,2.329909657637812,,2.329909657637812
742,0,371,B[N93]_NiC_acet_1M KOH_ vs RHE B_05_CVA_C02.txt,291,0,291,1.0078992,1.6000313,-0.1518730849320824,0.1966937984461365,-0.012468266396222127,,-0.814830277521188,-0.814830277521188
743,0,371,B[N93]_NiC_acet_1M KOH_ vs RHE B_05_CVA_C02.txt,339,339,0,0.99995118,1.5913669,-0.03518503159284592,0.4629920071556395,0.04460736976319829,2.3502071109164313,,2.3502071109164313
744,0,372,B[N93]_NiC_acet_1M KOH_ vs RHE B_05_CVA_C02.txt,313,0,313,1.0092989,1.6000313,-0.1514928045736178,0.2161630541086197,-0.01237577636487157,,-0.8127845778053646,-0.8127845778053646
745,0,372,B[N93]_NiC_acet_1M KOH_ vs RHE B_05_CVA_C02.txt,329,329,0,0.99999946,1.5900234,-0.008827991783618927,0.4629839470499419,0.045271324235263824,2.329826141580364,,2.329826141580364
746,0,373,B[N93]_NiC_acet_1M KOH_ vs RHE B_05_CVA_C02.txt,297,0,297,1.0078992,1.6000333,-0.1512337344353853,0.2258492708206177,-0.012057445766316996,,-0.7896762415486839,-0.7896762415486839
747,0,373,B[N93]_NiC_acet_1M KOH_ vs RHE B_05_CVA_C02.txt,324,324,0,0.99999946,1.5900972,-0.008199233734429823,0.4637545499036904,0.045346941427279276,2.348411928238108,,2.348411928238108
748,0,374,B[N93]_NiC_acet_1M KOH_ vs RHE B_05_CVA_C02.txt,288,0,288,1.007599,1.6000133,-0.1517205187794741,0.2014711862025051,-0.012270490379038846,,-0.7919075086846276,-0.7919075086846276
749,0,374,B[N93]_NiC_acet_1M KOH_ vs RHE B_05_CVA_C02.txt,339,339,0,0.99995136,1.5911105,-0.009729718781605778,0.4587509019555246,0.043713449607594025,2.368952879781327,,2.368952879781327
750,0,375,B[N93]_NiC_acet_1M KOH_ vs RHE B_05_CVA_C02.txt,293,0,293,1.007617,1.5999187,-0.149655623315966,0.2184594044598134,-0.012565002384946415,,-0.793460736767621,-0.793460736767621
751,0,375,B[N93]_NiC_acet_1M KOH_ vs RHE B_05_CVA_C02.txt,332,332,0,1.0000348,1.5900682,-0.00692603015560242,0.4612966768886341,0.04465589130813128,2.3461158332114738,,2.3461158332114738
752,0,376,B[N93]_NiC_acet_1M KOH_ vs RHE B_05_CVA_C02.txt,290,0,290,1.0082871,1.5999837,-0.152318105438997,0.204245425760746,-0.01262159510927161,,-0.7963175554067442,-0.7963175554067442
753,0,377,B[N93]_NiC_acet_1M KOH_ vs RHE B_05_CVA_C02.txt,334,334,0,1.0000793,1.5901946,-0.02180444821715355,0.4662215864588806,0.04476543813148398,2.3537311300456305,,2.3537311300456305
754,0,377,B[N93]_NiC_acet_1M KOH_ vs RHE B_05_CVA_C02.txt,302,0,302,1.0091988,1.6000172,-0.1509742594538349,0.222259908914566,-0.01176631187464852,,-0.7966527601102685,-0.7966527601102685
755,0,377,B[N93]_NiC_acet_1M KOH_ vs RHE B_05_CVA_C02.txt,344,344,0,0.99999952,1.5912353,-0.01726959437212866,0.4684402460006876,0.04254820496535346,2.364332927473247,,2.364332927473247
756,0,378,B[N93]_NiC_acet_1M KOH_ vs RHE B_05_CVA_C02.txt,295,0,295,1.009299,1.6000493,-0.1520409605115756,0.2100725919008255,-0.01237611798265009,,-0.7982978841731608,-0.7982978841731608
757,0,378,B[N93]_NiC_acet_1M KOH_ vs RHE B_05_CVA_C02.txt,350,350,0,0.99999964,1.5911224,-0.01780796185156092,0.4698405905510463,0.04272529648805705,2.3592663646057654,,2.3592663646057654
758,0,379,B[N93]_NiC_acet_1M KOH_ vs RHE B_05_CVA_C02.txt,288,0,288,1.0096312,1.5999326,-0.1516272611157383,0.1935075008693863,-0.013263598769016092,,-0.8052153660770064,-0.8052153660770064
759,0,379,B[N93]_NiC_acet_1M KOH_ vs RHE B_05_CVA_C02.txt,330,330,0,1.0000262,1.5907612,-0.01016966716043534,0.4659723229842685,0.046188749692002234,2.3614630511948698,,2.3614630511948698
760,0,380,B[N93]_NiC_acet_1M KOH_ vs RHE B_05_CVA_C02.txt,288,0,288,1.0087988,1.5999852,-0.1516878489772591,0.2173038584754822,-0.012029580327065168,,-0.8032561210363164,-0.8032561210363164
761,0,380,B[N93]_NiC_acet_1M KOH_ vs RHE B_05_CVA_C02.txt,330,330,0,0.99999952,1.5907123,-0.01776046124691873,0.4663457422198789,0.04530246594121253,2.36134200021989,,2.36134200021989
762,0,381,B[N93]_NiC_acet_1M KOH_ vs RHE B_05_CVA_C02.txt,292,0,292,1.0096029,1.5999893,-0.1520774190786007,0.2062870328841,-0.011996325207123182,,-0.8047469567034288,-0.8047469567034288
763,0,381,B[N93]_NiC_acet_1M KOH_ vs RHE B_05_CVA_C02.txt,333,333,0,1.0000035,1.591666,-0.01778412065671191,0.4594224993949604,0.045056446249734886,2.3746566539754865,,2.3746566539754865
764,0,382,B[N93]_NiC_acet_1M KOH_ vs RHE B_05_CVA_C02.txt,305,0,305,1.0088331,1.5999347,-0.1527097656896484,0.2175284574429193,-0.013101778557303642,,-0.8096095820941513,-0.8096095820941513
765,0,382,B[N93]_NiC_acet_1M KOH_ vs RHE B_05_CVA_C02.txt,335,335,0,1.0000149,1.5906975,-0.01440141434432007,0.4629849359204794,0.04249375679283666,2.357739379927959,,2.357739379927959
766,0,383,B[N93]_NiC_acet_1M KOH_ vs RHE B_05_CVA_C02.txt,281,0,281,1.0091993,1.6000433,-0.152710945235009,0.2154909573171446,-0.012239538505845724,,-0.8103501671353013,-0.8103501671353013
767,0,383,B[N93]_NiC_acet_1M KOH_ vs RHE B_05_CVA_C02.txt,332,332,0,0.99999946,1.5908674,-0.01162820775061846,0.4668324749362309,0.04484939212764681,2.359264571617002,,2.359264571617002
768,0,384,B[N93]_NiC_acet_1M KOH_ vs RHE B_05_CVA_C02.txt,305,0,305,1.009499,1.6000133,-0.1540641478368152,0.2086661010980606,-0.012091528426190937,,-0.8148575587022449,-0.8148575587022449
769,0,384,B[N93]_NiC_acet_1M KOH_ vs RHE B_05_CVA_C02.txt,328,328,0,0.99996984,1.5900792,-0.009503007725633408,0.4698833105255602,0.04609860541562945,2.3532693349531133,,2.3532693349531133
770,0,385,B[N93]_NiC_acet_1M KOH_ vs RHE B_05_CVA_C02.txt,282,0,282,1.0090111,1.5999116,-0.1522540860061534,0.2180076488717031,-0.013264196688377845,,-0.8176021006428125,-0.8176021006428125
771,0,385,B[N93]_NiC_acet_1M KOH_ vs RHE B_05_CVA_C02.txt,316,316,0,1.0000113,1.5917082,-0.02853133343160152,0.4660899858953762,0.04416272438878055,2.37706765380795,,2.37706765380795
772,0,386,B[N93]_NiC_acet_1M KOH_ vs RHE B_05_CVA_C02.txt,282,0,282,1.0087988,1.6000153,-0.1528668138224243,0.1998144156755286,-0.012389437771810277,,-0.8169013663445457,-0.8169013663445457
773,0,386,B[N93]_NiC_acet_1M KOH_ vs RHE B_05_CVA_C02.txt,340,340,0,0.99999952,1.5911071,-0.01748071655469099,0.4626134928798415,0.043917267127202966,2.3632088414835084,,2.3632088414835084
774,0,387,B[N93]_NiC_acet_1M KOH_ vs RHE B_05_CVA_C02.txt,296,0,296,1.009799,1.5999513,-0.152733508624991,0.2127258716070131,-0.012679134679570866,,-0.8185457869528685,-0.8185457869528685
775,0,387,B[N93]_NiC_acet_1M KOH_ vs RHE B_05_CVA_C02.txt,353,353,0,0.99995136,1.5909487,-0.008858533299018312,0.4671469741083261,0.04224575020266805,2.3546241204098437,,2.3546241204098437
776,0,388,B[N93]_NiC_acet_1M KOH_ vs RHE B_05_CVA_C02.txt,292,0,292,1.0089989,1.6000172,-0.1545213262674929,0.2261738330125809,-0.01228902304008937,,-0.8248713427594635,-0.8248713427594635
777,0,388,B[N93]_NiC_acet_1M KOH_ vs RHE B_05_CVA_C02.txt,332,332,0,0.99999946,1.5903541,-0.007799037548853943,0.4724889081365982,0.04584225394011032,2.3577655730168448,,2.3577655730168448
778,0,389,B[N93]_NiC_acet_1M KOH_ vs RHE B_05_CVA_C02.txt,287,0,287,1.0081488,1.5999693,-0.153844862940763,0.2179457036697343,-0.012488028391910268,,-0.8247180564467371,-0.8247180564467371
779,0,389,B[N93]_NiC_acet_1M KOH_ vs RHE B_05_CVA_C02.txt,331,331,0,0.99999946,1.5905175,-0.008156563087671306,0.4688463340263276,0.046392563234940655,2.357339494247249,,2.357339494247249
780,0,390,B[N93]_NiC_acet_1M KOH_ vs RHE B_05_CVA_C02.txt,280,0,280,1.0082078,1.5999535,-0.1539610962429676,0.205145639569863,-0.013336155475375982,,-0.8315653297948935,-0.8315653297948935
781,0,390,B[N93]_NiC_acet_1M KOH_ vs RHE B_05_CVA_C02.txt,334,334,0,0.99996054,1.5908449,-0.008346041753246464,0.4660878972266396,0.04465823055577892,2.3591922179873666,,2.3591922179873666
782,0,391,B[N93]_NiC_acet_1M KOH_ vs RHE B_05_CVA_C02.txt,291,0,291,1.0083508,1.6000032,-0.1541277760868393,0.201513934718526,-0.012694556389510727,,-0.8308285817517299,-0.8308285817517299
783,0,391,B[N93]_NiC_acet_1M KOH_ vs RHE B_05_CVA_C02.txt,319,319,0,1.0000013,1.5902528,-0.008165267470056053,0.4653266226085293,0.04622796147129345,2.352269851688082,,2.352269851688082
784,0,392,B[N93]_NiC_acet_1M KOH_ vs RHE B_05_CVA_C02.txt,289,0,289,1.0093029,1.599997,-0.1536916958401529,0.2094393596053123,-0.013418806327562155,,-0.8337622030285784,-0.8337622030285784
785,0,392,B[N93]_NiC_acet_1M KOH_ vs RHE B_05_CVA_C02.txt,327,327,0,1.0000035,1.5916181,-0.01725119369549921,0.4615937080593353,0.04730590672902506,2.3657484029604143,,2.3657484029604143
786,0,393,B[N93]_NiC_acet_1M KOH_ vs RHE B_05_CVA_C02.txt,292,0,292,1.007799,1.6000233,-0.1555514075614246,0.2315006256103516,-0.012518845316026879,,-0.8358785419236704,-0.8358785419236704
787,0,393,B[N93]_NiC_acet_1M KOH_ vs RHE B_05_CVA_C02.txt,330,330,0,0.99999934,1.5900557,-0.02655845135450363,0.4672685491728474,0.043065724206090075,2.344543316671981,,2.344543316671981
788,0,394,B[N93]_NiC_acet_1M KOH_ vs RHE B_05_CVA_C02.txt,289,0,289,1.0084012,1.5999893,-0.1563269539495491,0.2248309999704361,-0.012919988256912752,,-0.8376457597563904,-0.8376457597563904
789,0,395,B[N93]_NiC_acet_1M KOH_ vs RHE B_05_CVA_C02.txt,321,321,0,1.0001332,1.5914769,-0.00786064453423023,0.4666398379448014,0.046291327885154075,2.3722586424268224,,2.3722586424268224
790,0,395,B[N93]_NiC_acet_1M KOH_ vs RHE B_05_CVA_C02.txt,291,0,291,1.0097013,1.5999893,-0.1568679349070198,0.2130985914365104,-0.012948520642719535,,-0.8463064479108382,-0.8463064479108382
791,0,395,B[N93]_NiC_acet_1M KOH_ vs RHE B_05_CVA_C02.txt,308,308,0,0.99995118,1.5901841,-0.03003687225282192,0.4682061456590878,0.04655945276474803,2.348180962182973,,2.348180962182973
792,0,396,B[N93]_NiC_acet_1M KOH_ vs RHE B_05_CVA_C02.txt,304,0,304,1.0098991,1.5999893,-0.1548485148496632,0.210537716422392,-0.013079238934477006,,-0.8430622260106062,-0.8430622260106062
793,0,397,B[N93]_NiC_acet_1M KOH_ vs RHE B_05_CVA_C02.txt,321,321,0,1.0000732,1.5900794,-0.008962354634086695,0.4689421802107203,0.04606441714020423,2.3521199247784255,,2.3521199247784255
794,0,397,B[N93]_NiC_acet_1M KOH_ vs RHE B_05_CVA_C02.txt,308,0,308,1.008599,1.6000352,-0.1551816306196932,0.2297632098197937,-0.01293034966297728,,-0.8451414830678864,-0.8451414830678864
795,0,397,B[N93]_NiC_acet_1M KOH_ vs RHE B_05_CVA_C02.txt,324,324,0,0.99995118,1.59097,-0.03458507359027863,0.4713916216084264,0.04775083597060702,2.3586986705401776,,2.3586986705401776
796,0,398,B[N93]_NiC_acet_1M KOH_ vs RHE B_05_CVA_C02.txt,287,0,287,1.0085311,1.599929,-0.1553268764333873,0.1969847521848149,-0.013870060249008855,,-0.8573433097977929,-0.8573433097977929
797,0,399,B[N93]_NiC_acet_1M KOH_ vs RHE B_05_CVA_C02.txt,330,330,0,1.0002513,1.5899192,-0.01234086666954681,0.4650958674008008,0.04511648405982734,2.345733629329651,,2.345733629329651
798,0,399,B[N93]_NiC_acet_1M KOH_ vs RHE B_05_CVA_C02.txt,308,0,308,1.0091991,1.6000053,-0.1554413919892652,0.2178955709046504,-0.013081972794609367,,-0.8497770350896515,-0.8497770350896515
799,0,399,B[N93]_NiC_acet_1M KOH_ vs RHE B_05_CVA_C02.txt,330,330,0,0.99999952,1.5908526,-0.008206812576804279,0.4687963817335641,0.04388485890589262,2.360580022635879,,2.360580022635879
800,0,400,B[N93]_NiC_acet_1M KOH_ vs RHE B_05_CVA_C02.txt,296,0,296,1.0097849,1.5999836,-0.1568342000759773,0.2119889911264181,-0.013806412592913696,,-0.8512409098219788,-0.8512409098219788
801,0,401,B[N93]_NiC_acet_1M KOH_ vs RHE B_05_CVA_C02.txt,314,314,0,0.99997205,1.5909194,-0.008443452265615076,0.4889160935813086,0.04722169802492632,2.5201895464946014,,2.5201895464946014
802,0,401,B[N93]_NiC_acet_1M KOH_ vs RHE B_05_CVA_C02.txt,299,0,299,1.009499,1.6000292,-0.1555424049009335,0.2362482398748398,-0.010905404534021685,,-0.7270438423257655,-0.7270438423257655
803,0,401,B[N93]_NiC_acet_1M KOH_ vs RHE B_05_CVA_C02.txt,317,317,0,0.99999946,1.590551,-0.008192348484880388,0.4696872483875718,0.048066215126579166,2.4409488515142863,,2.4409488515142863
804,0,402,B[N93]_NiC_acet_1M KOH_ vs RHE B_05_CVA_C02.txt,292,0,292,1.0083989,1.5999593,-0.1553246779264579,0.2262455017670337,-0.010611530435451483,,-0.733143284069976,-0.733143284069976
805,0,402,B[N93]_NiC_acet_1M KOH_ vs RHE B_05_CVA_C02.txt,346,346,0,0.99999946,1.5909687,-0.00961714331060648,0.4759010642700703,0.04684941000831797,2.4476516616382744,,2.4476516616382744
806,0,403,B[N93]_NiC_acet_1M KOH_ vs RHE B_05_CVA_C02.txt,290,0,290,1.0098008,1.5999832,-0.1555859719645645,0.2206427192558413,-0.010887523486540976,,-0.737629481679403,-0.737629481679403
807,0,403,B[N93]_NiC_acet_1M KOH_ vs RHE B_05_CVA_C02.txt,333,333,0,1.0000014,1.590395,-0.01725838723106554,0.4749146997786031,0.04843228189232804,2.437739622497392,,2.437739622497392
808,0,404,B[N93]_NiC_acet_1M KOH_ vs RHE B_05_CVA_C02.txt,290,0,290,1.0091988,1.6000053,-0.1564017228813001,0.227351188659668,-0.010717657751342192,,-0.7380001916568314,-0.7380001916568314
809,0,405,B[N93]_NiC_acet_1M KOH_ vs RHE B_05_CVA_C02.txt,333,333,0,1.0002352,1.5907254,-0.009690635182090096,0.4704607253307431,0.04477497167347782,2.440295146889491,,2.440295146889491
810,0,405,B[N93]_NiC_acet_1M KOH_ vs RHE B_05_CVA_C02.txt,292,0,292,1.0098431,1.5999438,-0.157674568948182,0.2032550919663034,-0.01172461802498096,,-0.7427680808659944,-0.7427680808659944
811,0,405,B[N93]_NiC_acet_1M KOH_ vs RHE B_05_CVA_C02.txt,333,333,0,0.9999882,1.5912449,-0.008990105316593111,0.471909763031454,0.04673426625600424,2.4445755530651816,,2.4445755530651816
812,0,406,B[N93]_NiC_acet_1M KOH_ vs RHE B_05_CVA_C02.txt,292,0,292,1.008341,1.599941,-0.1565418051015604,0.2303211291631064,-0.01163664150974103,,-0.7472214211912587,-0.7472214211912587
813,0,406,B[N93]_NiC_acet_1M KOH_ vs RHE B_05_CVA_C02.txt,340,340,0,1.0000415,1.5899101,-0.02954323031008244,0.4726897696486656,0.04474662022290837,2.427171407693979,,2.427171407693979
814,0,407,B[N93]_NiC_acet_1M KOH_ vs RHE B_05_CVA_C02.txt,289,0,289,1.0086988,1.6000053,-0.1569872074013747,0.224748283624649,-0.01101889257421389,,-0.7528550187818307,-0.7528550187818307
815,0,407,B[N93]_NiC_acet_1M KOH_ vs RHE B_05_CVA_C02.txt,321,321,0,0.99999946,1.590221,-0.009171655401587486,0.4736293356434267,0.047302936016016414,2.434350723792379,,2.434350723792379
816,0,408,B[N93]_NiC_acet_1M KOH_ vs RHE B_05_CVA_C02.txt,296,0,296,1.008599,1.5999932,-0.1580803270546762,0.2261038273572922,-0.011397142493923602,,-0.7569662640532725,-0.7569662640532725
817,0,408,B[N93]_NiC_acet_1M KOH_ vs RHE B_05_CVA_C02.txt,327,327,0,0.99999946,1.5898712,-0.03094912320375443,0.4728077354206042,0.04735541407114798,2.422335027679156,,2.422335027679156
818,0,409,B[N93]_NiC_acet_1M KOH_ vs RHE B_05_CVA_C02.txt,294,0,294,1.0085012,1.5999832,-0.1579925999714314,0.2252955883741379,-0.011331968836794763,,-0.7582876807910022,-0.7582876807910022
819,0,409,B[N93]_NiC_acet_1M KOH_ vs RHE B_05_CVA_C02.txt,315,315,0,1.0000013,1.5902966,-0.009861073541539186,0.4742294448501063,0.0478179705474467,2.43681201439925,,2.43681201439925
820,0,410,B[N93]_NiC_acet_1M KOH_ vs RHE B_05_CVA_C02.txt,294,0,294,1.0078571,1.599959,-0.1575362540746995,0.2373180290063219,-0.011808311750279465,,-0.7627163632953934,-0.7627163632953934
821,0,410,B[N93]_NiC_acet_1M KOH_ vs RHE B_05_CVA_C02.txt,328,328,0,0.99995744,1.5915982,-0.01872181764844322,0.4768080932009147,0.04609646301742053,2.4499166051625374,,2.4499166051625374
822,0,411,B[N93]_NiC_acet_1M KOH_ vs RHE B_05_CVA_C02.txt,291,0,291,1.0087991,1.6000053,-0.157801765707263,0.2255563758637593,-0.011392771559346336,,-0.7648390304457323,-0.7648390304457323
823,0,411,B[N93]_NiC_acet_1M KOH_ vs RHE B_05_CVA_C02.txt,332,332,0,0.99995136,1.591229,-0.009022320728231732,0.4737087883728819,0.04583597982896648,2.446009747436231,,2.446009747436231
824,0,412,B[N93]_NiC_acet_1M KOH_ vs RHE B_05_CVA_C02.txt,299,0,299,1.0082991,1.5999893,-0.15774749490833,0.2257636289881622,-0.011666718191260923,,-0.7706951326222087,-0.7706951326222087
825,0,412,B[N93]_NiC_acet_1M KOH_ vs RHE B_05_CVA_C02.txt,312,312,0,0.99999946,1.5914329,-0.01479463944839234,0.4701163587879549,0.04684218930498239,2.4447714818305726,,2.4447714818305726
826,0,413,B[N93]_NiC_acet_1M KOH_ vs RHE B_05_CVA_C02.txt,292,0,292,1.0095989,1.5999893,-0.1589736380980185,0.2243345975875854,-0.01163987634635637,,-0.7726086353855864,-0.7726086353855864
827,0,413,B[N93]_NiC_acet_1M KOH_ vs RHE B_05_CVA_C02.txt,317,317,0,0.99999952,1.5903995,-0.01742938868498997,0.4746298441118024,0.04590728287175761,2.4305430810697914,,2.4305430810697914
828,0,414,B[N93]_NiC_acet_1M KOH_ vs RHE B_05_CVA_C02.txt,295,0,295,1.009307,1.6000053,-0.1587223382228196,0.214662781552128,-0.011763218802632536,,-0.7754299644847634,-0.7754299644847634
829,0,414,B[N93]_NiC_acet_1M KOH_ vs RHE B_05_CVA_C02.txt,314,314,0,0.99995136,1.5900812,-0.01017463411523835,0.4747854888191725,0.04718373284115255,2.4273935365968655,,2.4273935365968655
830,0,415,B[N93]_NiC_acet_1M KOH_ vs RHE B_05_CVA_C02.txt,285,0,285,1.0090729,1.5999725,-0.1588973078826821,0.2295818275638983,-0.012320883786446286,,-0.7802584703236707,-0.7802584703236707
831,0,415,B[N93]_NiC_acet_1M KOH_ vs RHE B_05_CVA_C02.txt,330,330,0,0.99997342,1.5910521,-0.01410357761082909,0.4709265647370504,0.047009678848227265,2.4394588980649736,,2.4394588980649736
832,0,416,B[N93]_NiC_acet_1M KOH_ vs RHE B_05_CVA_C02.txt,296,0,296,1.008599,1.6000291,-0.1591407038305184,0.2460235506296158,-0.011545667280537304,,-0.780250911045185,-0.780250911045185
833,0,416,B[N93]_NiC_acet_1M KOH_ vs RHE B_05_CVA_C02.txt,317,317,0,0.99995136,1.5906671,-0.01021678093112965,0.4756334560396267,0.044384373924458854,2.430894164701827,,2.430894164701827
834,0,417,B[N93]_NiC_acet_1M KOH_ vs RHE B_05_CVA_C02.txt,289,0,289,1.0098987,1.6000311,-0.1577535586593444,0.2133069530777307,-0.011661294272570347,,-0.7838033321164571,-0.7838033321164571
835,0,417,B[N93]_NiC_acet_1M KOH_ vs RHE B_05_CVA_C02.txt,329,329,0,0.99999952,1.5899608,-0.01739770721684655,0.4726363201494301,0.04628632913022266,2.416049367154323,,2.416049367154323
836,0,418,B[N93]_NiC_acet_1M KOH_ vs RHE B_05_CVA_C02.txt,294,0,294,1.008201,1.6000211,-0.1588706771635442,0.215250350534915,-0.011821727645134096,,-0.7891055679370071,-0.7891055679370071
837,0,418,B[N93]_NiC_acet_1M KOH_ vs RHE B_05_CVA_C02.txt,319,319,0,1.0000013,1.5901196,-0.007956106215715408,0.4756049974898424,0.047555910497402765,2.424579284428471,,2.424579284428471
838,0,419,B[N93]_NiC_acet_1M KOH_ vs RHE B_05_CVA_C02.txt,298,0,298,1.0091491,1.5999652,-0.1605385945169768,0.2238654581748918,-0.01191987137873159,,-0.7945949015305857,-0.7945949015305857
839,0,420,B[N93]_NiC_acet_1M KOH_ vs RHE B_05_CVA_C02.txt,329,329,0,1.0002192,1.590598,-0.0106107310159132,0.475946860658726,0.046139410876515144,2.4292022988496926,,2.4292022988496926
840,0,420,B[N93]_NiC_acet_1M KOH_ vs RHE B_05_CVA_C02.txt,298,0,298,1.0084091,1.6000012,-0.1600343337678107,0.2238366691314653,-0.011866932904883306,,-0.7938585557376306,-0.7938585557376306
841,0,420,B[N93]_NiC_acet_1M KOH_ vs RHE B_05_CVA_C02.txt,311,311,0,1.0000154,1.5907105,-0.01490232689927024,0.468918260711519,0.04741582407791225,2.434289785223812,,2.434289785223812
842,0,421,B[N93]_NiC_acet_1M KOH_ vs RHE B_05_CVA_C02.txt,311,0,311,1.008003,1.5999972,-0.1596987529960889,0.2446170896291733,-0.011885584220548664,,-0.7925065414458687,-0.7925065414458687
843,0,421,B[N93]_NiC_acet_1M KOH_ vs RHE B_05_CVA_C02.txt,327,327,0,1.0000033,1.5913682,-0.009206290411092777,0.4765174340354408,0.04754664542130907,2.4447872105827866,,2.4447872105827866
844,0,422,B[N93]_NiC_acet_1M KOH_ vs RHE B_05_CVA_C02.txt,281,0,281,1.009201,1.5999752,-0.1597702946270603,0.2239591330289841,-0.011998565555459586,,-0.7996149461661242,-0.7996149461661242
845,0,422,B[N93]_NiC_acet_1M KOH_ vs RHE B_05_CVA_C02.txt,337,337,0,1.0000015,1.5915422,-0.03036420233547688,0.4759681595601371,0.046121815405996,2.4491717743469508,,2.4491717743469508
846,0,423,B[N93]_NiC_acet_1M KOH_ vs RHE B_05_CVA_C02.txt,293,0,293,1.0092051,1.5999552,-0.1599674779351892,0.2201597392559052,-0.012243770222072336,,-0.7976235370455521,-0.7976235370455521
847,0,423,B[N93]_NiC_acet_1M KOH_ vs RHE B_05_CVA_C02.txt,320,320,0,0.99995136,1.5901338,-0.009477666061611656,0.4751030418815692,0.04740906272944685,2.4278880744983984,,2.4278880744983984
848,0,424,B[N93]_NiC_acet_1M KOH_ vs RHE B_05_CVA_C02.txt,282,0,282,1.0087991,1.5999912,-0.161062535525639,0.2149015893327419,-0.012126051424857351,,-0.8020187467641193,-0.8020187467641193
849,0,424,B[N93]_NiC_acet_1M KOH_ vs RHE B_05_CVA_C02.txt,331,331,0,0.9999994,1.5905672,-0.02639073878526688,0.4754262727550236,0.04505285320181368,2.432796657712995,,2.432796657712995
850,0,425,B[N93]_NiC_acet_1M KOH_ vs RHE B_05_CVA_C02.txt,287,0,287,1.0079991,1.6000433,-0.1616167444966936,0.2149778086206187,-0.012316824724989819,,-0.7988504128189046,-0.7988504128189046
851,0,425,B[N93]_NiC_acet_1M KOH_ vs RHE B_05_CVA_C02.txt,328,328,0,0.99995136,1.5899762,-0.00919321151539973,0.4741685078575103,0.04667675576574049,2.4306460046635396,,2.4306460046635396
852,0,426,B[N93]_NiC_acet_1M KOH_ vs RHE B_05_CVA_C02.txt,308,0,308,1.008599,1.5999652,-0.1612450605604376,0.2386220693588257,-0.012030561656707229,,-0.7965384232661633,-0.7965384232661633
853,0,426,B[N93]_NiC_acet_1M KOH_ vs RHE B_05_CVA_C02.txt,331,331,0,0.99999952,1.5913663,-0.0164995340468443,0.4751222075590715,0.04824098699704219,2.4497185889317232,,2.4497185889317232
854,0,427,B[N93]_NiC_acet_1M KOH_ vs RHE B_05_CVA_C02.txt,285,0,285,1.009903,1.5999041,-0.1625904415760164,0.230555408944686,-0.012688732707788055,,-0.8010099142156265,-0.8010099142156265
855,0,428,B[N93]_NiC_acet_1M KOH_ vs RHE B_05_CVA_C02.txt,307,307,0,1.0002953,1.5916661,-0.009421446314396993,0.4745437653891393,0.04849337716417763,2.462558306199477,,2.462558306199477
856,0,428,B[N93]_NiC_acet_1M KOH_ vs RHE B_05_CVA_C02.txt,293,0,293,1.0095049,1.5999793,-0.1617278507387763,0.2297445185806435,-0.01218506793821037,,-0.8015939522980359,-0.8015939522980359
857,0,428,B[N93]_NiC_acet_1M KOH_ vs RHE B_05_CVA_C02.txt,320,320,0,0.99995518,1.5914299,-0.008887390606105328,0.476579588758236,0.0482544033092843,2.4488881348958262,,2.4488881348958262
858,0,429,B[N93]_NiC_acet_1M KOH_ vs RHE B_05_CVA_C02.txt,289,0,289,1.0097489,1.6000493,-0.1616322390041236,0.2565052807331085,-0.011782626271593172,,-0.8026857542580247,-0.8026857542580247
859,0,429,B[N93]_NiC_acet_1M KOH_ vs RHE B_05_CVA_C02.txt,334,334,0,0.99999946,1.5909301,-0.0124411569862708,0.4748547115960555,0.045915095601269156,2.437269893050666,,2.437269893050666
860,0,430,B[N93]_NiC_acet_1M KOH_ vs RHE B_05_CVA_C02.txt,289,0,289,1.0098987,1.5999892,-0.1619355500500703,0.2425232827663422,-0.012089400274400008,,-0.8047761409034309,-0.8047761409034309
861,0,430,B[N93]_NiC_acet_1M KOH_ vs RHE B_05_CVA_C02.txt,336,336,0,0.99999946,1.5907091,-0.009699876420199873,0.4775999461948579,0.046518340310946045,2.444662474446524,,2.444662474446524
862,0,431,B[N93]_NiC_acet_1M KOH_ vs RHE B_05_CVA_C02.txt,286,0,286,1.0077012,1.599902,-0.1613885753476508,0.2316967251957679,-0.013109622404674334,,-0.8175272378488222,-0.8175272378488222
863,0,431,B[N93]_NiC_acet_1M KOH_ vs RHE B_05_CVA_C02.txt,314,314,0,1.0000377,1.5900568,-0.01698608282657171,0.4758501337774276,0.047141878624401924,2.424614483424513,,2.424614483424513
864,0,432,B[N93]_NiC_acet_1M KOH_ vs RHE B_05_CVA_C02.txt,290,0,290,1.0079993,1.6000191,-0.1625656349479135,0.2154426844196116,-0.012531254697165355,,-0.8108397930684534,-0.8108397930684534
865,0,432,B[N93]_NiC_acet_1M KOH_ vs RHE B_05_CVA_C02.txt,315,315,0,0.99995136,1.590256,-0.008377666680474675,0.4748454549007999,0.046527662809596096,2.430748560218382,,2.430748560218382
866,0,433,B[N93]_NiC_acet_1M KOH_ vs RHE B_05_CVA_C02.txt,301,0,301,1.0092989,1.5999652,-0.1637647104826794,0.223749116063118,-0.012378950870233232,,-0.8164333586907777,-0.8164333586907777
867,0,433,B[N93]_NiC_acet_1M KOH_ vs RHE B_05_CVA_C02.txt,311,311,0,0.99999952,1.5913738,-0.01715808386064097,0.4744775289240793,0.04867825290289957,2.4540506757817755,,2.4540506757817755
868,0,434,B[N93]_NiC_acet_1M KOH_ vs RHE B_05_CVA_C02.txt,294,0,294,1.0090991,1.5999771,-0.1625306133940074,0.2302154508676932,-0.012593141070090194,,-0.818225369852295,-0.818225369852295
869,0,434,B[N93]_NiC_acet_1M KOH_ vs RHE B_05_CVA_C02.txt,313,313,0,0.99999964,1.5911618,-0.02542563714087009,0.4756929862382866,0.048828548679009334,2.450116156596989,,2.450116156596989
870,0,435,B[N93]_NiC_acet_1M KOH_ vs RHE B_05_CVA_C02.txt,303,0,303,1.0079031,1.6000172,-0.1627995042318229,0.2338935185385784,-0.012179467840328358,,-0.8192511713440181,-0.8192511713440181
871,0,435,B[N93]_NiC_acet_1M KOH_ vs RHE B_05_CVA_C02.txt,324,324,0,1.0000035,1.5905401,-0.01429367196523465,0.4853711002424399,0.0468934661018064,2.4460607650747614,,2.4460607650747614
872,0,436,B[N93]_NiC_acet_1M KOH_ vs RHE B_05_CVA_C02.txt,287,0,287,1.0082692,1.5999701,-0.1653304387719149,0.2283745616674424,-0.013094458793390001,,-0.8126929315648552,-0.8126929315648552
873,0,436,B[N93]_NiC_acet_1M KOH_ vs RHE B_05_CVA_C02.txt,326,326,0,0.99995136,1.5907409,-0.01102790326310832,0.4871742200830509,0.046798268091308534,2.4471725177496224,,2.4471725177496224
874,0,437,B[N93]_NiC_acet_1M KOH_ vs RHE B_05_CVA_C02.txt,293,0,293,1.0082988,1.5999932,-0.164096729527356,0.2426059991121292,-0.012008929949328624,,-0.8152517705670017,-0.8152517705670017
875,0,437,B[N93]_NiC_acet_1M KOH_ vs RHE B_05_CVA_C02.txt,317,317,0,0.99999946,1.591222,-0.00851614959537983,0.486514562232089,0.04900357862272864,2.490136198483696,,2.490136198483696
876,0,438,B[N93]_NiC_acet_1M KOH_ vs RHE B_05_CVA_C02.txt,310,0,310,1.0083989,1.6000253,-0.1658559569959068,0.2209872091593947,-0.011377823576756166,,-0.7711193226456025,-0.7711193226456025
877,0,438,B[N93]_NiC_acet_1M KOH_ vs RHE B_05_CVA_C02.txt,324,324,0,0.99999946,1.5900952,-0.008594245599813616,0.4871684211036271,0.04852801205252503,2.4761543900283116,,2.4761543900283116
878,0,439,B[N93]_NiC_acet_1M KOH_ vs RHE B_05_CVA_C02.txt,293,0,293,1.0098011,1.6000111,-0.1657383287242205,0.2303319615514381,-0.01165419852354479,,-0.7751755058223455,-0.7751755058223455
879,0,439,B[N93]_NiC_acet_1M KOH_ vs RHE B_05_CVA_C02.txt,337,337,0,0.99995136,1.5898861,-0.009585845898155976,0.4857657747426476,0.04549808549029007,2.4718583650847585,,2.4718583650847585
880,0,440,B[N93]_NiC_acet_1M KOH_ vs RHE B_05_CVA_C02.txt,292,0,292,1.007799,1.5999972,-0.1631504575091856,0.234364464879036,-0.01167999629516739,,-0.7778464078870967,-0.7778464078870967
881,0,440,B[N93]_NiC_acet_1M KOH_ vs RHE B_05_CVA_C02.txt,333,333,0,0.99999946,1.5906987,-0.009533315615740084,0.4892368536988183,0.0497447092550711,2.482016987736476,,2.482016987736476
882,0,441,B[N93]_NiC_acet_1M KOH_ vs RHE B_05_CVA_C02.txt,296,0,296,1.0097988,1.6000152,-0.1654255968133995,0.2492438107728958,-0.011616018647191816,,-0.7804925432429457,-0.7804925432429457
883,0,441,B[N93]_NiC_acet_1M KOH_ vs RHE B_05_CVA_C02.txt,318,318,0,0.99999946,1.5908393,-0.008026111871004105,0.4854458139445317,0.04718421741858748,2.485839636768439,,2.485839636768439
884,0,442,B[N93]_NiC_acet_1M KOH_ vs RHE B_05_CVA_C02.txt,294,0,294,1.0091609,1.599912,-0.1646011927683588,0.2395805933258752,-0.012723441487311448,,-0.7871930223521891,-0.7871930223521891
885,0,443,B[N93]_NiC_acet_1M KOH_ vs RHE B_05_CVA_C02.txt,334,334,0,1.0000852,1.5903803,-0.009152185161448403,0.487001045628408,0.04709335397097486,2.4810439382885607,,2.4810439382885607
886,0,443,B[N93]_NiC_acet_1M KOH_ vs RHE B_05_CVA_C02.txt,284,0,284,1.0086529,1.5999036,-0.1644871787922537,0.2383400673667591,-0.01229571392193962,,-0.7844543334180979,-0.7844543334180979
887,0,443,B[N93]_NiC_acet_1M KOH_ vs RHE B_05_CVA_C02.txt,327,327,0,1.0000035,1.5900853,-0.01654971045184325,0.4867177520095201,0.04840091040288394,2.471652076470977,,2.471652076470977
888,0,444,B[N93]_NiC_acet_1M KOH_ vs RHE B_05_CVA_C02.txt,299,0,299,1.0076809,1.59998,-0.1653340949371995,0.2396556034684174,-0.0123466542736371,,-0.7895746132807093,-0.7895746132807093
889,0,444,B[N93]_NiC_acet_1M KOH_ vs RHE B_05_CVA_C02.txt,310,310,0,0.99998146,1.590477,-0.026335708796978,0.4875101026325535,0.04777376046803212,2.473215269583857,,2.473215269583857
890,0,445,B[N93]_NiC_acet_1M KOH_ vs RHE B_05_CVA_C02.txt,290,0,290,1.009775,1.5999748,-0.1668390615274822,0.2397871957375455,-0.012840850967195543,,-0.7878587133574707,-0.7878587133574707
891,0,445,B[N93]_NiC_acet_1M KOH_ vs RHE B_05_CVA_C02.txt,329,329,0,0.99997604,1.5910107,-0.01543785174093817,0.4858170130058488,0.04872147771199854,2.4876749914344,,2.4876749914344
892,0,446,B[N93]_NiC_acet_1M KOH_ vs RHE B_05_CVA_C02.txt,313,0,313,1.0092989,1.5999751,-0.1643812222403701,0.2328943610191345,-0.011961934737275385,,-0.7948467982168124,-0.7948467982168124
893,0,446,B[N93]_NiC_acet_1M KOH_ vs RHE B_05_CVA_C02.txt,311,311,0,0.99999952,1.590577,-0.01711021357661356,0.4826714961127347,0.050333623539782574,2.4831606785594023,,2.4831606785594023
894,0,447,B[N93]_NiC_acet_1M KOH_ vs RHE B_05_CVA_C02.txt,290,0,290,1.008299,1.6000433,-0.1660161036021935,0.2237232230279758,-0.012086744766801875,,-0.7968452300779957,-0.7968452300779957
895,0,448,B[N93]_NiC_acet_1M KOH_ vs RHE B_05_CVA_C02.txt,325,325,0,1.0001211,1.5904863,-0.008306411185924963,0.4855951941707639,0.046793175186012705,2.478047558361874,,2.478047558361874
896,0,448,B[N93]_NiC_acet_1M KOH_ vs RHE B_05_CVA_C02.txt,281,0,281,1.0088991,1.5999713,-0.1678264449628308,0.2219748966719792,-0.011850029142128952,,-0.7958094740272977,-0.7958094740272977
897,0,448,B[N93]_NiC_acet_1M KOH_ vs RHE B_05_CVA_C02.txt,317,317,0,0.99999946,1.5913197,-0.008557314191713641,0.4869845545968379,0.04706379812616109,2.497109769007408,,2.497109769007408
898,0,449,B[N93]_NiC_acet_1M KOH_ vs RHE B_05_CVA_C02.txt,293,0,293,1.0077051,1.5999252,-0.1668195465682003,0.2428378253541084,-0.011763278219658129,,-0.7971399698472822,-0.7971399698472822
899,0,449,B[N93]_NiC_acet_1M KOH_ vs RHE B_05_CVA_C02.txt,321,321,0,1.0000054,1.5908301,-0.02934594079852104,0.4839827164979931,0.04731655663346996,2.4895190609547355,,2.4895190609547355
900,0,450,B[N93]_NiC_acet_1M KOH_ vs RHE B_05_CVA_C02.txt,290,0,290,1.0079989,1.6000392,-0.1659736976572774,0.2237515961346417,-0.011844077536541821,,-0.8005167058515562,-0.8005167058515562
901,0,451,B[N93]_NiC_acet_1M KOH_ vs RHE B_05_CVA_C02.txt,329,329,0,1.0002513,1.5914049,-0.007809717004689284,0.4834700389612632,0.04684265355585267,2.495508821040929,,2.495508821040929
902,0,451,B[N93]_NiC_acet_1M KOH_ vs RHE B_05_CVA_C02.txt,294,0,294,1.008049,1.5999793,-0.1669562200630716,0.2403679101363472,-0.011872332124007137,,-0.8030532420314703,-0.8030532420314703
903,0,452,B[N93]_NiC_acet_1M KOH_ vs RHE B_05_CVA_C02.txt,341,341,0,0.9999553,1.5913169,-0.01048530086990252,0.4847560188538993,0.04745452697457359,2.4943729392894465,,2.4943729392894465
904,0,452,B[N93]_NiC_acet_1M KOH_ vs RHE B_05_CVA_C02.txt,295,0,295,1.0092489,1.5999483,-0.1666197887296335,0.2328830859982052,-0.012792475085632941,,-0.810580033275907,-0.810580033275907
905,0,453,B[N93]_NiC_acet_1M KOH_ vs RHE B_05_CVA_C02.txt,319,319,0,1.0000255,1.5906038,-0.01444009272381663,0.4858618231056502,0.04830380381297693,2.4775372809130647,,2.4775372809130647
906,0,453,B[N93]_NiC_acet_1M KOH_ vs RHE B_05_CVA_C02.txt,287,0,287,1.0088129,1.5999144,-0.1662160480617692,0.2413647088200541,-0.012815631075293663,,-0.8180790583345046,-0.8180790583345046
907,0,453,B[N93]_NiC_acet_1M KOH_ vs RHE B_05_CVA_C02.txt,333,333,0,1.0000135,1.5907073,-0.01740683805521416,0.4830514648223199,0.04811448544884863,2.4848131514751426,,2.4848131514751426
908,0,454,B[N93]_NiC_acet_1M KOH_ vs RHE B_05_CVA_C02.txt,307,0,307,1.007499,1.6000133,-0.1685912645777126,0.2304808244757028,-0.012349361997630384,,-0.8122053261152976,-0.8122053261152976
909,0,454,B[N93]_NiC_acet_1M KOH_ vs RHE B_05_CVA_C02.txt,327,327,0,0.99999934,1.5906948,-0.02711213193833828,0.488760481924766,0.04799687503857523,2.4943077376606415,,2.4943077376606415
910,0,455,B[N93]_NiC_acet_1M KOH_ vs RHE B_05_CVA_C02.txt,294,0,294,1.0093989,1.6000012,-0.1683260679450111,0.2467426955699921,-0.011654937436003047,,-0.7996748311745038,-0.7996748311745038
911,0,455,B[N93]_NiC_acet_1M KOH_ vs RHE B_05_CVA_C02.txt,319,319,0,0.99999952,1.5899904,-0.01737321945636169,0.4897829835685275,0.05081135472323973,2.486374014932488,,2.486374014932488
912,0,456,B[N93]_NiC_acet_1M KOH_ vs RHE B_05_CVA_C02.txt,293,0,293,1.0079992,1.5999612,-0.1672027297839049,0.2338044196367264,-0.01195392021269494,,-0.79559803311602,-0.79559803311602
913,0,456,B[N93]_NiC_acet_1M KOH_ vs RHE B_05_CVA_C02.txt,320,320,0,0.99995136,1.5901,-0.00730241263810795,0.488326234224937,0.045831622848804425,2.4877408054537082,,2.4877408054537082
914,0,457,B[N93]_NiC_acet_1M KOH_ vs RHE B_05_CVA_C02.txt,288,0,288,1.008803,1.5999571,-0.1685105153079483,0.2319651991128922,-0.011930548521820643,,-0.8008575430709239,-0.8008575430709239
915,0,457,B[N93]_NiC_acet_1M KOH_ vs RHE B_05_CVA_C02.txt,327,327,0,1.0000035,1.5901932,-0.01743284823453947,0.4868845789716056,0.0473409654841007,2.493018523446236,,2.493018523446236
916,0,458,B[N93]_NiC_acet_1M KOH_ vs RHE B_05_CVA_C02.txt,289,0,289,1.0080991,1.5999912,-0.1674205952128019,0.2269654802006222,-0.012249251177974981,,-0.8000606463494828,-0.8000606463494828
917,0,458,B[N93]_NiC_acet_1M KOH_ vs RHE B_05_CVA_C02.txt,318,318,0,0.99999946,1.5914009,-0.02794583514332771,0.4855291230077841,0.046332191416969655,2.512354349902349,,2.512354349902349
918,0,459,B[N93]_NiC_acet_1M KOH_ vs RHE B_05_CVA_C02.txt,290,0,290,1.0096489,1.5999612,-0.1687417928269972,0.2326334267854691,-0.012278042646821391,,-0.8010371032520829,-0.8010371032520829
919,0,459,B[N93]_NiC_acet_1M KOH_ vs RHE B_05_CVA_C02.txt,321,321,0,0.99999946,1.5910553,-0.0263802595436573,0.4878987597080582,0.0495545963957485,2.5066370832180627,,2.5066370832180627
920,0,460,B[N93]_NiC_acet_1M KOH_ vs RHE B_05_CVA_C02.txt,290,0,290,1.009799,1.5999691,-0.1697609157639446,0.2456174926913303,-0.011926913397889328,,-0.8052594372758605,-0.8052594372758605
921,0,460,B[N93]_NiC_acet_1M KOH_ vs RHE B_05_CVA_C02.txt,333,333,0,0.99999946,1.591248,-0.02251723222434521,0.48582774012021,0.04868450795858686,2.511586533994047,,2.511586533994047
922,0,461,B[N93]_NiC_acet_1M KOH_ vs RHE B_05_CVA_C02.txt,292,0,292,1.008399,1.5999852,-0.1689831868162299,0.229871392250061,-0.011995543228295154,,-0.8114816700876428,-0.8114816700876428
923,0,461,B[N93]_NiC_acet_1M KOH_ vs RHE B_05_CVA_C02.txt,347,347,0,0.99999917,1.5915213,-0.008247993687728189,0.4875369295651262,0.04659204358156039,2.508247903439351,,2.508247903439351
924,0,462,B[N93]_NiC_acet_1M KOH_ vs RHE B_05_CVA_C02.txt,290,0,290,1.0085329,1.5999318,-0.1694428735415225,0.225874712800278,-0.012911040846118096,,-0.8170543910517587,-0.8170543910517587
925,0,462,B[N93]_NiC_acet_1M KOH_ vs RHE B_05_CVA_C02.txt,352,352,0,1.0000335,1.5909572,-0.02844223752617836,0.4860100745395484,0.04522114848414301,2.4979574714708614,,2.4979574714708614
926,0,463,B[N93]_NiC_acet_1M KOH_ vs RHE B_05_CVA_C02.txt,290,0,290,1.009799,1.5999973,-0.1695801925561421,0.2384566068649292,-0.012280481683722567,,-0.8198709544180894,-0.8198709544180894
927,0,463,B[N93]_NiC_acet_1M KOH_ vs RHE B_05_CVA_C02.txt,333,333,0,1.0000236,1.5916114,-0.01006146325175824,0.4902204934552028,0.05014046976966991,2.5098292459856104,,2.5098292459856104
928,0,464,B[N93]_NiC_acet_1M KOH_ vs RHE B_05_CVA_C02.txt,293,0,293,1.009199,1.5999533,-0.1701143281020578,0.2392055000299989,-0.012463166333343103,,-0.8203589289062364,-0.8203589289062364
929,0,464,B[N93]_NiC_acet_1M KOH_ vs RHE B_05_CVA_C02.txt,351,351,0,0.99995136,1.5903,-0.0096831684551857,0.4843543485691754,0.04561257803785179,2.4826751446796163,,2.4826751446796163
930,0,465,B[N93]_NiC_acet_1M KOH_ vs RHE B_05_CVA_C02.txt,289,0,289,1.0086249,1.5999253,-0.1703990897183192,0.2334772710864605,-0.013146513716369459,,-0.8251717190973252,-0.8251717190973252
931,0,465,B[N93]_NiC_acet_1M KOH_ vs RHE B_05_CVA_C02.txt,343,343,0,1.0000254,1.5906601,-0.007882258521737018,0.4863030606524059,0.04848257769223901,2.4950612958587315,,2.4950612958587315
932,0,466,B[N93]_NiC_acet_1M KOH_ vs RHE B_05_CVA_C02.txt,292,0,292,1.008849,1.6000272,-0.1698228728693634,0.2308218530986621,-0.012357384717081404,,-0.825945411944936,-0.825945411944936
933,0,466,B[N93]_NiC_acet_1M KOH_ vs RHE B_05_CVA_C02.txt,344,344,0,0.99999946,1.59053,-0.03305744752287865,0.4884263910540199,0.04713103986339492,2.4954175233391256,,2.4954175233391256
934,0,467,B[N93]_NiC_acet_1M KOH_ vs RHE B_05_CVA_C02.txt,287,0,287,1.009499,1.6000032,-0.1701391807768682,0.2429319642808125,-0.012272275305004843,,-0.8242256818032346,-0.8242256818032346
935,0,467,B[N93]_NiC_acet_1M KOH_ vs RHE B_05_CVA_C02.txt,326,326,0,0.99999964,1.5909915,-0.01953502558171749,0.4871624409798247,0.04826999190719186,2.5057424403885196,,2.5057424403885196
936,0,468,B[N93]_NiC_acet_1M KOH_ vs RHE B_05_CVA_C02.txt,292,0,292,1.0092989,1.5999793,-0.1694031035176415,0.2393912928907764,-0.012545416040014155,,-0.8288628270837226,-0.8288628270837226
937,0,468,B[N93]_NiC_acet_1M KOH_ vs RHE B_05_CVA_C02.txt,336,336,0,0.99999946,1.5900717,-0.01134182140231133,0.4832503680719977,0.048017040812325926,2.4813818484637444,,2.4813818484637444
938,0,469,B[N93]_NiC_acet_1M KOH_ vs RHE B_05_CVA_C02.txt,300,0,300,1.0081989,1.6000333,-0.1703350546249086,0.228461598896462,-0.012491728818073458,,-0.833608700309317,-0.833608700309317
939,0,469,B[N93]_NiC_acet_1M KOH_ vs RHE B_05_CVA_C02.txt,336,336,0,0.99999952,1.5909121,-0.01726502756102255,0.4877540675936975,0.0469554785022345,2.4998951733458563,,2.4998951733458563
940,0,470,B[N93]_NiC_acet_1M KOH_ vs RHE B_05_CVA_C02.txt,292,0,292,1.0083989,1.6000253,-0.1708853825962738,0.2274754390768381,-0.012542949960726163,,-0.8359714113590859,-0.8359714113590859
941,0,470,B[N93]_NiC_acet_1M KOH_ vs RHE B_05_CVA_C02.txt,332,332,0,0.99999946,1.5902411,-0.008051568642258644,0.4886995026803547,0.04737508571346597,2.4910768472954974,,2.4910768472954974
942,0,471,B[N93]_NiC_acet_1M KOH_ vs RHE B_05_CVA_C02.txt,284,0,284,1.0086029,1.5999793,-0.172420233645505,0.225988718478576,-0.012470724112748055,,-0.8369861073919643,-0.8369861073919643
943,0,471,B[N93]_NiC_acet_1M KOH_ vs RHE B_05_CVA_C02.txt,337,337,0,1.0000035,1.5900439,-0.01723378728282579,0.4853385567602455,0.04737747096825754,2.499566254040027,,2.499566254040027
944,0,472,B[N93]_NiC_acet_1M KOH_ vs RHE B_05_CVA_C02.txt,281,0,281,1.008599,1.5999672,-0.1703997700993658,0.2460835925910785,-0.012103633555387027,,-0.8172774420631892,-0.8172774420631892
945,0,472,B[N93]_NiC_acet_1M KOH_ vs RHE B_05_CVA_C02.txt,325,325,0,0.99999946,1.5909879,-0.008362497042202807,0.487177753069016,0.04803129890388738,2.5260118592292673,,2.5260118592292673
946,0,473,B[N93]_NiC_acet_1M KOH_ vs RHE B_05_CVA_C02.txt,300,0,300,1.0086489,1.5999873,-0.1706684628080266,0.2286189000891601,-0.012300383145698101,,-0.8192649000659415,-0.8192649000659415
947,0,473,B[N93]_NiC_acet_1M KOH_ vs RHE B_05_CVA_C02.txt,330,330,0,0.99999952,1.590234,-0.01724699898523853,0.488449647002879,0.04940660400983165,2.508482347836723,,2.508482347836723
948,0,474,B[N93]_NiC_acet_1M KOH_ vs RHE B_05_CVA_C02.txt,282,0,282,1.0075991,1.6000493,-0.1705863930958691,0.2463539315665018,-0.01218873273538095,,-0.8203799442654282,-0.8203799442654282
949,0,474,B[N93]_NiC_acet_1M KOH_ vs RHE B_05_CVA_C02.txt,342,342,0,1.0000222,1.5905682,-0.01606798391245928,0.4850415441876592,0.0475104057367357,2.516159945631549,,2.516159945631549
950,0,475,B[N93]_NiC_acet_1M KOH_ vs RHE B_05_CVA_C02.txt,287,0,287,1.0085989,1.6000313,-0.1723026047123869,0.2589491009712219,-0.012038953527253251,,-0.8122574405779979,-0.8122574405779979
951,0,476,B[N93]_NiC_acet_1M KOH_ vs RHE B_05_CVA_C02.txt,332,332,0,1.0001367,1.5903568,-0.008554717077032231,0.4895604455848694,0.05072278454186752,2.5397613235216836,,2.5397613235216836
952,0,476,B[N93]_NiC_acet_1M KOH_ vs RHE B_05_CVA_C02.txt,291,0,291,1.0096769,1.5999789,-0.1715636970124874,0.2215615768324244,-0.01252833664328405,,-0.7860828971710768,-0.7860828971710768
953,0,476,B[N93]_NiC_acet_1M KOH_ vs RHE B_05_CVA_C02.txt,323,323,0,0.99997747,1.5904291,-0.01605031074470152,0.4881617146568581,0.048830159951408166,2.54388116202836,,2.54388116202836
954,0,477,B[N93]_NiC_acet_1M KOH_ vs RHE B_05_CVA_C02.txt,304,0,304,1.007799,1.6000112,-0.1712762875964241,0.2475162180869475,-0.011389346212670138,,-0.7844533544320272,-0.7844533544320272
955,0,477,B[N93]_NiC_acet_1M KOH_ vs RHE B_05_CVA_C02.txt,324,324,0,0.99999952,1.5911814,-0.01652858778834343,0.4889626653532346,0.04920760168676253,2.558626963713805,,2.558626963713805
956,0,478,B[N93]_NiC_acet_1M KOH_ vs RHE B_05_CVA_C02.txt,295,0,295,1.0098987,1.5999973,-0.1738067706879899,0.2452153116464615,-0.011569482542907338,,-0.7871273495677973,-0.7871273495677973
957,0,478,B[N93]_NiC_acet_1M KOH_ vs RHE B_05_CVA_C02.txt,330,330,0,0.99999946,1.5900904,-0.009866932200828987,0.4920706739708035,0.05004354956447931,2.5517244455724044,,2.5517244455724044
958,0,479,B[N93]_NiC_acet_1M KOH_ vs RHE B_05_CVA_C02.txt,290,0,290,1.0081549,1.5999773,-0.1712782851226224,0.2495620101690292,-0.011178620252361389,,-0.7667166550884481,-0.7667166550884481
959,0,479,B[N93]_NiC_acet_1M KOH_ vs RHE B_05_CVA_C02.txt,315,315,0,1.0000055,1.5904369,-0.02174080722033978,0.4910906408883484,0.050139431956532046,2.5637679104255695,,2.5637679104255695
960,0,480,B[N93]_NiC_acet_1M KOH_ vs RHE B_05_CVA_C02.txt,285,0,285,1.0090989,1.6000413,-0.1729475279587074,0.2579180896282196,-0.010908320659978453,,-0.76199463108027,-0.76199463108027
961,0,480,B[N93]_NiC_acet_1M KOH_ vs RHE B_05_CVA_C02.txt,342,342,0,0.99999952,1.590046,-0.009512053802609444,0.4865895085982306,0.048212938575761075,2.555618854619804,,2.555618854619804
962,0,481,B[N93]_NiC_acet_1M KOH_ vs RHE B_05_CVA_C02.txt,283,0,283,1.0098048,1.5999048,-0.1716282984237805,0.2319149409110348,-0.012274603818088507,,-0.7772636489988731,-0.7772636489988731
963,0,481,B[N93]_NiC_acet_1M KOH_ vs RHE B_05_CVA_C02.txt,322,322,0,1.0000054,1.5904537,-0.008821627125144005,0.4913945299931308,0.05148324425350146,2.5589269728329462,,2.5589269728329462
964,0,482,B[N93]_NiC_acet_1M KOH_ vs RHE B_05_CVA_C02.txt,296,0,296,1.0079991,1.5999773,-0.1727913493212383,0.2480282485485077,-0.011320901841426678,,-0.7793466955670786,-0.7793466955670786
965,0,482,B[N93]_NiC_acet_1M KOH_ vs RHE B_05_CVA_C02.txt,317,317,0,0.99995136,1.590535,-0.009479403914177951,0.4899185332565754,0.04982874816157602,2.5583747493593223,,2.5583747493593223
966,0,483,B[N93]_NiC_acet_1M KOH_ vs RHE B_05_CVA_C02.txt,290,0,290,1.0088573,1.5999572,-0.1734439884202362,0.2561952478828884,-0.012062243915993464,,-0.7794605904430073,-0.7794605904430073
967,0,483,B[N93]_NiC_acet_1M KOH_ vs RHE B_05_CVA_C02.txt,345,345,0,0.99995703,1.5910032,-0.01000747736543417,0.4865920469308733,0.04872643692239571,2.5641598169522317,,2.5641598169522317
968,0,484,B[N93]_NiC_acet_1M KOH_ vs RHE B_05_CVA_C02.txt,291,0,291,1.0078992,1.5999652,-0.172615508423418,0.2461444735527039,-0.011552393602675294,,-0.7756386181952264,-0.7756386181952264
969,0,484,B[N93]_NiC_acet_1M KOH_ vs RHE B_05_CVA_C02.txt,325,325,0,0.99995136,1.5909879,-0.009589014243514188,0.4903824061897339,0.0498188938773237,2.5745967870992734,,2.5745967870992734
970,0,485,B[N93]_NiC_acet_1M KOH_ vs RHE B_05_CVA_C02.txt,286,0,286,1.0082111,1.5999613,-0.1740706800165754,0.2374169050078638,-0.012173456874699232,,-0.7820167532435764,-0.7820167532435764
971,0,485,B[N93]_NiC_acet_1M KOH_ vs RHE B_05_CVA_C02.txt,325,325,0,0.99996376,1.5902933,-0.00829350949331107,0.4916313775096635,0.05034569837077473,2.5527398534750265,,2.5527398534750265
972,0,486,B[N93]_NiC_acet_1M KOH_ vs RHE B_05_CVA_C02.txt,286,0,286,1.008399,1.6000032,-0.1731253698929823,0.2609601616859436,-0.011684184995487823,,-0.7821829543656758,-0.7821829543656758
973,0,486,B[N93]_NiC_acet_1M KOH_ vs RHE B_05_CVA_C02.txt,331,331,0,0.9999724,1.590683,-0.009404569990774075,0.4884050461044664,0.04861228320970631,2.561752152490387,,2.561752152490387
974,0,487,B[N93]_NiC_acet_1M KOH_ vs RHE B_05_CVA_C02.txt,292,0,292,1.008549,1.5999953,-0.1731357869537662,0.2496956586837769,-0.011581548324526066,,-0.7876138408186037,-0.7876138408186037
975,0,487,B[N93]_NiC_acet_1M KOH_ vs RHE B_05_CVA_C02.txt,316,316,0,0.99999946,1.5906444,-0.01327333619828215,0.485510718284683,0.04861761096445678,2.5613316040595806,,2.5613316040595806
976,0,488,B[N93]_NiC_acet_1M KOH_ vs RHE B_05_CVA_C02.txt,285,0,285,1.008499,1.5999593,-0.1753498716819282,0.2417086660861969,-0.01150123722090658,,-0.7857473753217978,-0.7857473753217978
977,0,488,B[N93]_NiC_acet_1M KOH_ vs RHE B_05_CVA_C02.txt,350,350,0,0.99999952,1.590934,-0.01622134845386794,0.4875810709056592,0.04634607106954184,2.560658298943965,,2.560658298943965
978,0,489,B[N93]_NiC_acet_1M KOH_ vs RHE B_05_CVA_C02.txt,304,0,304,1.008307,1.5999081,-0.1751171560237701,0.2355237088125683,-0.012698437457302245,,-0.7951677844694656,-0.7951677844694656
979,0,489,B[N93]_NiC_acet_1M KOH_ vs RHE B_05_CVA_C02.txt,332,332,0,1.0000074,1.590362,-0.008492355373573374,0.4920854640916459,0.049447722456808084,2.5555622285481987,,2.5555622285481987
980,0,490,B[N93]_NiC_acet_1M KOH_ vs RHE B_05_CVA_C02.txt,284,0,284,1.0088952,1.5999949,-0.1741606319311071,0.2448080082734427,-0.012476755454249193,,-0.7957319252730243,-0.7957319252730243
981,0,490,B[N93]_NiC_acet_1M KOH_ vs RHE B_05_CVA_C02.txt,322,322,0,0.99999553,1.591067,-0.01614687453578922,0.4920316692506352,0.04746664048110919,2.5584181709892526,,2.5584181709892526
982,0,491,B[N93]_NiC_acet_1M KOH_ vs RHE B_05_CVA_C02.txt,286,0,286,1.0089991,1.6000233,-0.1750282418801845,0.2672797441482544,-0.01195907627642832,,-0.7974238793680583,-0.7974238793680583
983,0,491,B[N93]_NiC_acet_1M KOH_ vs RHE B_05_CVA_C02.txt,330,330,0,0.99999946,1.590703,-0.02674392983317375,0.4879809448298893,0.04950760962752792,2.5629152145262637,,2.5629152145262637
984,0,492,B[N93]_NiC_acet_1M KOH_ vs RHE B_05_CVA_C02.txt,290,0,290,1.0082451,1.5999452,-0.1758152900899974,0.2555699569207643,-0.012672287057197256,,-0.8026078912043779,-0.8026078912043779
985,0,492,B[N93]_NiC_acet_1M KOH_ vs RHE B_05_CVA_C02.txt,339,339,0,1.0000454,1.5903382,-0.01442108303308487,0.4886020668523408,0.04791317505296718,2.5685441327727276,,2.5685441327727276
986,0,493,B[N93]_NiC_acet_1M KOH_ vs RHE B_05_CVA_C02.txt,289,0,289,1.009899,1.6000452,-0.1756074006492718,0.2596173286437988,-0.011160472142590456,,-0.7585142042376269,-0.7585142042376269
987,0,493,B[N93]_NiC_acet_1M KOH_ vs RHE B_05_CVA_C02.txt,330,330,0,1.0000247,1.5914212,-0.008274731271860316,0.4915863290283318,0.04888830596589379,2.6071407894135854,,2.6071407894135854
988,0,494,B[N93]_NiC_acet_1M KOH_ vs RHE B_05_CVA_C02.txt,297,0,297,1.007599,1.6000313,-0.1750176753026835,0.2725683450698853,-0.011257339135966707,,-0.7579773915383088,-0.7579773915383088
989,0,494,B[N93]_NiC_acet_1M KOH_ vs RHE B_05_CVA_C02.txt,345,345,0,0.99995136,1.5916141,-0.009617701827906944,0.4917729038078331,0.048359993401610644,2.612531569486417,,2.612531569486417
990,0,495,B[N93]_NiC_acet_1M KOH_ vs RHE B_05_CVA_C02.txt,285,0,285,1.007905,1.6000233,-0.1752767307495571,0.2664969861507416,-0.010866305323473678,,-0.7620161304791279,-0.7620161304791279
991,0,495,B[N93]_NiC_acet_1M KOH_ vs RHE B_05_CVA_C02.txt,351,351,0,0.99995136,1.5904382,-0.008591711405824695,0.4911019410166677,0.04638255960970796,2.5859619415824193,,2.5859619415824193
992,0,496,B[N93]_NiC_acet_1M KOH_ vs RHE B_05_CVA_C02.txt,295,0,295,1.0092312,1.5999317,-0.1768342742406142,0.2349529520553699,-0.012217099324848862,,-0.7656043177055724,-0.7656043177055724
993,0,496,B[N93]_NiC_acet_1M KOH_ vs RHE B_05_CVA_C02.txt,336,336,0,1.0000314,1.5908808,-0.01723351940998569,0.4921567344745403,0.05075041680699178,2.595557648283903,,2.595557648283903
994,0,497,B[N93]_NiC_acet_1M KOH_ vs RHE B_05_CVA_C02.txt,290,0,290,1.009799,1.5999873,-0.1768635143443333,0.2501656124773233,-0.011530647505608152,,-0.770522591778336,-0.770522591778336
995,0,497,B[N93]_NiC_acet_1M KOH_ vs RHE B_05_CVA_C02.txt,321,321,0,0.99999946,1.591123,-0.008913517041270531,0.4893683838313159,0.051346674776459364,2.600824960970603,,2.600824960970603
996,0,498,B[N93]_NiC_acet_1M KOH_ vs RHE B_05_CVA_C02.txt,287,0,287,1.0081488,1.5999873,-0.1761014536566226,0.2537083551287642,-0.01117440167424668,,-0.7738651258531494,-0.7738651258531494
997,0,498,B[N93]_NiC_acet_1M KOH_ vs RHE B_05_CVA_C02.txt,323,323,0,0.99999952,1.5901692,-0.01716278724210421,0.4913415270986405,0.0484519981559931,2.5788941694719987,,2.5788941694719987
998,0,499,B[N93]_NiC_acet_1M KOH_ vs RHE B_05_CVA_C02.txt,296,0,296,1.007997,1.5999974,-0.1763933593907424,0.2428414821624756,-0.01228226846137229,,-0.7774371632727518,-0.7774371632727518
999,0,499,B[N93]_NiC_acet_1M KOH_ vs RHE B_05_CVA_C02.txt,339,339,0,0.99999744,1.590529,-0.01205918087404879,0.4922479857697084,0.04907941756520871,2.58572050774663,,2.58572050774663
1000,0,500,B[N93]_NiC_acet_1M KOH_ vs RHE B_05_CVA_C02.txt,285,0,285,1.0084032,1.5999033,-0.1761856472952292,0.2566705883170162,-0.01220929737344231,,-0.785786462683354,-0.785786462683354
1001,0,501,B[N93]_NiC_acet_1M KOH_ vs RHE B_05_CVA_C02.txt,336,336,0,0.99995118,1.5904616,-0.004247712554699579,0.5077983560150301,0.0507972846976195,2.736117582674423,,2.736117582674423
1002,0,501,B[N93]_NiC_acet_1M KOH_ vs RHE B_05_CVA_C02.txt,286,0,286,1.0093031,1.5999752,-0.1758695336912268,0.2580071985721588,-0.009066735214871923,,-0.6567001360433973,-0.6567001360433973
1003,0,501,B[N93]_NiC_acet_1M KOH_ vs RHE B_05_CVA_C02.txt,321,321,0,0.99995136,1.5904404,-0.01145225448749404,0.4946093402805811,0.05201199707897607,2.654193390294922,,2.654193390294922
1004,0,502,B[N93]_NiC_acet_1M KOH_ vs RHE B_05_CVA_C02.txt,302,0,302,1.0085989,1.6000432,-0.1771091989546474,0.2669488191604614,-0.009367012559051067,,-0.6778588961140677,-0.6778588961140677
1005,0,502,B[N93]_NiC_acet_1M KOH_ vs RHE B_05_CVA_C02.txt,329,329,0,0.99999952,1.5899382,-0.01713385641020029,0.4985738516061256,0.050445991080371795,2.636369037220123,,2.636369037220123
1006,0,503,B[N93]_NiC_acet_1M KOH_ vs RHE B_05_CVA_C02.txt,292,0,292,1.0085489,1.6000031,-0.176393713874204,0.2590430448663992,-0.009690754436684663,,-0.6834799573987467,-0.6834799573987467
1007,0,503,B[N93]_NiC_acet_1M KOH_ vs RHE B_05_CVA_C02.txt,322,322,0,0.99999946,1.5908167,-0.02260632812976837,0.4928575141562286,0.04930370938637053,2.6522075881030482,,2.6522075881030482
1008,0,504,B[N93]_NiC_acet_1M KOH_ vs RHE B_05_CVA_C02.txt,303,0,303,1.0090991,1.6000371,-0.1765723123706486,0.2436036590648734,-0.010064536950654962,,-0.6927627456919055,-0.6927627456919055
1009,0,504,B[N93]_NiC_acet_1M KOH_ vs RHE B_05_CVA_C02.txt,331,331,0,0.99999946,1.5910277,-0.02306438609957695,0.4933342320321192,0.0505116056704223,2.6542092745447414,,2.6542092745447414
1010,0,505,B[N93]_NiC_acet_1M KOH_ vs RHE B_05_CVA_C02.txt,297,0,297,1.0096987,1.5999851,-0.1770267624289116,0.2601964771747589,-0.009989682425083277,,-0.6962272089198663,-0.6962272089198663
1011,0,505,B[N93]_NiC_acet_1M KOH_ vs RHE B_05_CVA_C02.txt,317,317,0,0.99999952,1.5905837,-0.01716085096173314,0.4953427115241009,0.050172123205025614,2.6490297767010342,,2.6490297767010342
1012,0,506,B[N93]_NiC_acet_1M KOH_ vs RHE B_05_CVA_C02.txt,290,0,290,1.0079991,1.5999871,-0.1761014659238072,0.2787733674049377,-0.009828862260123732,,-0.7047854221804262,-0.7047854221804262
1013,0,506,B[N93]_NiC_acet_1M KOH_ vs RHE B_05_CVA_C02.txt,338,338,0,0.99999946,1.591036,-0.0273603331297636,0.4930966983208034,0.05115981400413819,2.6525586784531208,,2.6525586784531208
1014,0,507,B[N93]_NiC_acet_1M KOH_ vs RHE B_05_CVA_C02.txt,298,0,298,1.0095989,1.6000233,-0.1777071495671807,0.2658537373594614,-0.010353034127847851,,-0.7179391627744163,-0.7179391627744163
1015,0,507,B[N93]_NiC_acet_1M KOH_ vs RHE B_05_CVA_C02.txt,322,322,0,0.99996781,1.5906862,-0.008939011125928827,0.495441021417462,0.04920273236869006,2.640451755959239,,2.640451755959239
1016,0,508,B[N93]_NiC_acet_1M KOH_ vs RHE B_05_CVA_C02.txt,291,0,291,1.0079011,1.6000053,-0.1785737719571023,0.2672737791486406,-0.010203506615433554,,-0.7213953025493526,-0.7213953025493526
1017,0,508,B[N93]_NiC_acet_1M KOH_ vs RHE B_05_CVA_C02.txt,316,316,0,1.0000215,1.5906233,-0.008506639877078432,0.4951667732567548,0.05173050796102323,2.6388596250619574,,2.6388596250619574
1018,0,509,B[N93]_NiC_acet_1M KOH_ vs RHE B_05_CVA_C02.txt,280,0,280,1.0098232,1.5999222,-0.1785824362040325,0.24709810813268,-0.011391448626725326,,-0.7318141028622103,-0.7318141028622103
1019,0,510,B[N93]_NiC_acet_1M KOH_ vs RHE B_05_CVA_C02.txt,339,339,0,1.0000752,1.5904535,-0.01225903820401679,0.4903059187554462,0.05070480126754656,2.629705477756436,,2.629705477756436
1020,0,510,B[N93]_NiC_acet_1M KOH_ vs RHE B_05_CVA_C02.txt,288,0,288,1.0087829,1.5999846,-0.1773234666787502,0.2603730745613575,-0.011372605345894854,,-0.7330205034654472,-0.7330205034654472
1021,0,510,B[N93]_NiC_acet_1M KOH_ vs RHE B_05_CVA_C02.txt,340,340,0,0.99998337,1.5907342,-0.009108013473451138,0.4925098812343469,0.04979322239496917,2.63155106048836,,2.63155106048836
1022,0,511,B[N93]_NiC_acet_1M KOH_ vs RHE B_05_CVA_C02.txt,300,0,300,1.0087988,1.5999593,-0.1787063606036419,0.2501836069252179,-0.010480323939685742,,-0.7412698371589345,-0.7412698371589345
1023,0,511,B[N93]_NiC_acet_1M KOH_ vs RHE B_05_CVA_C02.txt,328,328,0,0.99999952,1.5909033,-0.01665351940723867,0.4920139498611071,0.05100487869184282,2.635776145201585,,2.635776145201585
1024,0,512,B[N93]_NiC_acet_1M KOH_ vs RHE B_05_CVA_C02.txt,295,0,295,1.009825,1.5999269,-0.1797589236425285,0.2468379840657517,-0.011550471795655251,,-0.749209817496946,-0.749209817496946
1025,0,512,B[N93]_NiC_acet_1M KOH_ vs RHE B_05_CVA_C02.txt,339,339,0,1.0000254,1.590193,-0.007732158859483584,0.4904946274332467,0.049684206524543285,2.6189396516307766,,2.6189396516307766
1026,0,513,B[N93]_NiC_acet_1M KOH_ vs RHE B_05_CVA_C02.txt,295,0,295,1.007799,1.6000011,-0.1796392069484037,0.2749548852443695,-0.011020666184495364,,-0.754058370947187,-0.754058370947187
1027,0,513,B[N93]_NiC_acet_1M KOH_ vs RHE B_05_CVA_C02.txt,324,324,0,0.99996042,1.5905081,-0.00937718363302828,0.4902858627484434,0.048139470095820924,2.6223527291131603,,2.6223527291131603
1028,0,514,B[N93]_NiC_acet_1M KOH_ vs RHE B_05_CVA_C02.txt,294,0,294,1.008201,1.6000191,-0.1794863574764967,0.2541906448162115,-0.011066409507109918,,-0.7563981324221951,-0.7563981324221951
1029,0,514,B[N93]_NiC_acet_1M KOH_ vs RHE B_05_CVA_C02.txt,337,337,0,0.99995136,1.5907438,-0.009176133059736774,0.4908702135040866,0.049357333293075324,2.622129707342161,,2.622129707342161
1030,0,515,B[N93]_NiC_acet_1M KOH_ vs RHE B_05_CVA_C02.txt,284,0,284,1.0097191,1.5999131,-0.1793769440005276,0.2474926211113151,-0.01183540178235861,,-0.7616457076083036,-0.7616457076083036
1031,0,515,B[N93]_NiC_acet_1M KOH_ vs RHE B_05_CVA_C02.txt,320,320,0,1.0000193,1.5912039,-0.009634506848579038,0.4977262953883721,0.052692311041939166,2.6342279119294663,,2.6342279119294663
1032,0,516,B[N93]_NiC_acet_1M KOH_ vs RHE B_05_CVA_C02.txt,281,0,281,1.009199,1.6000072,-0.179279079714715,0.2703727185726166,-0.01097592134466201,,-0.7625452378690338,-0.7625452378690338
1033,0,516,B[N93]_NiC_acet_1M KOH_ vs RHE B_05_CVA_C02.txt,325,325,0,0.99995136,1.5910152,-0.00842356030631725,0.4887636556267712,0.049784189485073,2.6277812177169464,,2.6277812177169464
1034,0,517,B[N93]_NiC_acet_1M KOH_ vs RHE B_05_CVA_C02.txt,297,0,297,1.007599,1.6000233,-0.1795645325438764,0.2826491296291351,-0.011325011259600243,,-0.7704924553369038,-0.7704924553369038
1035,0,517,B[N93]_NiC_acet_1M KOH_ vs RHE B_05_CVA_C02.txt,327,327,0,0.99995118,1.5900431,-0.03231415525078774,0.4912025729295495,0.048609958953467064,2.6087079393480646,,2.6087079393480646
1036,0,518,B[N93]_NiC_acet_1M KOH_ vs RHE B_05_CVA_C02.txt,281,0,281,1.0091152,1.5999159,-0.1803666721828368,0.2470636353606269,-0.012193391664173624,,-0.7700510484530121,-0.7700510484530121
1037,0,518,B[N93]_NiC_acet_1M KOH_ vs RHE B_05_CVA_C02.txt,334,334,0,1.0000154,1.5906895,-0.008962858441778973,0.4943679946306583,0.05181952759067565,2.6217052081446828,,2.6217052081446828
1038,0,519,B[N93]_NiC_acet_1M KOH_ vs RHE B_05_CVA_C02.txt,292,0,292,1.008401,1.6000072,-0.1799151181242253,0.2786970138549805,-0.01137771612501433,,-0.7792322805582286,-0.7792322805582286
1039,0,519,B[N93]_NiC_acet_1M KOH_ vs RHE B_05_CVA_C02.txt,328,328,0,1.0000013,1.5900929,-0.008830622859727633,0.491973379218944,0.05109746834660168,2.6000379578902155,,2.6000379578902155
1040,0,520,B[N93]_NiC_acet_1M KOH_ vs RHE B_05_CVA_C02.txt,293,0,293,1.009499,1.5999713,-0.1803851512360173,0.2555633783340454,-0.011349293569099592,,-0.7799042429588181,-0.7799042429588181
1041,0,520,B[N93]_NiC_acet_1M KOH_ vs RHE B_05_CVA_C02.txt,317,317,0,1.0000228,1.590536,-0.009215936854894607,0.4915584453146735,0.05169772241441797,2.6187760304947068,,2.6187760304947068
1042,0,521,B[N93]_NiC_acet_1M KOH_ vs RHE B_05_CVA_C02.txt,304,0,304,1.0092989,1.5999931,-0.1807327369113159,0.2600946128368378,-0.011232527528255378,,-0.7830346352914604,-0.7830346352914604
1043,0,521,B[N93]_NiC_acet_1M KOH_ vs RHE B_05_CVA_C02.txt,355,355,0,0.99999946,1.5905528,-0.03083775378763676,0.4899737577152803,0.04532566904298897,2.619624084119588,,2.619624084119588
1044,0,522,B[N93]_NiC_acet_1M KOH_ vs RHE B_05_CVA_C02.txt,312,0,312,1.0091149,1.6000012,-0.1812926132748993,0.2498345517593881,-0.011667190569400038,,-0.7866600198690282,-0.7866600198690282
1045,0,522,B[N93]_NiC_acet_1M KOH_ vs RHE B_05_CVA_C02.txt,359,359,0,0.99995118,1.5905697,-0.03089121170341969,0.4941427357101027,0.04649021033556603,2.623171497489404,,2.623171497489404
1046,0,523,B[N93]_NiC_acet_1M KOH_ vs RHE B_05_CVA_C02.txt,311,0,311,1.0091968,1.5999852,-0.1800024985472273,0.2553615527493611,-0.012490900945905544,,-0.7895947707619557,-0.7895947707619557
1047,0,523,B[N93]_NiC_acet_1M KOH_ vs RHE B_05_CVA_C02.txt,361,361,0,0.99999744,1.5912933,-0.02707293443381786,0.4910394825387558,0.046589224520331575,2.6338763521184876,,2.6338763521184876
1048,0,524,B[N93]_NiC_acet_1M KOH_ vs RHE B_05_CVA_C02.txt,312,0,312,1.008803,1.5999773,-0.1817048100851499,0.2668660581111908,-0.011616121307475361,,-0.7911574662828583,-0.7911574662828583
1049,0,524,B[N93]_NiC_acet_1M KOH_ vs RHE B_05_CVA_C02.txt,363,363,0,1.0000033,1.5906149,-0.008962237231143196,0.4916481834003257,0.045874686488336994,2.618867725942387,,2.618867725942387
1050,0,525,B[N93]_NiC_acet_1M KOH_ vs RHE B_05_CVA_C02.txt,313,0,313,1.008417,1.6000392,-0.1816825011851142,0.2821336388587952,-0.01169689929600645,,-0.7965731328468939,-0.7965731328468939
1051,0,525,B[N93]_NiC_acet_1M KOH_ vs RHE B_05_CVA_C02.txt,343,343,0,0.99998754,1.5903091,-0.009392716333662232,0.4895188452016837,0.04934863110090168,2.617769884228114,,2.617769884228114
1052,0,526,B[N93]_NiC_acet_1M KOH_ vs RHE B_05_CVA_C02.txt,313,0,313,1.0089989,1.6000253,-0.1815913411020982,0.2759349644184113,-0.011817378653981138,,-0.8004054524459542,-0.8004054524459542
1053,0,526,B[N93]_NiC_acet_1M KOH_ vs RHE B_05_CVA_C02.txt,345,345,0,0.99999952,1.5898929,-0.01649852675643373,0.4905913957840902,0.04874950183521969,2.605560913478963,,2.605560913478963
1054,0,527,B[N93]_NiC_acet_1M KOH_ vs RHE B_05_CVA_C02.txt,312,0,312,1.0090374,1.5999291,-0.1819002290969673,0.2683516204357144,-0.012827931341898812,,-0.8106209329420081,-0.8106209329420081
1055,0,527,B[N93]_NiC_acet_1M KOH_ vs RHE B_05_CVA_C02.txt,362,362,0,0.99996138,1.5904452,-0.008836654927006228,0.494114462392675,0.046377787189861436,2.611872786531769,,2.611872786531769
1056,0,528,B[N93]_NiC_acet_1M KOH_ vs RHE B_05_CVA_C02.txt,312,0,312,1.0096987,1.6000051,-0.1822034762871372,0.2580826078420095,-0.012081756149377607,,-0.8099342772043943,-0.8099342772043943
1057,0,528,B[N93]_NiC_acet_1M KOH_ vs RHE B_05_CVA_C02.txt,330,330,0,0.99999946,1.5911218,-0.02014786005020142,0.4917221772326794,0.048700067697949045,2.6287312666038876,,2.6287312666038876
1058,0,529,B[N93]_NiC_acet_1M KOH_ vs RHE B_05_CVA_C02.txt,313,0,313,1.0083989,1.6000112,-0.1810133392789375,0.2647876156413037,-0.012115688941897991,,-0.8154067422855666,-0.8154067422855666
1059,0,529,B[N93]_NiC_acet_1M KOH_ vs RHE B_05_CVA_C02.txt,344,344,0,0.99999946,1.590999,-0.01663209919048397,0.4903505625858191,0.04750123469148914,2.6229453089944865,,2.6229453089944865
1060,0,530,B[N93]_NiC_acet_1M KOH_ vs RHE B_05_CVA_C02.txt,312,0,312,1.0085008,1.5999613,-0.1836091243136093,0.254882425069809,-0.012153224246604536,,-0.8181448714972852,-0.8181448714972852
1061,0,530,B[N93]_NiC_acet_1M KOH_ vs RHE B_05_CVA_C02.txt,361,361,0,1.0000014,1.5913429,-0.01634538327546223,0.4936491702001842,0.045442478702950685,2.635195722479198,,2.635195722479198
1062,0,531,B[N93]_NiC_acet_1M KOH_ vs RHE B_05_CVA_C02.txt,313,0,313,1.0090108,1.5999931,-0.1835224764653488,0.2502953944646791,-0.011939365505469353,,-0.8013942891981999,-0.8013942891981999
1063,0,531,B[N93]_NiC_acet_1M KOH_ vs RHE B_05_CVA_C02.txt,347,347,0,1.0000113,1.5908359,-0.01688962566423352,0.4953039672437125,0.045828714794191705,2.6323252568896023,,2.6323252568896023
1064,0,532,B[N93]_NiC_acet_1M KOH_ vs RHE B_05_CVA_C02.txt,311,0,311,1.009171,1.5999687,-0.1833340479877466,0.2585970796644688,-0.012677979109586963,,-0.8034396711350726,-0.8034396711350726
1065,0,532,B[N93]_NiC_acet_1M KOH_ vs RHE B_05_CVA_C02.txt,363,363,0,0.99997145,1.5903389,-0.02906161919236183,0.4941882469507421,0.046565354864191916,2.6225214792075207,,2.6225214792075207
1066,0,533,B[N93]_NiC_acet_1M KOH_ vs RHE B_05_CVA_C02.txt,312,0,312,1.0091029,1.5999932,-0.1839342258251921,0.2495845462317052,-0.012031442429006627,,-0.8072119632175031,-0.8072119632175031
1067,0,533,B[N93]_NiC_acet_1M KOH_ vs RHE B_05_CVA_C02.txt,359,359,0,0.99995136,1.590342,-0.01004864535526051,0.4889682223567239,0.04623737489520373,2.619999050389122,,2.619999050389122
1068,0,534,B[N93]_NiC_acet_1M KOH_ vs RHE B_05_CVA_C02.txt,313,0,313,1.0087129,1.6000051,-0.1826551237025789,0.2751649022102356,-0.011984476128891338,,-0.8119171975751732,-0.8119171975751732
1069,0,534,B[N93]_NiC_acet_1M KOH_ vs RHE B_05_CVA_C02.txt,361,361,0,1.0000134,1.5916352,-0.00985027407961897,0.4943435605606421,0.046583693833855036,2.6482366645330626,,2.6482366645330626
1070,0,535,B[N93]_NiC_acet_1M KOH_ vs RHE B_05_CVA_C02.txt,312,0,312,1.0084769,1.5999659,-0.1845390163451934,0.2431589391301658,-0.01295236768903508,,-0.8154960403451703,-0.8154960403451703
1071,0,535,B[N93]_NiC_acet_1M KOH_ vs RHE B_05_CVA_C02.txt,344,344,0,1.000049,1.5910541,-0.01525593451129235,0.4890581169692574,0.04770340935097717,2.636782202271206,,2.636782202271206
1072,0,536,B[N93]_NiC_acet_1M KOH_ vs RHE B_05_CVA_C02.txt,312,0,312,1.0097048,1.5999613,-0.1837253359664186,0.2603110373020172,-0.012146338654702306,,-0.8171259114463341,-0.8171259114463341
1073,0,536,B[N93]_NiC_acet_1M KOH_ vs RHE B_05_CVA_C02.txt,347,347,0,1.0000054,1.5913222,-0.01041380700757275,0.4910091067514557,0.04819458385819306,2.643615764686753,,2.643615764686753
1074,0,537,B[N93]_NiC_acet_1M KOH_ vs RHE B_05_CVA_C02.txt,312,0,312,1.0088109,1.5999969,-0.185657356215283,0.2534695863723755,-0.013031806506792072,,-0.8206403745069979,-0.8206403745069979
1075,0,537,B[N93]_NiC_acet_1M KOH_ vs RHE B_05_CVA_C02.txt,355,355,0,1.0000114,1.5914389,-0.01611481998723163,0.4921472623913612,0.04827884213215638,2.646061402380118,,2.646061402380118
1076,0,538,B[N93]_NiC_acet_1M KOH_ vs RHE B_05_CVA_C02.txt,313,0,313,1.0090029,1.6000011,-0.1846861024976127,0.2608652200470569,-0.012252174882813896,,-0.8225142979162443,-0.8225142979162443
1077,0,538,B[N93]_NiC_acet_1M KOH_ vs RHE B_05_CVA_C02.txt,354,354,0,1.0000033,1.5901471,-0.02703475207090378,0.4936431489549049,0.04558480589278371,2.6195108877967463,,2.6195108877967463
1078,0,539,B[N93]_NiC_acet_1M KOH_ vs RHE B_05_CVA_C02.txt,312,0,312,1.0090989,1.6000072,-0.1849148524835202,0.253562400846377,-0.01225813023008067,,-0.8245026029829517,-0.8245026029829517
1079,0,539,B[N93]_NiC_acet_1M KOH_ vs RHE B_05_CVA_C02.txt,342,342,0,0.99999946,1.5904852,-0.01383879501372576,0.4973100874061167,0.046463538803697635,2.6255058664751925,,2.6255058664751925
1080,0,540,B[N93]_NiC_acet_1M KOH_ vs RHE B_05_CVA_C02.txt,312,0,312,1.0096987,1.6000391,-0.186163255327819,0.269086173695066,-0.01209012685698483,,-0.8163435994479561,-0.8163435994479561
1081,0,540,B[N93]_NiC_acet_1M KOH_ vs RHE B_05_CVA_C02.txt,349,349,0,0.99995136,1.5901933,-0.008099999013385761,0.4960944526005004,0.0480693857662748,2.6488081297874357,,2.6488081297874357
1082,0,541,B[N93]_NiC_acet_1M KOH_ vs RHE B_05_CVA_C02.txt,311,0,311,1.0092009,1.5999851,-0.1855185952404874,0.2627930045127869,-0.012679929738538945,,-0.8009247777366479,-0.8009247777366479
1083,0,541,B[N93]_NiC_acet_1M KOH_ vs RHE B_05_CVA_C02.txt,345,345,0,0.99995136,1.5907046,-0.006943302351451547,0.4952434429469781,0.04618856672444874,2.6553443810550865,,2.6553443810550865
1084,0,542,B[N93]_NiC_acet_1M KOH_ vs RHE B_05_CVA_C02.txt,312,0,312,1.0097069,1.6000012,-0.1859035142390986,0.2524431445028466,-0.0119772155191313,,-0.8037669370656004,-0.8037669370656004
1085,0,542,B[N93]_NiC_acet_1M KOH_ vs RHE B_05_CVA_C02.txt,364,364,0,1.0000434,1.5916982,-0.01743215835712694,0.4979084649755938,0.047686024021275954,2.667336248675537,,2.667336248675537
1086,0,543,B[N93]_NiC_acet_1M KOH_ vs RHE B_05_CVA_C02.txt,311,0,311,1.0097648,1.5999569,-0.1853363185563579,0.2682496986605907,-0.01266725528810093,,-0.7993716152840502,-0.7993716152840502
1087,0,543,B[N93]_NiC_acet_1M KOH_ vs RHE B_05_CVA_C02.txt,360,360,0,0.99996537,1.5912757,-0.007901679697293724,0.4968569178681044,0.04711541549576711,2.675651531273199,,2.675651531273199
1088,0,544,B[N93]_NiC_acet_1M KOH_ vs RHE B_05_CVA_C02.txt,310,0,310,1.0095989,1.5999892,-0.1838823758778325,0.2632130682468414,-0.011768008013923968,,-0.7945242645969816,-0.7945242645969816
1089,0,544,B[N93]_NiC_acet_1M KOH_ vs RHE B_05_CVA_C02.txt,362,362,0,0.99999946,1.5908546,-0.00981443002820015,0.4974732299847791,0.04838801557912396,2.6685673092920554,,2.6685673092920554
1090,0,545,B[N93]_NiC_acet_1M KOH_ vs RHE B_05_CVA_C02.txt,310,0,310,1.009869,1.5999573,-0.185661561170833,0.272811682451339,-0.012511959812833342,,-0.7939438460161735,-0.7939438460161735
1091,0,545,B[N93]_NiC_acet_1M KOH_ vs RHE B_05_CVA_C02.txt,363,363,0,0.99997211,1.5899045,-0.007535460405051708,0.5022849291291163,0.04599413246029543,2.6478290271544878,,2.6478290271544878
1092,0,546,B[N93]_NiC_acet_1M KOH_ vs RHE B_05_CVA_C02.txt,307,0,307,1.008857,1.6000032,-0.1861290939321407,0.2541555085259928,-0.011736893335881968,,-0.8024101211370218,-0.8024101211370218
1093,0,546,B[N93]_NiC_acet_1M KOH_ vs RHE B_05_CVA_C02.txt,352,352,0,1.0000074,1.5912452,-0.00755516579374671,0.5043284749137102,0.04994218437194082,2.6786614395936312,,2.6786614395936312
1094,0,547,B[N93]_NiC_acet_1M KOH_ vs RHE B_05_CVA_C02.txt,310,0,310,1.0093108,1.5999532,-0.1863333122133969,0.2729666427425714,-0.011867114752644806,,-0.8037580998049081,-0.8037580998049081
1095,0,547,B[N93]_NiC_acet_1M KOH_ vs RHE B_05_CVA_C02.txt,347,347,0,1.0000113,1.590605,-0.009828639344994727,0.5031362085840723,0.04745625437034771,2.6606898097685967,,2.6606898097685967
1096,0,548,B[N93]_NiC_acet_1M KOH_ vs RHE B_05_CVA_C02.txt,309,0,309,1.0087229,1.5999178,-0.1860473131318043,0.2700248324289556,-0.012695777913062796,,-0.8091065908356858,-0.8091065908356858
1097,0,548,B[N93]_NiC_acet_1M KOH_ vs RHE B_05_CVA_C02.txt,339,339,0,1.0000234,1.5915291,-0.0174265937641897,0.5034535094162855,0.04857686431998853,2.6852765811999935,,2.6852765811999935
1098,0,549,B[N93]_NiC_acet_1M KOH_ vs RHE B_05_CVA_C02.txt,306,0,306,1.0085049,1.6000392,-0.1873847030514568,0.2772141396999359,-0.011804313413620838,,-0.8132716958996085,-0.8132716958996085
1099,0,549,B[N93]_NiC_acet_1M KOH_ vs RHE B_05_CVA_C02.txt,353,353,0,1.0000055,1.5905628,-0.01676627404420922,0.5003518871913766,0.04718815527034453,2.652146269408118,,2.652146269408118
1100,0,550,B[N93]_NiC_acet_1M KOH_ vs RHE B_05_CVA_C02.txt,313,0,313,1.008549,1.6000233,-0.1860748956695859,0.2776405513286591,-0.012049454845922564,,-0.8166590999282397,-0.8166590999282397
1101,0,550,B[N93]_NiC_acet_1M KOH_ vs RHE B_05_CVA_C02.txt,349,349,0,0.99999952,1.590495,-0.01708495293986867,0.5037592241107465,0.047899451638581544,2.651684901646542,,2.651684901646542
1102,0,551,B[N93]_NiC_acet_1M KOH_ vs RHE B_05_CVA_C02.txt,303,0,303,1.008799,1.6000053,-0.1873318633423144,0.2808544337749481,-0.011443424921491217,,-0.7839234816629913,-0.7839234816629913
1103,0,551,B[N93]_NiC_acet_1M KOH_ vs RHE B_05_CVA_C02.txt,347,347,0,0.99995136,1.5899681,-0.01031255335980111,0.5048243830304333,0.04968334116028013,2.6817945558884055,,2.6817945558884055
1104,0,552,B[N93]_NiC_acet_1M KOH_ vs RHE B_05_CVA_C02.txt,311,0,311,1.0083028,1.5999751,-0.1880963126638158,0.2596427798271179,-0.011369989295596258,,-0.7759445545323989,-0.7759445545323989
1105,0,552,B[N93]_NiC_acet_1M KOH_ vs RHE B_05_CVA_C02.txt,351,351,0,1.0000035,1.591089,-0.01695290913440936,0.5022813585055692,0.04839708285403688,2.6973572323841095,,2.6973572323841095
1106,0,553,B[N93]_NiC_acet_1M KOH_ vs RHE B_05_CVA_C02.txt,307,0,307,1.0095608,1.5999514,-0.1879064231803436,0.2815567783334036,-0.012274882800734462,,-0.7815730033521362,-0.7815730033521362
1107,0,553,B[N93]_NiC_acet_1M KOH_ vs RHE B_05_CVA_C02.txt,358,358,0,0.99996144,1.591149,-0.02683047391474247,0.5045798966069452,0.047776650546747734,2.7020104131176517,,2.7020104131176517
1108,0,554,B[N93]_NiC_acet_1M KOH_ vs RHE B_05_CVA_C02.txt,309,0,309,1.0082009,1.5999612,-0.1878577458589288,0.2658669054508209,-0.011603666084562805,,-0.7884845608813273,-0.7884845608813273
1109,0,554,B[N93]_NiC_acet_1M KOH_ vs RHE B_05_CVA_C02.txt,355,355,0,1.0000013,1.5912415,-0.009138773402285832,0.5022966298926357,0.04753628274373894,2.69683128055513,,2.69683128055513
1110,0,555,B[N93]_NiC_acet_1M KOH_ vs RHE B_05_CVA_C02.txt,300,0,300,1.0091029,1.5999973,-0.1892103597885435,0.2811089754104614,-0.011401929074895926,,-0.7914087258077084,-0.7914087258077084
1111,0,555,B[N93]_NiC_acet_1M KOH_ vs RHE B_05_CVA_C02.txt,350,350,0,1.0000033,1.5906757,-0.009165289811789988,0.5028346446585008,0.049924464784540774,2.6872363463326527,,2.6872363463326527
1112,0,556,B[N93]_NiC_acet_1M KOH_ vs RHE B_05_CVA_C02.txt,308,0,308,1.0091989,1.5999612,-0.1886797202719865,0.2749830989733981,-0.011760893871471017,,-0.7991538378557412,-0.7991538378557412
1113,0,556,B[N93]_NiC_acet_1M KOH_ vs RHE B_05_CVA_C02.txt,356,356,0,0.99999952,1.5907203,-0.01683185219197819,0.5018133507367538,0.047006455603797584,2.6823854667693583,,2.6823854667693583
1114,0,557,B[N93]_NiC_acet_1M KOH_ vs RHE B_05_CVA_C02.txt,309,0,309,1.0081989,1.6000313,-0.1865064267876759,0.2858375310897827,-0.011675725567788677,,-0.8057234581694316,-0.8057234581694316
1115,0,557,B[N93]_NiC_acet_1M KOH_ vs RHE B_05_CVA_C02.txt,364,364,0,0.99999946,1.5909489,-0.008661642486247928,0.4978923211775187,0.04724942585441988,2.679658557150241,,2.679658557150241
1116,0,558,B[N93]_NiC_acet_1M KOH_ vs RHE B_05_CVA_C02.txt,305,0,305,1.008599,1.5999832,-0.1876823320092048,0.2742633819580078,-0.012044954819144096,,-0.812373047533369,-0.812373047533369
1117,0,558,B[N93]_NiC_acet_1M KOH_ vs RHE B_05_CVA_C02.txt,358,358,0,0.99999946,1.589946,-0.02628191746771336,0.5074548141674261,0.04883996227592815,2.653577802257038,,2.653577802257038
1118,0,559,B[N93]_NiC_acet_1M KOH_ vs RHE B_05_CVA_C02.txt,304,0,304,1.009599,1.5999752,-0.1879934573832616,0.2722133022287609,-0.012052713594929905,,-0.8178845551253705,-0.8178845551253705
1119,0,559,B[N93]_NiC_acet_1M KOH_ vs RHE B_05_CVA_C02.txt,340,340,0,0.99999952,1.5902618,-0.016994137286573,0.4985877738830018,0.04754928804980859,2.6644536348690777,,2.6644536348690777
1120,0,560,B[N93]_NiC_acet_1M KOH_ vs RHE B_05_CVA_C02.txt,308,0,308,1.0091989,1.6000272,-0.187691234411608,0.2558872433418922,-0.01222483694356874,,-0.8258419685899508,-0.8258419685899508
1121,0,560,B[N93]_NiC_acet_1M KOH_ vs RHE B_05_CVA_C02.txt,354,354,0,0.99999952,1.5911001,-0.01691444772903038,0.5032942639073248,0.051008286120939654,2.672652961998626,,2.672652961998626
1122,0,561,B[N93]_NiC_acet_1M KOH_ vs RHE B_05_CVA_C02.txt,303,0,303,1.0082029,1.6000092,-0.1897962712589212,0.2836355268955231,-0.012162103604126692,,-0.8305638773817046,-0.8305638773817046
1123,0,561,B[N93]_NiC_acet_1M KOH_ vs RHE B_05_CVA_C02.txt,364,364,0,1.0000033,1.5902081,-0.008976409202418639,0.5039388507575695,0.04713106360317581,2.6535790216352484,,2.6535790216352484
1124,0,562,B[N93]_NiC_acet_1M KOH_ vs RHE B_05_CVA_C02.txt,313,0,313,1.008109,1.6000073,-0.189046155472548,0.2795688807964325,-0.012301024953076308,,-0.8334837225159315,-0.8334837225159315
1125,0,562,B[N93]_NiC_acet_1M KOH_ vs RHE B_05_CVA_C02.txt,358,358,0,1.0000093,1.5899613,-0.007863091245833578,0.5010070765922341,0.04771017432347343,2.646761692207908,,2.646761692207908
1126,0,563,B[N93]_NiC_acet_1M KOH_ vs RHE B_05_CVA_C02.txt,307,0,307,1.0095651,1.5999548,-0.190443591789912,0.2527570795753729,-0.01321776053214444,,-0.8428096049395811,-0.8428096049395811
1127,0,563,B[N93]_NiC_acet_1M KOH_ vs RHE B_05_CVA_C02.txt,345,345,0,0.99996817,1.5906979,-0.007371836174025315,0.5048434080908857,0.047934770308670535,2.6605540179497384,,2.6605540179497384
1128,0,564,B[N93]_NiC_acet_1M KOH_ vs RHE B_05_CVA_C02.txt,294,0,294,1.0088511,1.599903,-0.1894799568169265,0.2699179685845665,-0.01339385436277465,,-0.8478812343950445,-0.8478812343950445
1129,0,564,B[N93]_NiC_acet_1M KOH_ vs RHE B_05_CVA_C02.txt,351,351,0,1.0000013,1.5907171,-0.00859535885546897,0.500879047234297,0.049562558402561685,2.6589631573336896,,2.6589631573336896
1130,0,565,B[N93]_NiC_acet_1M KOH_ vs RHE B_05_CVA_C02.txt,288,0,288,1.0093571,1.5999504,-0.1902939921974829,0.2545975393056867,-0.013671301194151244,,-0.8477614776307948,-0.8477614776307948
1131,0,565,B[N93]_NiC_acet_1M KOH_ vs RHE B_05_CVA_C02.txt,338,338,0,1.000048,1.5909636,-0.0143887959340497,0.5000716269728809,0.04815733844357758,2.6628267678767945,,2.6628267678767945
1132,0,566,B[N93]_NiC_acet_1M KOH_ vs RHE B_05_CVA_C02.txt,285,0,285,1.009225,1.5999744,-0.1904449723350861,0.2523622146019564,-0.01378167224184312,,-0.8535786603211014,-0.8535786603211014
1133,0,566,B[N93]_NiC_acet_1M KOH_ vs RHE B_05_CVA_C02.txt,337,337,0,0.99997556,1.5910068,-0.01605515181005973,0.4961441422009205,0.051010280012307084,2.657238608228861,,2.657238608228861
1134,0,567,B[N93]_NiC_acet_1M KOH_ vs RHE B_05_CVA_C02.txt,304,0,304,1.0086989,1.5999852,-0.1895944705452051,0.2656696140766144,-0.012666088906375788,,-0.8530097514197731,-0.8530097514197731
1135,0,567,B[N93]_NiC_acet_1M KOH_ vs RHE B_05_CVA_C02.txt,358,358,0,0.99999952,1.5917652,-0.01725486505459597,0.5019428226977611,0.04709174344387605,2.6746570780456764,,2.6746570780456764
1136,0,568,B[N93]_NiC_acet_1M KOH_ vs RHE B_05_CVA_C02.txt,310,0,310,1.0086993,1.5999973,-0.1901781141390648,0.2692835978839709,-0.012686646556389288,,-0.8505098980715755,-0.8505098980715755
1137,0,568,B[N93]_NiC_acet_1M KOH_ vs RHE B_05_CVA_C02.txt,339,339,0,1.0000291,1.5914991,-0.00885764632871569,0.5054984007430958,0.049678852494485295,2.7046603411077945,,2.7046603411077945
1138,0,569,B[N93]_NiC_acet_1M KOH_ vs RHE B_05_CVA_C02.txt,299,0,299,1.0098056,1.6000053,-0.1917107617442158,0.2806889414787292,-0.011946508051777657,,-0.815140012395851,-0.815140012395851
1139,0,569,B[N93]_NiC_acet_1M KOH_ vs RHE B_05_CVA_C02.txt,357,357,0,1.000033,1.5901868,-0.01347483535538505,0.5064377840108705,0.04796977531153863,2.674441080469885,,2.674441080469885
1140,0,570,B[N93]_NiC_acet_1M KOH_ vs RHE B_05_CVA_C02.txt,297,0,297,1.0088049,1.5999932,-0.1890310962703534,0.2694435715675354,-0.012119120107456293,,-0.8211613514296269,-0.8211613514296269
1141,0,570,B[N93]_NiC_acet_1M KOH_ vs RHE B_05_CVA_C02.txt,342,342,0,0.99995118,1.5910896,-0.02907975763082504,0.5068932841616856,0.04979905750977905,2.692882320349069,,2.692882320349069
1142,0,571,B[N93]_NiC_acet_1M KOH_ vs RHE B_05_CVA_C02.txt,299,0,299,1.0091968,1.5999938,-0.1910243416028892,0.2539044618606567,-0.013009206815109376,,-0.8230063275146305,-0.8230063275146305
1143,0,571,B[N93]_NiC_acet_1M KOH_ vs RHE B_05_CVA_C02.txt,349,349,0,0.99995136,1.5905726,-0.009813656811841516,0.509204623522894,0.05166393695241094,2.732718421368737,,2.732718421368737
1144,0,572,B[N93]_NiC_acet_1M KOH_ vs RHE B_05_CVA_C02.txt,292,0,292,1.0099008,1.6000073,-0.192826981685613,0.2585394298252846,-0.010189929790389152,,-0.724021265535031,-0.724021265535031
1145,0,572,B[N93]_NiC_acet_1M KOH_ vs RHE B_05_CVA_C02.txt,338,338,0,1.0000014,1.5901583,-0.01711659153680439,0.5084543061558886,0.052408575462205925,2.757693954684643,,2.757693954684643
1146,0,573,B[N93]_NiC_acet_1M KOH_ vs RHE B_05_CVA_C02.txt,304,0,304,1.0080988,1.5999893,-0.1925592758704542,0.281713604927063,-0.010533903852823658,,-0.7295217299006532,-0.7295217299006532
1147,0,573,B[N93]_NiC_acet_1M KOH_ vs RHE B_05_CVA_C02.txt,345,345,0,0.99999946,1.5903261,-0.03173122927546501,0.511611807209909,0.04643742058447978,2.7575381818343834,,2.7575381818343834
1148,0,574,B[N93]_NiC_acet_1M KOH_ vs RHE B_05_CVA_C02.txt,304,0,304,1.008705,1.5999852,-0.1907667469253855,0.2728471146977466,-0.010650074223398356,,-0.7416037567530883,-0.7416037567530883
1149,0,574,B[N93]_NiC_acet_1M KOH_ vs RHE B_05_CVA_C02.txt,334,334,0,1.0000054,1.5901212,-0.01596373322102776,0.5127909389257415,0.05132694931907386,2.7488027256503127,,2.7488027256503127
1150,0,575,B[N93]_NiC_acet_1M KOH_ vs RHE B_05_CVA_C02.txt,301,0,301,1.0080988,1.5999533,-0.1906685879576218,0.2654688649851343,-0.010864802691182786,,-0.744334302559603,-0.744334302559603
1151,0,575,B[N93]_NiC_acet_1M KOH_ vs RHE B_05_CVA_C02.txt,355,355,0,0.99999952,1.5900074,-0.01717897492420414,0.5142037894036158,0.05031618132189197,2.7445792236163418,,2.7445792236163418
1152,0,576,B[N93]_NiC_acet_1M KOH_ vs RHE B_05_CVA_C02.txt,300,0,300,1.008799,1.6000172,-0.1918076194077489,0.289834201335907,-0.010641040687574653,,-0.7517748143891477,-0.7517748143891477
1153,0,576,B[N93]_NiC_acet_1M KOH_ vs RHE B_05_CVA_C02.txt,342,342,0,0.99999952,1.5900817,-0.01715587053205009,0.5096150207824959,0.050125084419668155,2.7401759838737956,,2.7401759838737956
1154,0,577,B[N93]_NiC_acet_1M KOH_ vs RHE B_05_CVA_C02.txt,292,0,292,1.008101,1.5999973,-0.1932084895622723,0.2701564424711725,-0.01081129006591203,,-0.753161751744264,-0.753161751744264
1155,0,577,B[N93]_NiC_acet_1M KOH_ vs RHE B_05_CVA_C02.txt,329,329,0,1.0000013,1.5910369,-0.03181523084640503,0.5085406874076532,0.04797069343673325,2.7624202053747906,,2.7624202053747906
1156,0,578,B[N93]_NiC_acet_1M KOH_ vs RHE B_05_CVA_C02.txt,311,0,311,1.0085769,1.599979,-0.1911104670223009,0.2686809870329769,-0.011929924565461545,,-0.763123801370177,-0.763123801370177
1157,0,578,B[N93]_NiC_acet_1M KOH_ vs RHE B_05_CVA_C02.txt,349,349,0,0.99997741,1.591375,-0.007492351176080908,0.5136318163846099,0.0506879649037048,2.765421372200387,,2.765421372200387
1158,0,579,B[N93]_NiC_acet_1M KOH_ vs RHE B_05_CVA_C02.txt,306,0,306,1.0084989,1.6000291,-0.1933666066977753,0.2642865223081214,-0.011235499483749519,,-0.7667959511225888,-0.7667959511225888
1159,0,579,B[N93]_NiC_acet_1M KOH_ vs RHE B_05_CVA_C02.txt,351,351,0,0.99999946,1.5909491,-0.02249991707503796,0.5092701428016246,0.050114509004524264,2.7545379998431523,,2.7545379998431523
1160,0,580,B[N93]_NiC_acet_1M KOH_ vs RHE B_05_CVA_C02.txt,309,0,309,1.0099069,1.5999072,-0.1921603416855591,0.26154697702286,-0.012151986010376438,,-0.7711635155797816,-0.7711635155797816
1161,0,580,B[N93]_NiC_acet_1M KOH_ vs RHE B_05_CVA_C02.txt,345,345,0,0.99995118,1.5908421,-0.03407756239175797,0.5112876797437265,0.047268282079991175,2.7488529794416907,,2.7488529794416907
1162,0,581,B[N93]_NiC_acet_1M KOH_ vs RHE B_05_CVA_C02.txt,310,0,310,1.009307,1.6000032,-0.1932284024647188,0.2907761037349701,-0.011259578723937815,,-0.7734140201190653,-0.7734140201190653
1163,0,581,B[N93]_NiC_acet_1M KOH_ vs RHE B_05_CVA_C02.txt,349,349,0,1.0000074,1.590476,-0.03171214088797569,0.5109529383075158,0.04897976183897683,2.741648503019664,,2.741648503019664
1164,0,582,B[N93]_NiC_acet_1M KOH_ vs RHE B_05_CVA_C02.txt,312,0,312,1.0091008,1.6000311,-0.1939223674325952,0.2668298210786737,-0.01152432150104608,,-0.7824024029519505,-0.7824024029519505
1165,0,582,B[N93]_NiC_acet_1M KOH_ vs RHE B_05_CVA_C02.txt,354,354,0,0.99995136,1.5910097,-0.009482446216411608,0.512938918125081,0.04870647283588728,2.7521070810604815,,2.7521070810604815
1166,0,583,B[N93]_NiC_acet_1M KOH_ vs RHE B_05_CVA_C02.txt,311,0,311,1.008903,1.5999713,-0.193201461288572,0.2716328203678131,-0.011566770314172569,,-0.7867219605680427,-0.7867219605680427
1167,0,583,B[N93]_NiC_acet_1M KOH_ vs RHE B_05_CVA_C02.txt,349,349,0,1.0000033,1.5913521,-0.009295763326106071,0.5088228110957518,0.04909896615120861,2.755132398619446,,2.755132398619446
1168,0,584,B[N93]_NiC_acet_1M KOH_ vs RHE B_05_CVA_C02.txt,311,0,311,1.0097368,1.5999274,-0.1950697361994695,0.2784717463784743,-0.012528176817668902,,-0.7944263299284063,-0.7944263299284063
1169,0,584,B[N93]_NiC_acet_1M KOH_ vs RHE B_05_CVA_C02.txt,341,341,0,0.99999732,1.5902039,-0.00902025431484943,0.5094717957891088,0.04994419373018789,2.730404598694278,,2.730404598694278
1170,0,585,B[N93]_NiC_acet_1M KOH_ vs RHE B_05_CVA_C02.txt,312,0,312,1.0085069,1.6000152,-0.1948814783546258,0.2656009802999704,-0.011755035760892629,,-0.7972402281176321,-0.7972402281176321
1171,0,585,B[N93]_NiC_acet_1M KOH_ vs RHE B_05_CVA_C02.txt,343,343,0,1.0000074,1.590144,-0.01636649295687675,0.5112298308960757,0.048945402015314665,2.7285006032019306,,2.7285006032019306
1172,0,586,B[N93]_NiC_acet_1M KOH_ vs RHE B_05_CVA_C02.txt,312,0,312,1.0091089,1.6000131,-0.1951761338522195,0.2920934557914734,-0.011658374804750512,,-0.7984797928728646,-0.7984797928728646
1173,0,586,B[N93]_NiC_acet_1M KOH_ vs RHE B_05_CVA_C02.txt,343,343,0,1.0000093,1.5909008,-0.0206531435251236,0.5075858899442829,0.04714666606478268,2.741253140844343,,2.741253140844343
1174,0,587,B[N93]_NiC_acet_1M KOH_ vs RHE B_05_CVA_C02.txt,313,0,313,1.008405,1.6000131,-0.1946418660025397,0.2926853597164154,-0.011732813967988512,,-0.8036350989538308,-0.8036350989538308
1175,0,587,B[N93]_NiC_acet_1M KOH_ vs RHE B_05_CVA_C02.txt,354,354,0,1.0000054,1.5898941,-0.02100888080894947,0.5079535748273063,0.04797618673805491,2.7168422674312365,,2.7168422674312365
1176,0,588,B[N93]_NiC_acet_1M KOH_ vs RHE B_05_CVA_C02.txt,311,0,311,1.0098029,1.6000032,-0.1931457772445131,0.2874349355697632,-0.01188042773364226,,-0.8072119704380072,-0.8072119704380072
1177,0,588,B[N93]_NiC_acet_1M KOH_ vs RHE B_05_CVA_C02.txt,350,350,0,1.0000033,1.5906271,-0.01723627386736158,0.5096809322331461,0.047831155753880604,2.73033541549582,,2.73033541549582
1178,0,589,B[N93]_NiC_acet_1M KOH_ vs RHE B_05_CVA_C02.txt,312,0,312,1.0090833,1.5999449,-0.1936345046095842,0.2733570316008158,-0.012894966538442434,,-0.8159049734234339,-0.8159049734234339
1179,0,589,B[N93]_NiC_acet_1M KOH_ vs RHE B_05_CVA_C02.txt,342,342,0,0.99998343,1.5900853,-0.01664264123562885,0.5104616782635913,0.04965969502858915,2.7207484319732513,,2.7207484319732513
1180,0,590,B[N93]_NiC_acet_1M KOH_ vs RHE B_05_CVA_C02.txt,312,0,312,1.0094069,1.5999973,-0.1955804840059429,0.2705701343391254,-0.012011698602147356,,-0.8104605644715266,-0.8104605644715266
1181,0,590,B[N93]_NiC_acet_1M KOH_ vs RHE B_05_CVA_C02.txt,348,348,0,1.0000075,1.590946,-0.01706898554592678,0.5122706295609126,0.04625219970027145,2.7370000469359845,,2.7370000469359845
1182,0,591,B[N93]_NiC_acet_1M KOH_ vs RHE B_05_CVA_C02.txt,310,0,310,1.0098989,1.6000032,-0.1938826388621084,0.2640473006860069,-0.012116976565881314,,-0.8161808279057545,-0.8161808279057545
1183,0,591,B[N93]_NiC_acet_1M KOH_ vs RHE B_05_CVA_C02.txt,362,362,0,0.99999946,1.5903827,-0.008458872325718403,0.508553040549101,0.049191567686726556,2.7239372647146034,,2.7239372647146034
1184,0,592,B[N93]_NiC_acet_1M KOH_ vs RHE B_05_CVA_C02.txt,312,0,312,1.0085089,1.5999632,-0.1936129502624777,0.2743248343467712,-0.012108763114915254,,-0.8202125044151053,-0.8202125044151053
1185,0,592,B[N93]_NiC_acet_1M KOH_ vs RHE B_05_CVA_C02.txt,361,361,0,0.99995136,1.590995,-0.007368482320572703,0.5085039177434654,0.04704085198938737,2.7337809189988906,,2.7337809189988906
1186,0,593,B[N93]_NiC_acet_1M KOH_ vs RHE B_05_CVA_C02.txt,311,0,311,1.0092028,1.6000032,-0.1961280464428108,0.2836291790008545,-0.012147205992122169,,-0.825279960965879,-0.825279960965879
1187,0,593,B[N93]_NiC_acet_1M KOH_ vs RHE B_05_CVA_C02.txt,352,352,0,1.0000033,1.5915409,-0.02820441871881485,0.509092793006956,0.047507251252175205,2.746177157641836,,2.746177157641836
1188,0,594,B[N93]_NiC_acet_1M KOH_ vs RHE B_05_CVA_C02.txt,311,0,311,1.0091989,1.5999973,-0.1973842045927445,0.2736187868929924,-0.012275793595289387,,-0.8281615545629648,-0.8281615545629648
1189,0,594,B[N93]_NiC_acet_1M KOH_ vs RHE B_05_CVA_C02.txt,369,369,0,0.99995118,1.590345,-0.03313412889838219,0.5050756863999726,0.04629667609638248,2.7155475896155754,,2.7155475896155754
1190,0,595,B[N93]_NiC_acet_1M KOH_ vs RHE B_05_CVA_C02.txt,307,0,307,1.0083208,1.5999199,-0.1948432980870018,0.273228433728218,-0.013104714936165211,,-0.8355348216618501,-0.8355348216618501
1191,0,595,B[N93]_NiC_acet_1M KOH_ vs RHE B_05_CVA_C02.txt,359,359,0,1.0000213,1.590427,-0.01089817111040751,0.5097298633143519,0.049769602533592666,2.716788001670288,,2.716788001670288
1192,0,596,B[N93]_NiC_acet_1M KOH_ vs RHE B_05_CVA_C02.txt,312,0,312,1.0088089,1.5999832,-0.1965802901435825,0.2728292644023895,-0.012404286814743043,,-0.8380730496712058,-0.8380730496712058
1193,0,596,B[N93]_NiC_acet_1M KOH_ vs RHE B_05_CVA_C02.txt,361,361,0,1.0000094,1.5900102,-0.01672158811403363,0.5092018823191014,0.048405845360568404,2.7066994011357584,,2.7066994011357584
1194,0,597,B[N93]_NiC_acet_1M KOH_ vs RHE B_05_CVA_C02.txt,312,0,312,1.0097069,1.6000211,-0.1963138208626196,0.2927617132663727,-0.012336619953916468,,-0.8377111227122339,-0.8377111227122339
1195,0,597,B[N93]_NiC_acet_1M KOH_ vs RHE B_05_CVA_C02.txt,340,340,0,1.0000075,1.5908369,-0.02158798463642597,0.5094420687364654,0.05067515237065439,2.724722411267045,,2.724722411267045
1196,0,598,B[N93]_NiC_acet_1M KOH_ vs RHE B_05_CVA_C02.txt,309,0,309,1.0084788,1.5999575,-0.1951579765917202,0.2778423627217608,-0.013352135963382375,,-0.8468826793242875,-0.8468826793242875
1197,0,598,B[N93]_NiC_acet_1M KOH_ vs RHE B_05_CVA_C02.txt,362,362,0,0.99997944,1.5909251,-0.008352821631085056,0.5041370508615053,0.048662694125603964,2.7228253317217157,,2.7228253317217157
1198,0,599,B[N93]_NiC_acet_1M KOH_ vs RHE B_05_CVA_C02.txt,311,0,311,1.0097309,1.599924,-0.1947806476840316,0.2820825310129869,-0.01347245366329739,,-0.8502311987069496,-0.8502311987069496
1199,0,599,B[N93]_NiC_acet_1M KOH_ vs RHE B_05_CVA_C02.txt,350,350,0,1.0000491,1.5902281,-0.01701705192215741,0.5108293321192545,0.04669885377919644,2.7040274572494076,,2.7040274572494076
1200,0,600,B[N93]_NiC_acet_1M KOH_ vs RHE B_05_CVA_C02.txt,311,0,311,1.0088929,1.5999867,-0.1965780768279646,0.2680516242980957,-0.013555088874076835,,-0.8534270455859222,-0.8534270455859222
1201,0,601,B[N93]_NiC_acet_1M KOH_ vs RHE B_05_CVA_C02.txt,350,350,0,0.9999513,1.5914708,-0.007377638015896082,0.5307211169499064,0.05461783033443941,2.9487884939445266,,2.9487884939445266
1202,0,601,B[N93]_NiC_acet_1M KOH_ vs RHE B_05_CVA_C02.txt,310,0,310,1.0083988,1.5999831,-0.1971254686124482,0.282038152217865,-0.009258483577362739,,-0.6550007013158942,-0.6550007013158942
1203,0,602,B[N93]_NiC_acet_1M KOH_ vs RHE B_05_CVA_C02.txt,340,340,0,1.0001932,1.5912632,-0.00753212114892338,0.519407834524559,0.053431727764076654,2.8664671114768403,,2.8664671114768403
1204,0,602,B[N93]_NiC_acet_1M KOH_ vs RHE B_05_CVA_C02.txt,312,0,312,1.0097109,1.5999691,-0.1969929190119179,0.2825472950935364,-0.009717891065555855,,-0.6808151761291621,-0.6808151761291621
1205,0,602,B[N93]_NiC_acet_1M KOH_ vs RHE B_05_CVA_C02.txt,351,351,0,0.99998999,1.5900706,-0.009747514501214027,0.5183714616588578,0.0500937853264437,2.8324530720736463,,2.8324530720736463
1206,0,603,B[N93]_NiC_acet_1M KOH_ vs RHE B_05_CVA_C02.txt,312,0,312,1.0090988,1.5999532,-0.1961626964048793,0.2815099358558655,-0.009767620305258027,,-0.6872178350279233,-0.6872178350279233
1207,0,603,B[N93]_NiC_acet_1M KOH_ vs RHE B_05_CVA_C02.txt,347,347,0,0.99999946,1.5904434,-0.01600411778528488,0.5142407818982804,0.05167635315731622,2.835666127984189,,2.835666127984189
1208,0,604,B[N93]_NiC_acet_1M KOH_ vs RHE B_05_CVA_C02.txt,312,0,312,1.0093989,1.5999571,-0.1976534546021915,0.280472606420517,-0.010001412825574566,,-0.6987400267336882,-0.6987400267336882
1209,0,604,B[N93]_NiC_acet_1M KOH_ vs RHE B_05_CVA_C02.txt,341,341,0,0.99999946,1.5916387,-0.0092034749686718,0.5126479740334702,0.05006649975685112,2.857418376936351,,2.857418376936351
1210,0,605,B[N93]_NiC_acet_1M KOH_ vs RHE B_05_CVA_C02.txt,310,0,310,1.009599,1.5999951,-0.1972036784712186,0.302244246006012,-0.010062387428100688,,-0.7070979356125855,-0.7070979356125855
1211,0,605,B[N93]_NiC_acet_1M KOH_ vs RHE B_05_CVA_C02.txt,365,365,0,0.99999946,1.5916973,-0.00850342120975256,0.509831138789532,0.04960632169276395,2.8494168514783444,,2.8494168514783444
1212,0,606,B[N93]_NiC_acet_1M KOH_ vs RHE B_05_CVA_C02.txt,313,0,313,1.0084049,1.6000092,-0.1974736501674093,0.2948937118053436,-0.010298916448848413,,-0.7204814063673052,-0.7204814063673052
1213,0,606,B[N93]_NiC_acet_1M KOH_ vs RHE B_05_CVA_C02.txt,346,346,0,1.0000055,1.5899628,-0.01710924570975098,0.5182832094528393,0.05229052820850807,2.804633017287119,,2.804633017287119
1214,0,607,B[N93]_NiC_acet_1M KOH_ vs RHE B_05_CVA_C02.txt,313,0,313,1.0083989,1.6000272,-0.1967322302533034,0.3022124171257019,-0.010482087481305677,,-0.732030986067208,-0.732030986067208
1215,0,607,B[N93]_NiC_acet_1M KOH_ vs RHE B_05_CVA_C02.txt,350,350,0,0.99995136,1.5904063,-0.006925927670687754,0.513974425144905,0.051272546603580604,2.8122123609785854,,2.8122123609785854
1216,0,608,B[N93]_NiC_acet_1M KOH_ vs RHE B_05_CVA_C02.txt,312,0,312,1.0097128,1.6000111,-0.1981749378832409,0.2798970302809836,-0.01074769723797419,,-0.7396204888572565,-0.7396204888572565
1217,0,608,B[N93]_NiC_acet_1M KOH_ vs RHE B_05_CVA_C02.txt,354,354,0,1.0000134,1.5901312,-0.009318688705516123,0.5111664125311908,0.05010936408540202,2.79830986000697,,2.79830986000697
1218,0,609,B[N93]_NiC_acet_1M KOH_ vs RHE B_05_CVA_C02.txt,313,0,313,1.0090048,1.6000432,-0.1974611788666309,0.3004495799541473,-0.010747360001760742,,-0.7468536820710466,-0.7468536820710466
1219,0,609,B[N93]_NiC_acet_1M KOH_ vs RHE B_05_CVA_C02.txt,359,359,0,1.0000054,1.5903914,-0.00699138955797201,0.5141823879815183,0.05059572878188954,2.8028630882284533,,2.8028630882284533
1220,0,610,B[N93]_NiC_acet_1M KOH_ vs RHE B_05_CVA_C02.txt,312,0,312,1.0090889,1.5999602,-0.1997164081959344,0.2973909631371496,-0.01177877171900588,,-0.7539244255472897,-0.7539244255472897
1221,0,610,B[N93]_NiC_acet_1M KOH_ vs RHE B_05_CVA_C02.txt,356,356,0,0.99998945,1.589954,-0.009723397691309824,0.5107496285384325,0.04929581573848755,2.7835121579033113,,2.7835121579033113
1222,0,611,B[N93]_NiC_acet_1M KOH_ vs RHE B_05_CVA_C02.txt,312,0,312,1.009401,1.6000012,-0.1989922034774345,0.287728099071461,-0.011108502883144057,,-0.7635043341607228,-0.7635043341607228
1223,0,611,B[N93]_NiC_acet_1M KOH_ vs RHE B_05_CVA_C02.txt,346,346,0,1.0000014,1.5911239,-0.01694820505445421,0.5129244122700527,0.049930758520439406,2.8075464689515908,,2.8075464689515908
1224,0,612,B[N93]_NiC_acet_1M KOH_ vs RHE B_05_CVA_C02.txt,311,0,311,1.0091907,1.599984,-0.1977142465313348,0.2769850380718708,-0.01216492677419557,,-0.7725404052511974,-0.7725404052511974
1225,0,612,B[N93]_NiC_acet_1M KOH_ vs RHE B_05_CVA_C02.txt,338,338,0,0.99995118,1.5914574,-0.02800045907497406,0.5103745649183864,0.048634932096692764,2.809997042416119,,2.809997042416119
1226,0,613,B[N93]_NiC_acet_1M KOH_ vs RHE B_05_CVA_C02.txt,313,0,313,1.0083989,1.5999651,-0.1983816432955599,0.292995246856109,-0.01133434074743811,,-0.7790344547595687,-0.7790344547595687
1227,0,613,B[N93]_NiC_acet_1M KOH_ vs RHE B_05_CVA_C02.txt,351,351,0,0.99999946,1.5909517,-0.02485260926187038,0.5137653298619358,0.04777987045148952,2.794863758094536,,2.794863758094536
1228,0,614,B[N93]_NiC_acet_1M KOH_ vs RHE B_05_CVA_C02.txt,311,0,311,1.0088068,1.5999002,-0.1987183402935331,0.2727431917190553,-0.012396392147397342,,-0.7875201504710057,-0.7875201504710057
1229,0,614,B[N93]_NiC_acet_1M KOH_ vs RHE B_05_CVA_C02.txt,356,356,0,1.0000074,1.5910895,-0.009417566641826232,0.5093004205895904,0.04999156829881936,2.7933958280373807,,2.7933958280373807
1230,0,615,B[N93]_NiC_acet_1M KOH_ vs RHE B_05_CVA_C02.txt,311,0,311,1.0098108,1.5999591,-0.2004817515711439,0.2821654379367828,-0.011609235323317478,,-0.792228807886473,-0.792228807886473
1231,0,615,B[N93]_NiC_acet_1M KOH_ vs RHE B_05_CVA_C02.txt,367,367,0,1.0000113,1.5906321,-0.02529998496174812,0.5101514252955983,0.04545444083348072,2.777959707416803,,2.777959707416803
1232,0,616,B[N93]_NiC_acet_1M KOH_ vs RHE B_05_CVA_C02.txt,312,0,312,1.008459,1.5999594,-0.1993015203846955,0.29743233025074,-0.012451255674084897,,-0.7955035550326246,-0.7955035550326246
1233,0,616,B[N93]_NiC_acet_1M KOH_ vs RHE B_05_CVA_C02.txt,354,354,0,0.99995947,1.5911797,-0.0180731525077768,0.5135523252294583,0.04762539732517701,2.785901371210129,,2.785901371210129
1234,0,617,B[N93]_NiC_acet_1M KOH_ vs RHE B_05_CVA_C02.txt,313,0,313,1.0084088,1.6000352,-0.1991147933932576,0.2981648743152618,-0.011637915697190863,,-0.800986811878397,-0.800986811878397
1235,0,617,B[N93]_NiC_acet_1M KOH_ vs RHE B_05_CVA_C02.txt,348,348,0,1.0000093,1.5904312,-0.01619848981499672,0.5098918691210004,0.05101782409991765,2.781692127328355,,2.781692127328355
1236,0,618,B[N93]_NiC_acet_1M KOH_ vs RHE B_05_CVA_C02.txt,312,0,312,1.0084147,1.5999123,-0.2007820514680994,0.273296143520962,-0.012758175703498794,,-0.8091093515272276,-0.8091093515272276
1237,0,618,B[N93]_NiC_acet_1M KOH_ vs RHE B_05_CVA_C02.txt,340,340,0,1.0000154,1.5910836,-0.01779090475452988,0.5117090105288895,0.05167184292469098,2.7907354984625137,,2.7907354984625137
1238,0,619,B[N93]_NiC_acet_1M KOH_ vs RHE B_05_CVA_C02.txt,311,0,311,1.0082889,1.5999748,-0.2009610598462848,0.273215999970069,-0.012898108399381103,,-0.8178778998157501,-0.8178778998157501
1239,0,619,B[N93]_NiC_acet_1M KOH_ vs RHE B_05_CVA_C02.txt,367,367,0,0.99998945,1.5906783,-0.009928985498845576,0.5135734116406534,0.04885331044734047,2.7710319039725286,,2.7710319039725286
1240,0,620,B[N93]_NiC_acet_1M KOH_ vs RHE B_05_CVA_C02.txt,313,0,313,1.0087008,1.5999911,-0.1993970560895935,0.2936972379684448,-0.012009108697294794,,-0.8203638730013358,-0.8203638730013358
1241,0,620,B[N93]_NiC_acet_1M KOH_ vs RHE B_05_CVA_C02.txt,357,357,0,1.0000014,1.5899771,-0.01702485467366716,0.511554664305442,0.04731637875655426,2.7580151625366187,,2.7580151625366187
1242,0,621,B[N93]_NiC_acet_1M KOH_ vs RHE B_05_CVA_C02.txt,311,0,311,1.0094988,1.5999871,-0.1996064683474934,0.2842592597007751,-0.012172282542301112,,-0.825529587267277,-0.825529587267277
1243,0,621,B[N93]_NiC_acet_1M KOH_ vs RHE B_05_CVA_C02.txt,343,343,0,0.99999952,1.5913002,-0.01711408852640056,0.5135084885907171,0.04997232094945889,2.783010382023873,,2.783010382023873
1244,0,622,B[N93]_NiC_acet_1M KOH_ vs RHE B_05_CVA_C02.txt,311,0,311,1.008553,1.5999407,-0.2009359405924958,0.2659059474865596,-0.013110096399003063,,-0.8315576206957681,-0.8315576206957681
1245,0,622,B[N93]_NiC_acet_1M KOH_ vs RHE B_05_CVA_C02.txt,339,339,0,0.99995351,1.5905037,-0.01771798761601143,0.5093279968193496,0.04996877743363385,2.7643329130056147,,2.7643329130056147
1246,0,623,B[N93]_NiC_acet_1M KOH_ vs RHE B_05_CVA_C02.txt,313,0,313,1.0084088,1.6000491,-0.1999486417643916,0.283100962638855,-0.012355402392756466,,-0.8368792226604825,-0.8368792226604825
1247,0,623,B[N93]_NiC_acet_1M KOH_ vs RHE B_05_CVA_C02.txt,354,354,0,1.0000093,1.5912322,-0.009027316265980636,0.5126766633250037,0.0516784642589578,2.7774868383135347,,2.7774868383135347
1248,0,624,B[N93]_NiC_acet_1M KOH_ vs RHE B_05_CVA_C02.txt,311,0,311,1.0094668,1.5999683,-0.2023504995432717,0.2948045991361141,-0.013199946551867806,,-0.8386109178795083,-0.8386109178795083
1249,0,624,B[N93]_NiC_acet_1M KOH_ vs RHE B_05_CVA_C02.txt,352,352,0,0.99997908,1.5905334,-0.01318787570510591,0.5107094249372537,0.05047358060855811,2.7610327687505967,,2.7610327687505967
1250,0,625,B[N93]_NiC_acet_1M KOH_ vs RHE B_05_CVA_C02.txt,312,0,312,1.008453,1.5999514,-0.2020682933370788,0.2973677491148312,-0.01327058480248683,,-0.8435710645701093,-0.8435710645701093
1251,0,625,B[N93]_NiC_acet_1M KOH_ vs RHE B_05_CVA_C02.txt,347,347,0,0.99995351,1.5899401,-0.01802044501528144,0.5064507280108597,0.04872637777932341,2.7448900483557397,,2.7448900483557397
1252,0,626,B[N93]_NiC_acet_1M KOH_ vs RHE B_05_CVA_C02.txt,312,0,312,1.0096989,1.6000472,-0.2020896202069971,0.2826682031154633,-0.012536798474085195,,-0.8454755116807574,-0.8454755116807574
1253,0,626,B[N93]_NiC_acet_1M KOH_ vs RHE B_05_CVA_C02.txt,349,349,0,0.99999946,1.5898818,-0.00852460856599152,0.5068732501153238,0.04844130751215702,2.742882144165026,,2.742882144165026
1254,0,627,B[N93]_NiC_acet_1M KOH_ vs RHE B_05_CVA_C02.txt,312,0,312,1.0088068,1.6000452,-0.2012642396636313,0.2714850509420357,-0.012513838103450069,,-0.8461075451049205,-0.8461075451049205
1255,0,627,B[N93]_NiC_acet_1M KOH_ vs RHE B_05_CVA_C02.txt,351,351,0,1.0000074,1.5900921,-0.008038840256631374,0.5097861493469846,0.047745299235320136,2.7509009466233802,,2.7509009466233802
1256,0,628,B[N93]_NiC_acet_1M KOH_ vs RHE B_05_CVA_C02.txt,313,0,313,1.009007,1.6000011,-0.2009227429430377,0.289687842130661,-0.012521534385595515,,-0.8490796002752212,-0.8490796002752212
1257,0,628,B[N93]_NiC_acet_1M KOH_ vs RHE B_05_CVA_C02.txt,349,349,0,1.0000074,1.5904802,-0.008405876520866717,0.5146056994828785,0.04888559177533469,2.7635978728308643,,2.7635978728308643
1258,0,629,B[N93]_NiC_acet_1M KOH_ vs RHE B_05_CVA_C02.txt,313,0,313,1.009009,1.5999931,-0.2015873610815928,0.2828654944896698,-0.012589062331137438,,-0.8519376083782783,-0.8519376083782783
1259,0,629,B[N93]_NiC_acet_1M KOH_ vs RHE B_05_CVA_C02.txt,340,340,0,1.0000098,1.5913737,-0.0108330582761976,0.5114811468667799,0.05107039412650157,2.7843006725044277,,2.7843006725044277
1260,0,630,B[N93]_NiC_acet_1M KOH_ vs RHE B_05_CVA_C02.txt,312,0,312,1.009699,1.6000311,-0.2017795241922578,0.2690040119316266,-0.012682631022548442,,-0.8526709937823409,-0.8526709937823409
1261,0,630,B[N93]_NiC_acet_1M KOH_ vs RHE B_05_CVA_C02.txt,360,360,0,0.99999946,1.5911282,-0.02697556838393211,0.5115265261599844,0.047540791444374314,2.7740727855703824,,2.7740727855703824
1262,0,631,B[N93]_NiC_acet_1M KOH_ vs RHE B_05_CVA_C02.txt,312,0,312,1.0097069,1.6000413,-0.2026106937024412,0.299469530582428,-0.012349624874158879,,-0.841538946272771,-0.841538946272771
1263,0,631,B[N93]_NiC_acet_1M KOH_ vs RHE B_05_CVA_C02.txt,345,345,0,1.0000075,1.5902982,-0.01717278547585011,0.5109800705319654,0.050823677996213915,2.7749249080809086,,2.7749249080809086
1264,0,632,B[N93]_NiC_acet_1M KOH_ vs RHE B_05_CVA_C02.txt,312,0,312,1.0084208,1.5999159,-0.2030509630743973,0.2687221183663323,-0.013425656811079713,,-0.847326508354542,-0.847326508354542
1265,0,632,B[N93]_NiC_acet_1M KOH_ vs RHE B_05_CVA_C02.txt,354,354,0,1.0000386,1.5899383,-0.01628622950668983,0.5120153264522873,0.04819275922077521,2.7637990349410897,,2.7637990349410897
1266,0,633,B[N93]_NiC_acet_1M KOH_ vs RHE B_05_CVA_C02.txt,313,0,313,1.0081007,1.6000452,-0.202801596390199,0.2968283891677856,-0.012424843609150919,,-0.8475783357368191,-0.8475783357368191
1267,0,633,B[N93]_NiC_acet_1M KOH_ vs RHE B_05_CVA_C02.txt,345,345,0,1.0000014,1.5901172,-0.01687543312816517,0.5131274101436549,0.051599205942311564,2.767944583282197,,2.767944583282197
1268,0,634,B[N93]_NiC_acet_1M KOH_ vs RHE B_05_CVA_C02.txt,312,0,312,1.0081868,1.5999445,-0.2018638660436256,0.266164658325059,-0.01359828552763529,,-0.8576049565727268,-0.8576049565727268
1269,0,634,B[N93]_NiC_acet_1M KOH_ vs RHE B_05_CVA_C02.txt,352,352,0,0.99998748,1.5906501,-0.01684776274487376,0.5102403948524596,0.050162886292591934,2.7742261689140215,,2.7742261689140215
1270,0,635,B[N93]_NiC_acet_1M KOH_ vs RHE B_05_CVA_C02.txt,312,0,312,1.0085109,1.5999693,-0.2041584549308798,0.2792506814002991,-0.01256349765307242,,-0.8490751514743287,-0.8490751514743287
1271,0,635,B[N93]_NiC_acet_1M KOH_ vs RHE B_05_CVA_C02.txt,346,346,0,0.99995136,1.590952,-0.01108851211330414,0.515277208559947,0.04911557893566288,2.7863867139531378,,2.7863867139531378
1272,0,636,B[N93]_NiC_acet_1M KOH_ vs RHE B_05_CVA_C02.txt,312,0,312,1.0097028,1.5999472,-0.2030184358096734,0.2828409646948178,-0.012567860135832895,,-0.8498639190482445,-0.8498639190482445
1273,0,636,B[N93]_NiC_acet_1M KOH_ vs RHE B_05_CVA_C02.txt,350,350,0,0.99995136,1.5910692,-0.0117510600348549,0.5134668970853127,0.051243423807851525,2.79399782236568,,2.79399782236568
1274,0,637,B[N93]_NiC_acet_1M KOH_ vs RHE B_05_CVA_C02.txt,312,0,312,1.0096989,1.5999751,-0.2032107094620543,0.2788369953632355,-0.012422757773586306,,-0.8390424183174269,-0.8390424183174269
1275,0,637,B[N93]_NiC_acet_1M KOH_ vs RHE B_05_CVA_C02.txt,338,338,0,0.99995136,1.5901587,-0.01153158753563704,0.5133248796837329,0.05173325622063458,2.786918249591896,,2.786918249591896
1276,0,638,B[N93]_NiC_acet_1M KOH_ vs RHE B_05_CVA_C02.txt,311,0,311,1.008899,1.6000232,-0.2026551597605972,0.2768733864245205,-0.012495668981079656,,-0.8429411956089223,-0.8429411956089223
1277,0,638,B[N93]_NiC_acet_1M KOH_ vs RHE B_05_CVA_C02.txt,353,353,0,1.000001,1.5899379,-0.0166949221621389,0.5131565154671964,0.049608827048882226,2.778637553682179,,2.778637553682179
1278,0,639,B[N93]_NiC_acet_1M KOH_ vs RHE B_05_CVA_C02.txt,312,0,312,1.008711,1.5999115,-0.2046607179925726,0.2695732787251472,-0.01243152715222219,,-0.788985998575441,-0.788985998575441
1279,0,639,B[N93]_NiC_acet_1M KOH_ vs RHE B_05_CVA_C02.txt,332,332,0,1.0000113,1.590191,-0.008038840256631374,0.5226235388616046,0.050275342656711366,2.8472665222981566,,2.8472665222981566
1280,0,640,B[N93]_NiC_acet_1M KOH_ vs RHE B_05_CVA_C02.txt,313,0,313,1.009009,1.5999992,-0.2047473562382649,0.2944673001766205,-0.011141376574315737,,-0.7686743534188507,-0.7686743534188507
1281,0,640,B[N93]_NiC_acet_1M KOH_ vs RHE B_05_CVA_C02.txt,345,345,0,1.0000093,1.5901862,-0.02311656810343266,0.5156645170943868,0.052514768169725494,2.842185398799807,,2.842185398799807
1282,0,641,B[N93]_NiC_acet_1M KOH_ vs RHE B_05_CVA_C02.txt,312,0,312,1.0090722,1.5999445,-0.2041519639092164,0.2761463448405257,-0.012386846945505058,,-0.7871053431161064,-0.7871053431161064
1283,0,641,B[N93]_NiC_acet_1M KOH_ vs RHE B_05_CVA_C02.txt,358,358,0,0.99997509,1.5912385,-0.008465027993899393,0.5167769252951158,0.05195291633469019,2.8588978875457323,,2.8588978875457323
1284,0,642,B[N93]_NiC_acet_1M KOH_ vs RHE B_05_CVA_C02.txt,311,0,311,1.0097169,1.5999181,-0.2035547552884984,0.2750909939044859,-0.012552720554554345,,-0.7955919023860348,-0.7955919023860348
1285,0,642,B[N93]_NiC_acet_1M KOH_ vs RHE B_05_CVA_C02.txt,362,362,0,1.0000174,1.5906819,-0.010003119620193,0.517815286935551,0.050703742175046966,2.8393078266111713,,2.8393078266111713
1286,0,643,B[N93]_NiC_acet_1M KOH_ vs RHE B_05_CVA_C02.txt,312,0,312,1.0097067,1.5999572,-0.2055513869684441,0.2771413721468132,-0.011756709421044972,,-0.7992990919979643,-0.7992990919979643
1287,0,643,B[N93]_NiC_acet_1M KOH_ vs RHE B_05_CVA_C02.txt,350,350,0,1.0000074,1.5900757,-0.02851942554116249,0.5155438127140175,0.052555870835917985,2.8245146014311673,,2.8245146014311673
1288,0,644,B[N93]_NiC_acet_1M KOH_ vs RHE B_05_CVA_C02.txt,312,0,312,1.0097109,1.5999511,-0.2041004808341471,0.2814590036869049,-0.011877586096980806,,-0.8075733293939701,-0.8075733293939701
1289,0,644,B[N93]_NiC_acet_1M KOH_ vs RHE B_05_CVA_C02.txt,346,346,0,0.99996573,1.590403,-0.008839162182994187,0.5172370080915036,0.05251349565469339,2.8512681363325307,,2.8512681363325307
1290,0,645,B[N93]_NiC_acet_1M KOH_ vs RHE B_05_CVA_C02.txt,309,0,309,1.0096948,1.5999837,-0.2058241443614612,0.2851104475557804,-0.011912492610998252,,-0.7660487498685732,-0.7660487498685732
1291,0,645,B[N93]_NiC_acet_1M KOH_ vs RHE B_05_CVA_C02.txt,350,350,0,0.99999541,1.5909095,-0.007473618867011006,0.5236671013879421,0.049978674845253764,2.8779224176511007,,2.8779224176511007
1292,0,646,B[N93]_NiC_acet_1M KOH_ vs RHE B_05_CVA_C02.txt,312,0,312,1.0097049,1.6000372,-0.2068555669066807,0.2827572809613269,-0.011221898628197278,,-0.7673218449068744,-0.7673218449068744
1293,0,646,B[N93]_NiC_acet_1M KOH_ vs RHE B_05_CVA_C02.txt,349,349,0,1.0000055,1.5900403,-0.01674773581528471,0.519992372995512,0.05081651672554755,2.851280709292627,,2.851280709292627
1294,0,647,B[N93]_NiC_acet_1M KOH_ vs RHE B_05_CVA_C02.txt,313,0,313,1.008705,1.5999871,-0.2046447562090848,0.2826514535624048,-0.011262167409292475,,-0.7715640778725091,-0.7715640778725091
1295,0,647,B[N93]_NiC_acet_1M KOH_ vs RHE B_05_CVA_C02.txt,340,340,0,1.0000054,1.5913332,-0.00929893646389246,0.5205424911265455,0.05112487614697745,2.8798546184806715,,2.8798546184806715
1296,0,648,B[N93]_NiC_acet_1M KOH_ vs RHE B_05_CVA_C02.txt,291,0,291,1.0084988,1.5999912,-0.2053231990905733,0.2840865798618482,-0.01118291595512971,,-0.781196556762362,-0.781196556762362
1297,0,648,B[N93]_NiC_acet_1M KOH_ vs RHE B_05_CVA_C02.txt,343,343,0,0.99999946,1.5912592,-0.01272920239716768,0.6150921066219093,0.054364574191020504,2.908584774801749,,2.908584774801749
1298,0,649,B[N93]_NiC_acet_1M KOH_ vs RHE B_05_CVA_C02.txt,295,0,295,1.009149,1.6000232,-0.2128166044763886,0.3372024297714233,-0.010567464210457778,,-0.7493261675987622,-0.7493261675987622
1299,0,650,B[N93]_NiC_acet_1M KOH_ vs RHE B_05_CVA_C02.txt,341,341,0,1.0000511,1.5917013,-0.01825008494779468,0.6127853469729656,0.05322514097998555,2.9157122923472665,,2.9157122923472665
1300,0,650,B[N93]_NiC_acet_1M KOH_ vs RHE B_05_CVA_C02.txt,295,0,295,1.008399,1.6000051,-0.2127781597155414,0.311400020252103,-0.010807085813936705,,-0.7619033778797264,-0.7619033778797264
1301,0,650,B[N93]_NiC_acet_1M KOH_ vs RHE B_05_CVA_C02.txt,344,344,0,0.99999934,1.5906585,-0.01850874282951864,0.6115632724696698,0.05307870766491496,2.876103846183624,,2.876103846183624
1302,0,651,B[N93]_NiC_acet_1M KOH_ vs RHE B_05_CVA_C02.txt,291,0,291,1.0081029,1.599905,-0.2102521125546835,0.3084589578211308,-0.011834846481413516,,-0.7572279647413032,-0.7572279647413032
1303,0,651,B[N93]_NiC_acet_1M KOH_ vs RHE B_05_CVA_C02.txt,335,335,0,1.0000033,1.591049,-0.008527009008098427,0.6233598378376914,0.0558023384661879,2.9902928062457383,,2.9902928062457383
1304,0,652,B[N93]_NiC_acet_1M KOH_ vs RHE B_05_CVA_C02.txt,296,0,296,1.008149,1.6000092,-0.2130188666272355,0.3355604708194733,-0.008703181107393942,,-0.6534449814129482,-0.6534449814129482
1305,0,652,B[N93]_NiC_acet_1M KOH_ vs RHE B_05_CVA_C02.txt,339,339,0,1.0000172,1.5909841,-0.008591466532699613,0.6220824648273178,0.054624123517144636,2.9697094040574887,,2.9697094040574887
1306,0,653,B[N93]_NiC_acet_1M KOH_ vs RHE B_05_CVA_C02.txt,295,0,295,1.0091511,1.5999773,-0.2138951646449887,0.3349304497241974,-0.00886861411847285,,-0.6711843712467759,-0.6711843712467759
1307,0,653,B[N93]_NiC_acet_1M KOH_ vs RHE B_05_CVA_C02.txt,359,359,0,1.0000013,1.5904946,-0.01899527998276707,0.6184333420030121,0.054395495584164594,2.947153361607706,,2.947153361607706
1308,0,654,B[N93]_NiC_acet_1M KOH_ vs RHE B_05_CVA_C02.txt,293,0,293,1.0088989,1.5999591,-0.2132273981071711,0.321979433298111,-0.009267001851453778,,-0.6911690748797823,-0.6911690748797823
1309,0,654,B[N93]_NiC_acet_1M KOH_ vs RHE B_05_CVA_C02.txt,324,324,0,0.99998963,1.5905708,-0.02999315415509045,0.6182600137286318,0.058853452711780434,2.9431529972499626,,2.9431529972499626
1310,0,655,B[N93]_NiC_acet_1M KOH_ vs RHE B_05_CVA_C02.txt,288,0,288,1.009497,1.5999488,-0.215064012441287,0.3177906206020937,-0.01087713489952759,,-0.7027708105196241,-0.7027708105196241
1311,0,655,B[N93]_NiC_acet_1M KOH_ vs RHE B_05_CVA_C02.txt,351,351,0,1.0000474,1.5911661,-0.02735397219657898,0.6196785965460236,0.05254555138611786,2.938836364406094,,2.938836364406094
1312,0,656,B[N93]_NiC_acet_1M KOH_ vs RHE B_05_CVA_C02.txt,295,0,295,1.008399,1.5999713,-0.2148159043085491,0.3346822261810303,-0.009739828176478674,,-0.7132414404924853,-0.7132414404924853
1313,0,657,B[N93]_NiC_acet_1M KOH_ vs RHE B_05_CVA_C02.txt,347,347,0,1.0002612,1.591236,-0.01094140160154097,0.6181079218144876,0.05441060785601789,2.936293991840541,,2.936293991840541
1314,0,657,B[N93]_NiC_acet_1M KOH_ vs RHE B_05_CVA_C02.txt,292,0,292,1.0092989,1.5999951,-0.2155161744219969,0.3293363749980927,-0.009736579941041493,,-0.7266303847357246,-0.7266303847357246
1315,0,657,B[N93]_NiC_acet_1M KOH_ vs RHE B_05_CVA_C02.txt,341,341,0,0.99999946,1.5908347,-0.007731509329147249,0.616111586599061,0.05362297353149789,2.92177513230427,,2.92177513230427
1316,0,658,B[N93]_NiC_acet_1M KOH_ vs RHE B_05_CVA_C02.txt,294,0,294,1.008799,1.6000011,-0.2146610340659063,0.3413518369197845,-0.009873332209449737,,-0.734363383153544,-0.734363383153544
1317,0,658,B[N93]_NiC_acet_1M KOH_ vs RHE B_05_CVA_C02.txt,336,336,0,0.99995118,1.589934,-0.02588322758674622,0.6123840884520222,0.05525535197064969,2.889077044956021,,2.889077044956021
1318,0,659,B[N93]_NiC_acet_1M KOH_ vs RHE B_05_CVA_C02.txt,291,0,291,1.008499,1.6000372,-0.2143862774084426,0.3144202284190967,-0.010386078106697063,,-0.7455477313103401,-0.7455477313103401
1319,0,659,B[N93]_NiC_acet_1M KOH_ vs RHE B_05_CVA_C02.txt,345,345,0,0.99999952,1.5912981,-0.01682382842282887,0.6180530733344343,0.05465687758528517,2.924718089163521,,2.924718089163521
1320,0,660,B[N93]_NiC_acet_1M KOH_ vs RHE B_05_CVA_C02.txt,293,0,293,1.007849,1.6000131,-0.2166810041918049,0.3414345681667328,-0.010317419905374658,,-0.7514903274198382,-0.7514903274198382
1321,0,661,B[N93]_NiC_acet_1M KOH_ vs RHE B_05_CVA_C02.txt,348,348,0,1.0002513,1.5914153,-0.009518140620558613,0.6161373957174261,0.05300537899720901,2.9177619567545667,,2.9177619567545667
1322,0,661,B[N93]_NiC_acet_1M KOH_ vs RHE B_05_CVA_C02.txt,290,0,290,1.0097049,1.5999063,-0.2157245471523503,0.328566700220108,-0.011675407221539758,,-0.759788409623839,-0.759788409623839
1323,0,661,B[N93]_NiC_acet_1M KOH_ vs RHE B_05_CVA_C02.txt,336,336,0,1.0000055,1.5900261,-0.01678412162658316,0.6128836572223015,0.05565928782277281,2.882843499910711,,2.882843499910711
1324,0,662,B[N93]_NiC_acet_1M KOH_ vs RHE B_05_CVA_C02.txt,286,0,286,1.0083989,1.6000073,-0.217494272381261,0.3291621771843536,-0.010651912223640403,,-0.7718578002795443,-0.7718578002795443
1325,0,662,B[N93]_NiC_acet_1M KOH_ vs RHE B_05_CVA_C02.txt,349,349,0,0.99999964,1.59042,-0.009133309886269342,0.614295566923527,0.05481866184080046,2.8901640538098925,,2.8901640538098925
1326,0,663,B[N93]_NiC_acet_1M KOH_ vs RHE B_05_CVA_C02.txt,288,0,288,1.008799,1.5999771,-0.2173435304059255,0.329800933599472,-0.010621239598265272,,-0.7755292095765042,-0.7755292095765042
1327,0,664,B[N93]_NiC_acet_1M KOH_ vs RHE B_05_CVA_C02.txt,330,330,0,1.0002451,1.5899494,-0.02083789650350809,0.6180178148327613,0.0553637025956654,2.8709272932486862,,2.8709272932486862
1328,0,664,B[N93]_NiC_acet_1M KOH_ vs RHE B_05_CVA_C02.txt,290,0,290,1.0081489,1.5999552,-0.2165402075190626,0.3213112056255341,-0.0110122473671274,,-0.7886896994138154,-0.7886896994138154
1329,0,664,B[N93]_NiC_acet_1M KOH_ vs RHE B_05_CVA_C02.txt,347,347,0,0.99999946,1.5911982,-0.01504533053783869,0.6146333323101318,0.054495561876153516,2.899207720641535,,2.899207720641535
1330,0,665,B[N93]_NiC_acet_1M KOH_ vs RHE B_05_CVA_C02.txt,302,0,302,1.0093489,1.6000493,-0.2173584787038543,0.3274143934249878,-0.0114234831445774,,-0.7919342365466226,-0.7919342365466226
1331,0,665,B[N93]_NiC_acet_1M KOH_ vs RHE B_05_CVA_C02.txt,328,328,0,1.0000159,1.5907178,-0.0215425765397208,0.6148047890975938,0.054929934465116,2.8859612776219237,,2.8859612776219237
1332,0,666,B[N93]_NiC_acet_1M KOH_ vs RHE B_05_CVA_C02.txt,289,0,289,1.0078009,1.6000311,-0.2180371060503239,0.313659574674523,-0.011531840326861437,,-0.8078851315605693,-0.8078851315605693
1333,0,666,B[N93]_NiC_acet_1M KOH_ vs RHE B_05_CVA_C02.txt,330,330,0,0.99995118,1.5906168,-0.03309276327490807,0.6105830195133324,0.053534017265345867,2.874206514719283,,2.874206514719283
1334,0,667,B[N93]_NiC_acet_1M KOH_ vs RHE B_05_CVA_C02.txt,291,0,291,1.0075989,1.5999712,-0.2177866618066417,0.3188438344260915,-0.011431586889060295,,-0.8108549661315043,-0.8108549661315043
1335,0,667,B[N93]_NiC_acet_1M KOH_ vs RHE B_05_CVA_C02.txt,336,336,0,0.99999946,1.5899831,-0.007700653559964771,0.6133340076929139,0.05224290876570013,2.854987403512672,,2.854987403512672
1336,0,668,B[N93]_NiC_acet_1M KOH_ vs RHE B_05_CVA_C02.txt,294,0,294,1.009549,1.6000472,-0.2179039667426181,0.3146034181118011,-0.011854945790687016,,-0.8186324916910281,-0.8186324916910281
1337,0,668,B[N93]_NiC_acet_1M KOH_ vs RHE B_05_CVA_C02.txt,333,333,0,0.99996793,1.5902592,-0.03912404552102089,0.6086889028202709,0.053601251032482054,2.857955689838646,,2.857955689838646
1338,0,669,B[N93]_NiC_acet_1M KOH_ vs RHE B_05_CVA_C02.txt,301,0,301,1.0086769,1.5999767,-0.218551524989107,0.3137490202983222,-0.012530038609266988,,-0.8237224523056124,-0.8237224523056124
1339,0,669,B[N93]_NiC_acet_1M KOH_ vs RHE B_05_CVA_C02.txt,328,328,0,0.99997747,1.5901258,-0.01118840606873261,0.6117080536381998,0.05387200678133039,2.860491326817143,,2.860491326817143
1340,0,670,B[N93]_NiC_acet_1M KOH_ vs RHE B_05_CVA_C02.txt,295,0,295,1.0092988,1.5999871,-0.2170336334843181,0.3205729722976685,-0.01182410205700872,,-0.8266854756511466,-0.8266854756511466
1341,0,670,B[N93]_NiC_acet_1M KOH_ vs RHE B_05_CVA_C02.txt,328,328,0,0.99999952,1.5917571,-0.01635689537405322,0.6123061973719199,0.05402630679610811,2.897089355967554,,2.897089355967554
1342,0,671,B[N93]_NiC_acet_1M KOH_ vs RHE B_05_CVA_C02.txt,292,0,292,1.0084028,1.5999671,-0.2186021942515406,0.3157743811607361,-0.011978326581145709,,-0.829377672454074,-0.829377672454074
1343,0,671,B[N93]_NiC_acet_1M KOH_ vs RHE B_05_CVA_C02.txt,344,344,0,1.0000035,1.5907818,-0.01664978303217696,0.611452863627421,0.05417729923011446,2.866596117112327,,2.866596117112327
1344,0,672,B[N93]_NiC_acet_1M KOH_ vs RHE B_05_CVA_C02.txt,291,0,291,1.009025,1.5999262,-0.2191708812092315,0.3064199976018957,-0.012819791193245427,,-0.8328635047300879,-0.8328635047300879
1345,0,672,B[N93]_NiC_acet_1M KOH_ vs RHE B_05_CVA_C02.txt,326,326,0,1.0000255,1.591622,-0.02461102791130543,0.609698998364812,0.053347071839215714,2.893497067664422,,2.893497067664422
1346,0,673,B[N93]_NiC_acet_1M KOH_ vs RHE B_05_CVA_C02.txt,294,0,294,1.0076008,1.6000311,-0.2185020188252773,0.3336003124713898,-0.011865423050915409,,-0.8384295344314687,-0.8384295344314687
1347,0,673,B[N93]_NiC_acet_1M KOH_ vs RHE B_05_CVA_C02.txt,351,351,0,0.99997187,1.5900258,-0.008005642063242946,0.6119801454770535,0.05162181587461344,2.849467034630543,,2.849467034630543
1348,0,674,B[N93]_NiC_acet_1M KOH_ vs RHE B_05_CVA_C02.txt,288,0,288,1.008799,1.5999691,-0.2196561827465968,0.3163888221201687,-0.012259058087116572,,-0.8352896418942136,-0.8352896418942136
1349,0,674,B[N93]_NiC_acet_1M KOH_ vs RHE B_05_CVA_C02.txt,337,337,0,0.99999952,1.5900701,-0.01636616521231506,0.6130433859987541,0.05427070718913248,2.8578091668098624,,2.8578091668098624
1350,0,675,B[N93]_NiC_acet_1M KOH_ vs RHE B_05_CVA_C02.txt,297,0,297,1.0084989,1.5999831,-0.2198755823701815,0.3213939368724823,-0.011804033582176555,,-0.8410479517030591,-0.8410479517030591
1351,0,675,B[N93]_NiC_acet_1M KOH_ vs RHE B_05_CVA_C02.txt,325,325,0,0.99999946,1.5910618,-0.009204097355474755,0.6103616833654275,0.05515249291217178,2.8753669552059784,,2.8753669552059784
1352,0,676,B[N93]_NiC_acet_1M KOH_ vs RHE B_05_CVA_C02.txt,295,0,295,1.009899,1.6000272,-0.2195411678047643,0.3269243538379669,-0.01227347977334669,,-0.8463214238245667,-0.8463214238245667
1353,0,676,B[N93]_NiC_acet_1M KOH_ vs RHE B_05_CVA_C02.txt,319,319,0,0.99999946,1.59045,-0.0263229813426733,0.6066284299102591,0.055847968058166164,2.8582078341648685,,2.8582078341648685
1354,0,677,B[N93]_NiC_acet_1M KOH_ vs RHE B_05_CVA_C02.txt,296,0,296,1.008749,1.5999951,-0.2185577947442363,0.3033830121807428,-0.012601246966689598,,-0.85110768302401,-0.85110768302401
1355,0,677,B[N93]_NiC_acet_1M KOH_ vs RHE B_05_CVA_C02.txt,323,323,0,0.99999952,1.5909113,-0.01593563939504167,0.606494236632023,0.05799679846014623,2.8728909745886164,,2.8728909745886164
1356,0,678,B[N93]_NiC_acet_1M KOH_ vs RHE B_05_CVA_C02.txt,289,0,289,1.0095553,1.5999552,-0.219136154024814,0.305168008262461,-0.013670868529316088,,-0.8574622779081532,-0.8574622779081532
1357,0,678,B[N93]_NiC_acet_1M KOH_ vs RHE B_05_CVA_C02.txt,331,331,0,0.99995553,1.5905809,-0.02571202255785465,0.610432517077041,0.05393777038583608,2.8587825566597034,,2.8587825566597034
1358,0,679,B[N93]_NiC_acet_1M KOH_ vs RHE B_05_CVA_C02.txt,296,0,296,1.0097128,1.5999131,-0.2210006167261911,0.3244997567908708,-0.013199942024642159,,-0.8578477281758494,-0.8578477281758494
1359,0,679,B[N93]_NiC_acet_1M KOH_ vs RHE B_05_CVA_C02.txt,333,333,0,1.0000134,1.5911931,-0.009638913658222475,0.6135167358240556,0.05534856576369716,2.876431491718038,,2.876431491718038
1360,0,680,B[N93]_NiC_acet_1M KOH_ vs RHE B_05_CVA_C02.txt,290,0,290,1.0078529,1.6000053,-0.2206621241588462,0.3325566053390503,-0.01197142659477319,,-0.8442652925027908,-0.8442652925027908
1361,0,681,B[N93]_NiC_acet_1M KOH_ vs RHE B_05_CVA_C02.txt,343,343,0,1.0001612,1.5903733,-0.009818672108170933,0.6129561460953799,0.05307173272572319,2.861727778674459,,2.861727778674459
1362,0,681,B[N93]_NiC_acet_1M KOH_ vs RHE B_05_CVA_C02.txt,294,0,294,1.007573,1.599974,-0.2190731221201214,0.3088737153089964,-0.013346591444240295,,-0.8555353850712195,-0.8555353850712195
1363,0,681,B[N93]_NiC_acet_1M KOH_ vs RHE B_05_CVA_C02.txt,314,314,0,0.99996871,1.5904893,-0.01532311571968931,0.6136520295002175,0.05664736191950562,2.865626239037428,,2.865626239037428
1364,0,682,B[N93]_NiC_acet_1M KOH_ vs RHE B_05_CVA_C02.txt,289,0,289,1.0092989,1.6000491,-0.2209490168802279,0.3167608380317688,-0.012400886861291056,,-0.8596313807521146,-0.8596313807521146
1365,0,682,B[N93]_NiC_acet_1M KOH_ vs RHE B_05_CVA_C02.txt,328,328,0,0.99999946,1.590513,-0.008968794850957085,0.6104309983256098,0.05551769017578302,2.86433629652683,,2.86433629652683
1366,0,683,B[N93]_NiC_acet_1M KOH_ vs RHE B_05_CVA_C02.txt,289,0,289,1.008405,1.6000232,-0.2201509723941433,0.3314365446567535,-0.01225803369206745,,-0.8675477252092249,-0.8675477252092249
1367,0,683,B[N93]_NiC_acet_1M KOH_ vs RHE B_05_CVA_C02.txt,336,336,0,0.99995136,1.590028,-0.008399904068194769,0.6044337267815978,0.0518856648346195,2.84841616159566,,2.84841616159566
1368,0,684,B[N93]_NiC_acet_1M KOH_ vs RHE B_05_CVA_C02.txt,304,0,304,1.008057,1.5999583,-0.2205624824763763,0.315864710580735,-0.013248234781409258,,-0.8577386650359436,-0.8577386650359436
1369,0,684,B[N93]_NiC_acet_1M KOH_ vs RHE B_05_CVA_C02.txt,337,337,0,1.0000381,1.5904266,-0.0183181244012138,0.6155760914386783,0.05484407742458383,2.9064354118610956,,2.9064354118610956
1370,0,685,B[N93]_NiC_acet_1M KOH_ vs RHE B_05_CVA_C02.txt,292,0,292,1.008099,1.5999992,-0.2209852265731254,0.3060096107099364,-0.011404497808764968,,-0.8136758908036181,-0.8136758908036181
1371,0,685,B[N93]_NiC_acet_1M KOH_ vs RHE B_05_CVA_C02.txt,343,343,0,0.99999952,1.5911181,-0.01609123323008965,0.6138502472803768,0.05614185772965893,2.924424962611533,,2.924424962611533
1372,0,686,B[N93]_NiC_acet_1M KOH_ vs RHE B_05_CVA_C02.txt,295,0,295,1.0098989,1.5999751,-0.2209042030982192,0.3180082142353058,-0.011695202723657044,,-0.8152660942989493,-0.8152660942989493
1373,0,686,B[N93]_NiC_acet_1M KOH_ vs RHE B_05_CVA_C02.txt,339,339,0,0.99999934,1.5902711,-0.02404462359845638,0.6156254550128386,0.05436071846978841,2.9251756787714127,,2.9251756787714127
1374,0,687,B[N93]_NiC_acet_1M KOH_ vs RHE B_05_CVA_C02.txt,289,0,289,1.0086989,1.6000272,-0.2213140641103521,0.3256340856137481,-0.01131501635687524,,-0.7911199754130258,-0.7911199754130258
1375,0,687,B[N93]_NiC_acet_1M KOH_ vs RHE B_05_CVA_C02.txt,345,345,0,0.99995136,1.5907215,-0.008529777016436285,0.6173392984074502,0.05222394308333204,2.93697258203897,,2.93697258203897
1376,0,688,B[N93]_NiC_acet_1M KOH_ vs RHE B_05_CVA_C02.txt,313,0,313,1.008407,1.6000413,-0.2209605120259671,0.3077117476774298,-0.01155942561763329,,-0.7994664478815726,-0.7994664478815726
1377,0,688,B[N93]_NiC_acet_1M KOH_ vs RHE B_05_CVA_C02.txt,341,341,0,1.0000074,1.5903111,-0.01645558699965477,0.620167612835794,0.053657732009143574,2.9421002089699337,,2.9421002089699337
1378,0,689,B[N93]_NiC_acet_1M KOH_ vs RHE B_05_CVA_C02.txt,310,0,310,1.0089988,1.6000172,-0.2220051099272502,0.3089362680912018,-0.011290978840938323,,-0.7875934155612198,-0.7875934155612198
1379,0,689,B[N93]_NiC_acet_1M KOH_ vs RHE B_05_CVA_C02.txt,345,345,0,0.99999946,1.590211,-0.009846252389252186,0.6158168686696328,0.05545359711261485,2.9377608015091377,,2.9377608015091377
1380,0,690,B[N93]_NiC_acet_1M KOH_ vs RHE B_05_CVA_C02.txt,313,0,313,1.0090009,1.6000372,-0.222207984978986,0.3430701494216919,-0.011318269950589337,,-0.796123594405302,-0.796123594405302
1381,0,690,B[N93]_NiC_acet_1M KOH_ vs RHE B_05_CVA_C02.txt,349,349,0,1.0000013,1.591486,-0.01592285502904461,0.6182613540570543,0.05460457205805162,2.963260840493216,,2.963260840493216
1382,0,691,B[N93]_NiC_acet_1M KOH_ vs RHE B_05_CVA_C02.txt,312,0,312,1.0090209,1.5999084,-0.2210900796925194,0.3245995057665784,-0.01259729385333462,,-0.807689556883412,-0.807689556883412
1383,0,691,B[N93]_NiC_acet_1M KOH_ vs RHE B_05_CVA_C02.txt,349,349,0,1.0000213,1.590209,-0.01468188745860496,0.617451210684969,0.05312353253215033,2.922383031142545,,2.922383031142545
1384,0,692,B[N93]_NiC_acet_1M KOH_ vs RHE B_05_CVA_C02.txt,312,0,312,1.0084469,1.5999289,-0.2227511357938434,0.3251864189902935,-0.012666231771292287,,-0.8138772199781216,-0.8138772199781216
1385,0,692,B[N93]_NiC_acet_1M KOH_ vs RHE B_05_CVA_C02.txt,353,353,0,1.0000473,1.5909879,-0.01475545900124733,0.6148352818619216,0.05395007688726155,2.936956269498252,,2.936956269498252
1386,0,693,B[N93]_NiC_acet_1M KOH_ vs RHE B_05_CVA_C02.txt,313,0,313,1.0083989,1.5999511,-0.2222913319831732,0.3251540278610969,-0.01171901050266405,,-0.815125152138433,-0.815125152138433
1387,0,693,B[N93]_NiC_acet_1M KOH_ vs RHE B_05_CVA_C02.txt,347,347,0,0.99999934,1.5907459,-0.01027435690975417,0.6140657227489683,0.05426395056711593,2.935403153417147,,2.935403153417147
1388,0,694,B[N93]_NiC_acet_1M KOH_ vs RHE B_05_CVA_C02.txt,312,0,312,1.0081431,1.5999405,-0.2238089687050069,0.3074284752209979,-0.012912860101860555,,-0.8248451461876476,-0.8248451461876476
1389,0,694,B[N93]_NiC_acet_1M KOH_ vs RHE B_05_CVA_C02.txt,347,347,0,1.0000435,1.5899321,-0.02182354219257832,0.6156036369960933,0.05156417570095093,2.9086582308041873,,2.9086582308041873
1390,0,695,B[N93]_NiC_acet_1M KOH_ vs RHE B_05_CVA_C02.txt,312,0,312,1.0097009,1.5999871,-0.221135760023762,0.3200447261333466,-0.011999597225293016,,-0.8296998738681582,-0.8296998738681582
1391,0,695,B[N93]_NiC_acet_1M KOH_ vs RHE B_05_CVA_C02.txt,353,353,0,1.0000013,1.5907069,-0.01881782524287701,0.616892888728966,0.051150282651630775,2.9253957136415654,,2.9253957136415654
1392,0,696,B[N93]_NiC_acet_1M KOH_ vs RHE B_05_CVA_C02.txt,313,0,313,1.0090069,1.6000211,-0.2226855224007593,0.3339949250221252,-0.011836985536655981,,-0.8249147411679895,-0.8249147411679895
1393,0,696,B[N93]_NiC_acet_1M KOH_ vs RHE B_05_CVA_C02.txt,349,349,0,0.99995136,1.5901006,-0.007581333838050291,0.6126846669664912,0.05276493233711884,2.913298348185917,,2.913298348185917
1394,0,697,B[N93]_NiC_acet_1M KOH_ vs RHE B_05_CVA_C02.txt,313,0,313,1.0090008,1.5999812,-0.2221242920102917,0.3159108148968738,-0.012060629854771264,,-0.8322112477848194,-0.8322112477848194
1395,0,697,B[N93]_NiC_acet_1M KOH_ vs RHE B_05_CVA_C02.txt,337,337,0,1.0000013,1.5913411,-0.0086581210950058,0.6154373148369263,0.053809426422188514,2.946252876216007,,2.946252876216007
1396,0,698,B[N93]_NiC_acet_1M KOH_ vs RHE B_05_CVA_C02.txt,313,0,313,1.0090108,1.5999992,-0.222695582687936,0.3165444673403446,-0.012094988726393393,,-0.8347786270075244,-0.8347786270075244
1397,0,698,B[N93]_NiC_acet_1M KOH_ vs RHE B_05_CVA_C02.txt,348,348,0,1.0000113,1.5901502,-0.007289342013408508,0.613846773642436,0.05380275241851879,2.914300006281055,,2.914300006281055
1398,0,699,B[N93]_NiC_acet_1M KOH_ vs RHE B_05_CVA_C02.txt,312,0,312,1.0090669,1.5999588,-0.2245197015756875,0.3181091305755435,-0.013192489238534045,,-0.8412872267177745,-0.8412872267177745
1399,0,699,B[N93]_NiC_acet_1M KOH_ vs RHE B_05_CVA_C02.txt,351,351,0,0.9999674,1.5909681,-0.01253230962902308,0.6150505604611478,0.05367814761005289,2.927775517751197,,2.927775517751197
1400,0,700,B[N93]_NiC_acet_1M KOH_ vs RHE B_05_CVA_C02.txt,313,0,313,1.0083988,1.5999732,-0.2227447524876327,0.3176403246496031,-0.012237944337076928,,-0.8449298969297617,-0.8449298969297617
1401,0,701,B[N93]_NiC_acet_1M KOH_ vs RHE B_05_CVA_C02.txt,347,347,0,0.99995118,1.5907838,-0.005172566422385616,0.6549410076369693,0.05806325809779071,3.1646293501263396,,3.1646293501263396
1402,0,701,B[N93]_NiC_acet_1M KOH_ vs RHE B_05_CVA_C02.txt,312,0,312,1.0090765,1.5999686,-0.2242474433937727,0.3357207775115967,-0.00976771181492369,,-0.6412451622147421,-0.6412451622147421
1403,0,701,B[N93]_NiC_acet_1M KOH_ vs RHE B_05_CVA_C02.txt,353,353,0,0.9999795,1.5914329,-0.01463783935279306,0.6332931723622259,0.053582959780643244,3.0798597923389828,,3.0798597923389828
1404,0,702,B[N93]_NiC_acet_1M KOH_ vs RHE B_05_CVA_C02.txt,313,0,313,1.0080988,1.6000172,-0.2245512119262449,0.3427519202232361,-0.009085030242556469,,-0.6664089223662559,-0.6664089223662559
1405,0,702,B[N93]_NiC_acet_1M KOH_ vs RHE B_05_CVA_C02.txt,363,363,0,0.99999952,1.5908771,-0.01515116874614492,0.6332653163467162,0.05424609054682508,3.0518640015654324,,3.0518640015654324
1406,0,703,B[N93]_NiC_acet_1M KOH_ vs RHE B_05_CVA_C02.txt,313,0,313,1.008711,1.5999693,-0.2245088017456123,0.3408108949661255,-0.009335298135082241,,-0.6801643142469493,-0.6801643142469493
1407,0,703,B[N93]_NiC_acet_1M KOH_ vs RHE B_05_CVA_C02.txt,351,351,0,1.0000114,1.5904012,-0.01506361871601103,0.6339287606311359,0.05634739820699608,3.0296376462646752,,3.0296376462646752
1408,0,704,B[N93]_NiC_acet_1M KOH_ vs RHE B_05_CVA_C02.txt,311,0,311,1.0085931,1.5999728,-0.2239546051888879,0.3250869342259,-0.010740656812308354,,-0.6983293788604316,-0.6983293788604316
1409,0,704,B[N93]_NiC_acet_1M KOH_ vs RHE B_05_CVA_C02.txt,372,372,0,0.99995136,1.5899267,-0.009914321121846231,0.6327984072519524,0.05187928890721466,3.0065942518574493,,3.0065942518574493
1410,0,705,B[N93]_NiC_acet_1M KOH_ vs RHE B_05_CVA_C02.txt,313,0,313,1.0087128,1.5999832,-0.2258580695185275,0.335484117269516,-0.009896559132122793,,-0.7115086837620004,-0.7115086837620004
1411,0,705,B[N93]_NiC_acet_1M KOH_ vs RHE B_05_CVA_C02.txt,346,346,0,1.0000135,1.5901493,-0.01460540181699586,0.6325736075995694,0.0569055215373931,3.0055151530590503,,3.0055151530590503
1412,0,706,B[N93]_NiC_acet_1M KOH_ vs RHE B_05_CVA_C02.txt,313,0,313,1.0090108,1.6000211,-0.2263680710701258,0.3457303643226624,-0.010051167153413287,,-0.7245728755931599,-0.7245728755931599
1413,0,706,B[N93]_NiC_acet_1M KOH_ vs RHE B_05_CVA_C02.txt,351,351,0,1.0000113,1.5905848,-0.0282667838037014,0.6285310933365449,0.054598879750089445,3.006658155301545,,3.006658155301545
1414,0,707,B[N93]_NiC_acet_1M KOH_ vs RHE B_05_CVA_C02.txt,312,0,312,1.0091029,1.5999873,-0.2240061815562062,0.3337706405183543,-0.010325271921460571,,-0.7384857247595996,-0.7384857247595996
1415,0,707,B[N93]_NiC_acet_1M KOH_ vs RHE B_05_CVA_C02.txt,346,346,0,1.0000033,1.5903597,-0.007191078084900771,0.6281936565874471,0.057009519249549626,2.9977787040396042,,2.9977787040396042
1416,0,708,B[N93]_NiC_acet_1M KOH_ vs RHE B_05_CVA_C02.txt,308,0,308,1.0095009,1.6000211,-0.225630574991599,0.3482059836387634,-0.010351573970393522,,-0.7465405530930309,-0.7465405530930309
1417,0,708,B[N93]_NiC_acet_1M KOH_ vs RHE B_05_CVA_C02.txt,348,348,0,1.0000013,1.5905807,-0.02450960129499435,0.6261824981517291,0.054146134642051924,2.995129037604633,,2.995129037604633
1418,0,709,B[N93]_NiC_acet_1M KOH_ vs RHE B_05_CVA_C02.txt,312,0,312,1.0090708,1.5999392,-0.2259580632348794,0.3330317894617707,-0.011790036540685452,,-0.7614451115659931,-0.7614451115659931
1419,0,710,B[N93]_NiC_acet_1M KOH_ vs RHE B_05_CVA_C02.txt,339,339,0,1.0002513,1.5910085,-0.00803774576828066,0.6290995661293479,0.05597128594431181,3.0041718681685996,,3.0041718681685996
1420,0,710,B[N93]_NiC_acet_1M KOH_ vs RHE B_05_CVA_C02.txt,312,0,312,1.007867,1.5999357,-0.2258112940919288,0.3262883517891169,-0.011981263979332028,,-0.7730075360609033,-0.7730075360609033
1421,0,711,B[N93]_NiC_acet_1M KOH_ vs RHE B_05_CVA_C02.txt,341,341,0,1.0001512,1.5902103,-0.01682628825720817,0.6279941332228924,0.05248244181188477,2.97716841054532,,2.97716841054532
1422,0,711,B[N93]_NiC_acet_1M KOH_ vs RHE B_05_CVA_C02.txt,312,0,312,1.0084189,1.5999088,-0.2258095425912117,0.3371394827314043,-0.01207024340954345,,-0.779513109412708,-0.779513109412708
1423,0,711,B[N93]_NiC_acet_1M KOH_ vs RHE B_05_CVA_C02.txt,350,350,0,1.0000193,1.5906091,-0.007928742095828056,0.628862317871653,0.05545294492886181,2.9836186881310804,,2.9836186881310804
1424,0,712,B[N93]_NiC_acet_1M KOH_ vs RHE B_05_CVA_C02.txt,308,0,308,1.0095009,1.5999593,-0.2271140946917107,0.3362287282943726,-0.011100676990396881,,-0.786480085569149,-0.786480085569149
1425,0,712,B[N93]_NiC_acet_1M KOH_ vs RHE B_05_CVA_C02.txt,349,349,0,0.99996907,1.5904567,-0.009967095230523516,0.6241461676285058,0.053764015423918544,2.9707555800963914,,2.9707555800963914
1426,0,713,B[N93]_NiC_acet_1M KOH_ vs RHE B_05_CVA_C02.txt,312,0,312,1.0084549,1.5999396,-0.2265921730439531,0.3279426336288447,-0.012430022857772886,,-0.8008180711640142,-0.8008180711640142
1427,0,713,B[N93]_NiC_acet_1M KOH_ vs RHE B_05_CVA_C02.txt,349,349,0,0.99996132,1.5898775,-0.01559605138997236,0.6271345557072405,0.05502612947586777,2.955701130277538,,2.955701130277538
1428,0,714,B[N93]_NiC_acet_1M KOH_ vs RHE B_05_CVA_C02.txt,313,0,313,1.008407,1.5999873,-0.2271306038703145,0.3281974591638726,-0.011466049195441768,,-0.8017954439522907,-0.8017954439522907
1429,0,714,B[N93]_NiC_acet_1M KOH_ vs RHE B_05_CVA_C02.txt,337,337,0,1.0000073,1.5902599,-0.01831063069403172,0.624746514094463,0.05290418505185938,2.9655536768673754,,2.9655536768673754
1430,0,715,B[N93]_NiC_acet_1M KOH_ vs RHE B_05_CVA_C02.txt,309,0,309,1.0088009,1.6000233,-0.2284379124915161,0.3445784449577332,-0.011433678053705477,,-0.8087822179115144,-0.8087822179115144
1431,0,715,B[N93]_NiC_acet_1M KOH_ vs RHE B_05_CVA_C02.txt,344,344,0,1.0000013,1.5912589,-0.007250689163162974,0.6270219732387532,0.05553661124382401,2.9837325918254245,,2.9837325918254245
1432,0,716,B[N93]_NiC_acet_1M KOH_ vs RHE B_05_CVA_C02.txt,309,0,309,1.0090768,1.5999776,-0.2283952213648379,0.3244567865675148,-0.012645843917856623,,-0.8138741722991961,-0.8138741722991961
1433,0,716,B[N93]_NiC_acet_1M KOH_ vs RHE B_05_CVA_C02.txt,347,347,0,1.0000062,1.5903368,-0.009115311980855467,0.6241728825400301,0.053129632784234895,2.958948290349938,,2.958948290349938
1434,0,717,B[N93]_NiC_acet_1M KOH_ vs RHE B_05_CVA_C02.txt,310,0,310,1.0093029,1.6000433,-0.2272690561188309,0.3455649018287659,-0.011621444549079391,,-0.8183755880026612,-0.8183755880026612
1435,0,717,B[N93]_NiC_acet_1M KOH_ vs RHE B_05_CVA_C02.txt,341,341,0,1.0000033,1.5901438,-0.02438741736114025,0.6218904413780457,0.05317871878862085,2.9524259232681582,,2.9524259232681582
1436,0,718,B[N93]_NiC_acet_1M KOH_ vs RHE B_05_CVA_C02.txt,304,0,304,1.0080788,1.5999782,-0.2281723004219779,0.3328302854841407,-0.01298122422932141,,-0.8300388242878614,-0.8300388242878614
1437,0,718,B[N93]_NiC_acet_1M KOH_ vs RHE B_05_CVA_C02.txt,350,350,0,0.9999795,1.5902739,-0.008640850894153118,0.624198907093092,0.05446947538581157,2.950650790945881,,2.950650790945881
1438,0,719,B[N93]_NiC_acet_1M KOH_ vs RHE B_05_CVA_C02.txt,312,0,312,1.0097028,1.5999873,-0.2281008543044125,0.3319965600967407,-0.012007564256748444,,-0.8344785802940878,-0.8344785802940878
1439,0,719,B[N93]_NiC_acet_1M KOH_ vs RHE B_05_CVA_C02.txt,339,339,0,1.0000033,1.5902951,-0.0199690368026495,0.6209278775386551,0.053591299418813604,2.948860896790036,,2.948860896790036
1440,0,720,B[N93]_NiC_acet_1M KOH_ vs RHE B_05_CVA_C02.txt,312,0,312,1.0097049,1.6000053,-0.2288355026256541,0.3374824523925781,-0.01209916372314881,,-0.8420011514663388,-0.8420011514663388
1441,0,720,B[N93]_NiC_acet_1M KOH_ vs RHE B_05_CVA_C02.txt,350,350,0,1.0000055,1.5906961,-0.01471208799225482,0.6267047154011447,0.05554225675989516,2.9660916233627597,,2.9660916233627597
1442,0,721,B[N93]_NiC_acet_1M KOH_ vs RHE B_05_CVA_C02.txt,313,0,313,1.0090108,1.5999513,-0.229790168558597,0.3412053293508032,-0.012010094179216372,,-0.8388429053825768,-0.8388429053825768
1443,0,721,B[N93]_NiC_acet_1M KOH_ vs RHE B_05_CVA_C02.txt,343,343,0,0.99998063,1.5909733,-0.007935637252163535,0.621382824012076,0.054507388910178055,2.960129583240574,,2.960129583240574
1444,0,722,B[N93]_NiC_acet_1M KOH_ vs RHE B_05_CVA_C02.txt,306,0,306,1.0090989,1.6000012,-0.2288320170406464,0.3209013835243555,-0.012222224018545214,,-0.8516424968080019,-0.8516424968080019
1445,0,722,B[N93]_NiC_acet_1M KOH_ vs RHE B_05_CVA_C02.txt,359,359,0,0.99999946,1.590297,-0.01854545623064041,0.6189469832523917,0.052522199937970956,2.9387037331412142,,2.9387037331412142
1446,0,723,B[N93]_NiC_acet_1M KOH_ vs RHE B_05_CVA_C02.txt,312,0,312,1.0081849,1.5999852,-0.227697352391985,0.3326175255434856,-0.013326585647210346,,-0.8538519292047211,-0.8538519292047211
1447,0,723,B[N93]_NiC_acet_1M KOH_ vs RHE B_05_CVA_C02.txt,343,343,0,0.99998546,1.5906241,-0.01457300170770159,0.6234772205018074,0.05184882584472632,2.9476902505470743,,2.9476902505470743
1448,0,724,B[N93]_NiC_acet_1M KOH_ vs RHE B_05_CVA_C02.txt,313,0,313,1.0090129,1.6000372,-0.2293438304326119,0.3375270068645477,-0.012218962971327277,,-0.850383795589487,-0.850383795589487
1449,0,724,B[N93]_NiC_acet_1M KOH_ vs RHE B_05_CVA_C02.txt,345,345,0,1.0000134,1.590441,-0.009197112172842026,0.6200594274831948,0.05424418359577494,2.9525946067323647,,2.9525946067323647
1450,0,725,B[N93]_NiC_acet_1M KOH_ vs RHE B_05_CVA_C02.txt,311,0,311,1.0092009,1.6000012,-0.2296847412938813,0.3260192592506823,-0.012432496464578056,,-0.8575189943030597,-0.8575189943030597
1451,0,725,B[N93]_NiC_acet_1M KOH_ vs RHE B_05_CVA_C02.txt,362,362,0,0.99995136,1.5903345,-0.007630018652265105,0.6190622900149583,0.05192381726471922,2.943027358599924,,2.943027358599924
1452,0,726,B[N93]_NiC_acet_1M KOH_ vs RHE B_05_CVA_C02.txt,313,0,313,1.0087029,1.5999532,-0.2285361978685216,0.3349196347205534,-0.012325136256886925,,-0.8541669792276576,-0.8541669792276576
1453,0,726,B[N93]_NiC_acet_1M KOH_ vs RHE B_05_CVA_C02.txt,342,342,0,1.0000035,1.5907274,-0.01549529617137099,0.6234235665935497,0.05537332338410455,2.958973318435549,,2.958973318435549
1454,0,727,B[N93]_NiC_acet_1M KOH_ vs RHE B_05_CVA_C02.txt,313,0,313,1.0087128,1.5999652,-0.230952579952838,0.3273532961277252,-0.012388549274713286,,-0.8566873851477511,-0.8566873851477511
1455,0,727,B[N93]_NiC_acet_1M KOH_ vs RHE B_05_CVA_C02.txt,343,343,0,1.0000134,1.5899041,-0.008420687168836594,0.6214634913896342,0.05389195213746989,2.9354236348181484,,2.9354236348181484
1456,0,728,B[N93]_NiC_acet_1M KOH_ vs RHE B_05_CVA_C02.txt,312,0,312,1.009553,1.6000192,-0.2308860915605511,0.3380934000015259,-0.012448161449608591,,-0.8644285174613267,-0.8644285174613267
1457,0,728,B[N93]_NiC_acet_1M KOH_ vs RHE B_05_CVA_C02.txt,354,354,0,1.0000035,1.5908432,-0.01538442779818311,0.6210323402117535,0.05228423182550155,2.954836308871314,,2.954836308871314
1458,0,729,B[N93]_NiC_acet_1M KOH_ vs RHE B_05_CVA_C02.txt,313,0,313,1.008705,1.6000012,-0.2292278911186343,0.3332439363002777,-0.012457777353188383,,-0.8623771246750773,-0.8623771246750773
1459,0,729,B[N93]_NiC_acet_1M KOH_ vs RHE B_05_CVA_C02.txt,358,358,0,1.0000054,1.5910667,-0.009795338846743109,0.6217554394695242,0.05264354115788888,2.9613368611928874,,2.9613368611928874
1460,0,730,B[N93]_NiC_acet_1M KOH_ vs RHE B_05_CVA_C02.txt,312,0,312,1.0079049,1.5999533,-0.2292465119058635,0.3300491273403168,-0.012513556555640445,,-0.8684125660311028,-0.8684125660311028
1461,0,730,B[N93]_NiC_acet_1M KOH_ vs RHE B_05_CVA_C02.txt,381,381,0,1.0000055,1.5915262,-0.0151497358456254,0.6204026706885255,0.05278457348559484,2.9673719775576703,,2.9673719775576703
1462,0,731,B[N93]_NiC_acet_1M KOH_ vs RHE B_05_CVA_C02.txt,311,0,311,1.0085088,1.5999109,-0.2310456697362313,0.3188776771227513,-0.013708225882492745,,-0.8756201000192653,-0.8756201000192653
1463,0,731,B[N93]_NiC_acet_1M KOH_ vs RHE B_05_CVA_C02.txt,356,356,0,1.0000093,1.5901133,-0.00791474722221669,0.6220952712348318,0.05347488788823574,2.933542198182,,2.933542198182
1464,0,732,B[N93]_NiC_acet_1M KOH_ vs RHE B_05_CVA_C02.txt,313,0,313,1.0089989,1.5999672,-0.2314678430700356,0.3252435409008179,-0.012237240883478434,,-0.8445397732981156,-0.8445397732981156
1465,0,732,B[N93]_NiC_acet_1M KOH_ vs RHE B_05_CVA_C02.txt,356,356,0,0.99995136,1.591241,-0.01090913675599126,0.6307708587594465,0.0554161764609033,3.0421742071817777,,3.0421742071817777
1466,0,733,B[N93]_NiC_acet_1M KOH_ vs RHE B_05_CVA_C02.txt,312,0,312,1.0090989,1.5999532,-0.2299906498982971,0.3373039727625637,-0.011237115937963692,,-0.7897919633164081,-0.7897919633164081
1467,0,733,B[N93]_NiC_acet_1M KOH_ vs RHE B_05_CVA_C02.txt,356,356,0,0.99995136,1.5909572,-0.01008504632655428,0.6306198100317495,0.05427245821100736,3.0290528528949467,,3.0290528528949467
1468,0,734,B[N93]_NiC_acet_1M KOH_ vs RHE B_05_CVA_C02.txt,312,0,312,1.0097028,1.6000172,-0.2311120398355091,0.3207375770029812,-0.011389989537204288,,-0.7939887158393317,-0.7939887158393317
1469,0,734,B[N93]_NiC_acet_1M KOH_ vs RHE B_05_CVA_C02.txt,366,366,0,0.99996167,1.5909539,-0.007841380393954697,0.6286053087591934,0.054787334356411664,3.027638629982747,,3.027638629982747
1470,0,735,B[N93]_NiC_acet_1M KOH_ vs RHE B_05_CVA_C02.txt,312,0,312,1.0097128,1.6000133,-0.2315590443895781,0.344845712184906,-0.011307601427889983,,-0.7964204687927717,-0.7964204687927717
1471,0,735,B[N93]_NiC_acet_1M KOH_ vs RHE B_05_CVA_C02.txt,365,365,0,1.0000134,1.5907331,-0.008329661563038826,0.6266124217378921,0.05423369510112868,3.019835257202358,,3.019835257202358
1472,0,736,B[N93]_NiC_acet_1M KOH_ vs RHE B_05_CVA_C02.txt,313,0,313,1.0090009,1.5999873,-0.2309530606024359,0.3286134866268737,-0.01160438470235981,,-0.8093682800004397,-0.8093682800004397
1473,0,736,B[N93]_NiC_acet_1M KOH_ vs RHE B_05_CVA_C02.txt,349,349,0,0.99999374,1.5906055,-0.007880520219629525,0.6268635526733863,0.053245784598831135,3.0125419303389163,,3.0125419303389163
1474,0,737,B[N93]_NiC_acet_1M KOH_ vs RHE B_05_CVA_C02.txt,311,0,311,1.0086008,1.6000172,-0.2319000369184434,0.3520754277706146,-0.011539299925886582,,-0.8150451616518442,-0.8150451616518442
1475,0,737,B[N93]_NiC_acet_1M KOH_ vs RHE B_05_CVA_C02.txt,358,358,0,1.0000013,1.5907317,-0.02414622716605663,0.6274998793397132,0.05573799362762138,3.0091425152144566,,3.0091425152144566
1476,0,738,B[N93]_NiC_acet_1M KOH_ vs RHE B_05_CVA_C02.txt,305,0,305,1.008307,1.5999552,-0.2318820219301271,0.3324293494224548,-0.011821290217499825,,-0.8222551648658422,-0.8222551648658422
1477,0,738,B[N93]_NiC_acet_1M KOH_ vs RHE B_05_CVA_C02.txt,344,344,0,1.0000075,1.5906199,-0.01578495402455982,0.6271820009393059,0.05463900442718645,3.0008155130553673,,3.0008155130553673
1478,0,739,B[N93]_NiC_acet_1M KOH_ vs RHE B_05_CVA_C02.txt,311,0,311,1.0097989,1.5999832,-0.2317554389718854,0.3383498813795007,-0.01192557088676837,,-0.8291269772207583,-0.8291269772207583
1479,0,739,B[N93]_NiC_acet_1M KOH_ vs RHE B_05_CVA_C02.txt,352,352,0,0.99999934,1.5908101,-0.007836308614066617,0.6274321500545526,0.05286069901558463,3.004433615375728,,3.004433615375728
1480,0,740,B[N93]_NiC_acet_1M KOH_ vs RHE B_05_CVA_C02.txt,312,0,312,1.0090328,1.5999174,-0.2316698957591674,0.3382476633641773,-0.013018758303986307,,-0.8346583211704767,-0.8346583211704767
1481,0,740,B[N93]_NiC_acet_1M KOH_ vs RHE B_05_CVA_C02.txt,363,363,0,1.0000334,1.5904366,-0.01512953957654134,0.6302359842850871,0.05524397910584997,2.9936176110525543,,2.9936176110525543
1482,0,741,B[N93]_NiC_acet_1M KOH_ vs RHE B_05_CVA_C02.txt,313,0,313,1.0089989,1.6000131,-0.2329992921888988,0.3447821140289307,-0.011716342872247666,,-0.821531302226162,-0.821531302226162
1483,0,741,B[N93]_NiC_acet_1M KOH_ vs RHE B_05_CVA_C02.txt,348,348,0,0.99999946,1.5908586,-0.007878467440605164,0.6314463232936891,0.0548876873157416,3.026013650622074,,3.026013650622074
1484,0,742,B[N93]_NiC_acet_1M KOH_ vs RHE B_05_CVA_C02.txt,312,0,312,1.0090369,1.5999384,-0.2335748043585733,0.3345216801089625,-0.012811489620681201,,-0.8216732899263233,-0.8216732899263233
1485,0,742,B[N93]_NiC_acet_1M KOH_ vs RHE B_05_CVA_C02.txt,345,345,0,1.0000374,1.59084,-0.02900498174130917,0.6290990894008495,0.05722653427966945,3.025932697424635,,3.025932697424635
1486,0,743,B[N93]_NiC_acet_1M KOH_ vs RHE B_05_CVA_C02.txt,305,0,305,1.0088989,1.5999893,-0.2325281188217821,0.3401680886745453,-0.011655212662025828,,-0.8265832069271406,-0.8265832069271406
1487,0,743,B[N93]_NiC_acet_1M KOH_ vs RHE B_05_CVA_C02.txt,347,347,0,0.99999946,1.5907868,-0.0095025897026062,0.6297190162167898,0.05490192153279185,3.0424141221784535,,3.0424141221784535
1488,0,744,B[N93]_NiC_acet_1M KOH_ vs RHE B_05_CVA_C02.txt,305,0,305,1.009131,1.5999285,-0.2331864672967634,0.3277110275295039,-0.01254744638251014,,-0.8064797755679394,-0.8064797755679394
1489,0,744,B[N93]_NiC_acet_1M KOH_ vs RHE B_05_CVA_C02.txt,342,342,0,0.99995136,1.5899315,-0.01075103888985521,0.6306759184457875,0.054733957153486265,3.0177190460035783,,3.0177190460035783
1490,0,745,B[N93]_NiC_acet_1M KOH_ vs RHE B_05_CVA_C02.txt,310,0,310,1.0099008,1.5999693,-0.2323643201108965,0.3425610363483429,-0.011566027554175339,,-0.8116449477766051,-0.8116449477766051
1491,0,745,B[N93]_NiC_acet_1M KOH_ vs RHE B_05_CVA_C02.txt,344,344,0,0.99995136,1.5910802,-0.00749701916702443,0.6325660556528998,0.057968396752171615,3.042071603217005,,3.042071603217005
1492,0,746,B[N93]_NiC_acet_1M KOH_ vs RHE B_05_CVA_C02.txt,303,0,303,1.009321,1.5999167,-0.2323946384747901,0.3273851530892506,-0.012846599916893806,,-0.8237234125847201,-0.8237234125847201
1493,0,746,B[N93]_NiC_acet_1M KOH_ vs RHE B_05_CVA_C02.txt,356,356,0,1.000011,1.5907489,-0.01168755944818262,0.6305267954725178,0.055327359440601555,3.023022347814863,,3.023022347814863
1494,0,747,B[N93]_NiC_acet_1M KOH_ vs RHE B_05_CVA_C02.txt,309,0,309,1.0096989,1.6000172,-0.232591428004838,0.3256195510955566,-0.011954664211664311,,-0.8272746707581057,-0.8272746707581057
1495,0,748,B[N93]_NiC_acet_1M KOH_ vs RHE B_05_CVA_C02.txt,336,336,0,1.0000873,1.5910909,-0.0113653697539121,0.6311749046391544,0.05498291317854446,3.028931923232179,,3.028931923232179
1496,0,748,B[N93]_NiC_acet_1M KOH_ vs RHE B_05_CVA_C02.txt,308,0,308,1.0088391,1.5999303,-0.2344423007007901,0.3462709231036047,-0.01302744644846957,,-0.8361406494058474,-0.8361406494058474
1497,0,748,B[N93]_NiC_acet_1M KOH_ vs RHE B_05_CVA_C02.txt,341,341,0,1.0000393,1.5900372,-0.02110179141163826,0.6283551270621448,0.0566339794502329,2.9946255963522304,,2.9946255963522304
1498,0,749,B[N93]_NiC_acet_1M KOH_ vs RHE B_05_CVA_C02.txt,304,0,304,1.0084031,1.5999892,-0.2348909124143441,0.3481550812721252,-0.01192782977446077,,-0.8362281831821089,-0.8362281831821089
1499,0,750,B[N93]_NiC_acet_1M KOH_ vs RHE B_05_CVA_C02.txt,344,344,0,1.0002513,1.5901601,-0.02305939220465146,0.6294796380644252,0.055398687625718465,3.0006824721145358,,3.0006824721145358
1500,0,750,B[N93]_NiC_acet_1M KOH_ vs RHE B_05_CVA_C02.txt,308,0,308,1.0092109,1.6000372,-0.2312380826514263,0.3561611771583557,-0.012019082557758617,,-0.839981904347039,-0.839981904347039
1501,0,750,B[N93]_NiC_acet_1M KOH_ vs RHE B_05_CVA_C02.txt,338,338,0,1.0000113,1.5901427,-0.01042094144314487,0.6312058209781402,0.058377501388347325,2.998636152473509,,2.998636152473509
1502,0,751,B[N93]_NiC_acet_1M KOH_ vs RHE B_05_CVA_C02.txt,302,0,302,1.0097989,1.5999792,-0.2341187544615817,0.3470286428928375,-0.012107702098102479,,-0.8466273620889349,-0.8466273620889349
1503,0,751,B[N93]_NiC_acet_1M KOH_ vs RHE B_05_CVA_C02.txt,345,345,0,0.99999952,1.5910516,-0.01631760419062946,0.6283868525861231,0.05574012342756512,3.016064873777999,,3.016064873777999
1504,0,752,B[N93]_NiC_acet_1M KOH_ vs RHE B_05_CVA_C02.txt,306,0,306,1.0080512,1.5999852,-0.2339364300983581,0.3244103737499402,-0.012340102140274242,,-0.8503895692380733,-0.8503895692380733
1505,0,752,B[N93]_NiC_acet_1M KOH_ vs RHE B_05_CVA_C02.txt,335,335,0,1.0000014,1.5913079,-0.0113179493234366,0.6273417366929381,0.056005864685277726,3.0189914213473203,,3.0189914213473203
1506,0,753,B[N93]_NiC_acet_1M KOH_ vs RHE B_05_CVA_C02.txt,311,0,311,1.0083089,1.5999652,-0.2329540631047253,0.330494612455368,-0.012404782406732644,,-0.858777338907815,-0.858777338907815
1507,0,753,B[N93]_NiC_acet_1M KOH_ vs RHE B_05_CVA_C02.txt,341,341,0,1.0000094,1.591233,-0.01633752542345421,0.6233542751327334,0.055901861818878906,3.0120733294776803,,3.0120733294776803
1508,0,754,B[N93]_NiC_acet_1M KOH_ vs RHE B_05_CVA_C02.txt,303,0,303,1.009699,1.5999873,-0.2347255632282398,0.3361396193504334,-0.012527825635866319,,-0.8668759559427537,-0.8668759559427537
1509,0,754,B[N93]_NiC_acet_1M KOH_ vs RHE B_05_CVA_C02.txt,349,349,0,0.99999952,1.5909892,-0.01628924106531171,0.6278656655184847,0.054729839662890314,3.0093366659624334,,3.0093366659624334
1510,0,755,B[N93]_NiC_acet_1M KOH_ vs RHE B_05_CVA_C02.txt,301,0,301,1.0099068,1.5999693,-0.2351582727915686,0.3242883669293445,-0.012473100499404303,,-0.8697930664503914,-0.8697930664503914
1511,0,755,B[N93]_NiC_acet_1M KOH_ vs RHE B_05_CVA_C02.txt,342,342,0,0.99996263,1.5904287,-0.0096394185287257,0.625907344474486,0.058835464303980824,2.9912706895152006,,2.9912706895152006
1512,0,756,B[N93]_NiC_acet_1M KOH_ vs RHE B_05_CVA_C02.txt,309,0,309,1.008799,1.6000153,-0.234106401419135,0.3243532776832581,-0.012517081460299817,,-0.8640665106589809,-0.8640665106589809
1513,0,756,B[N93]_NiC_acet_1M KOH_ vs RHE B_05_CVA_C02.txt,354,354,0,0.99999678,1.5899078,-0.0103938132040341,0.6430747392858356,0.05408996035713765,3.0624990248998487,,3.0624990248998487
1514,0,757,B[N93]_NiC_acet_1M KOH_ vs RHE B_05_CVA_C02.txt,311,0,311,1.0097989,1.5999972,-0.2358653292953754,0.3510189354419708,-0.010385812024860443,,-0.7444236754196708,-0.7444236754196708
1515,0,757,B[N93]_NiC_acet_1M KOH_ vs RHE B_05_CVA_C02.txt,333,333,0,0.99999946,1.5900761,-0.007596675072630205,0.6420848194466515,0.06008487575873913,3.0959929822244057,,3.0959929822244057
1516,0,758,B[N93]_NiC_acet_1M KOH_ vs RHE B_05_CVA_C02.txt,312,0,312,1.0081309,1.5999292,-0.2340089780558507,0.3296207308769219,-0.01165304584425603,,-0.7545207154817368,-0.7545207154817368
1517,0,758,B[N93]_NiC_acet_1M KOH_ vs RHE B_05_CVA_C02.txt,359,359,0,1.0000314,1.591526,-0.009027074563225546,0.6435203756899295,0.055235315616747764,3.125834170730047,,3.125834170730047
1518,0,759,B[N93]_NiC_acet_1M KOH_ vs RHE B_05_CVA_C02.txt,306,0,306,1.0081989,1.6000192,-0.2363024802555203,0.3453585874775182,-0.010737997329381611,,-0.7632491774885566,-0.7632491774885566
1519,0,759,B[N93]_NiC_acet_1M KOH_ vs RHE B_05_CVA_C02.txt,339,339,0,0.99999946,1.5912683,-0.01413152447608097,0.643412661358651,0.05819167233960169,3.1082260340170467,,3.1082260340170467
1520,0,760,B[N93]_NiC_acet_1M KOH_ vs RHE B_05_CVA_C02.txt,301,0,301,1.009901,1.5999771,-0.234613186126599,0.3418927788734436,-0.010774057798222847,,-0.7774113517796017,-0.7774113517796017
1521,0,761,B[N93]_NiC_acet_1M KOH_ vs RHE B_05_CVA_C02.txt,358,358,0,1.0001512,1.5913304,-0.01180958515033126,0.6380374975111143,0.05546530817975048,3.0961329315510033,,3.0961329315510033
1522,0,761,B[N93]_NiC_acet_1M KOH_ vs RHE B_05_CVA_C02.txt,313,0,313,1.0089989,1.6000391,-0.2375447841902774,0.3411100208759308,-0.01112700108106382,,-0.7851475455447336,-0.7851475455447336
1523,0,761,B[N93]_NiC_acet_1M KOH_ vs RHE B_05_CVA_C02.txt,344,344,0,0.99995136,1.5906572,-0.009842485390224226,0.6387776147427127,0.05744717777870312,3.0773662261302284,,3.0773662261302284
1524,0,762,B[N93]_NiC_acet_1M KOH_ vs RHE B_05_CVA_C02.txt,313,0,313,1.0081007,1.6000152,-0.2384218947181802,0.3363027274608612,-0.011365866689509709,,-0.7991185996058298,-0.7991185996058298
1525,0,762,B[N93]_NiC_acet_1M KOH_ vs RHE B_05_CVA_C02.txt,356,356,0,1.0000013,1.5915838,-0.009636236354708672,0.6381010279181902,0.05709120684805737,3.0920943035480746,,3.0920943035480746
1526,0,763,B[N93]_NiC_acet_1M KOH_ vs RHE B_05_CVA_C02.txt,309,0,309,1.0093988,1.5999951,-0.2375013923303326,0.3414472639560699,-0.011445973940853529,,-0.8091609952588915,-0.8091609952588915
1527,0,763,B[N93]_NiC_acet_1M KOH_ vs RHE B_05_CVA_C02.txt,343,343,0,0.99999946,1.5899783,-0.01731597073376179,0.6338143982652849,0.05636130423408414,3.03956613060685,,3.03956613060685
1528,0,764,B[N93]_NiC_acet_1M KOH_ vs RHE B_05_CVA_C02.txt,313,0,313,1.008109,1.5999372,-0.2349189966102399,0.3450009093639697,-0.011595551490585942,,-0.8152399807964079,-0.8152399807964079
1529,0,764,B[N93]_NiC_acet_1M KOH_ vs RHE B_05_CVA_C02.txt,340,340,0,1.0000094,1.5907326,-0.01594806837079966,0.6377978315029124,0.05782204346727811,3.0578251475943685,,3.0578251475943685
1530,0,765,B[N93]_NiC_acet_1M KOH_ vs RHE B_05_CVA_C02.txt,295,0,295,1.0092969,1.5999968,-0.2379454441784694,0.3413231819868088,-0.012859006808229215,,-0.8237272394716235,-0.8237272394716235
1531,0,765,B[N93]_NiC_acet_1M KOH_ vs RHE B_05_CVA_C02.txt,350,350,0,0.9999975,1.5907133,-0.01563276713916465,0.6371795101760984,0.056132035561527294,3.052778747504393,,3.052778747504393
1532,0,766,B[N93]_NiC_acet_1M KOH_ vs RHE B_05_CVA_C02.txt,312,0,312,1.0097069,1.6000031,-0.2376857027539874,0.3525208830833435,-0.011818513509275808,,-0.8319667703220279,-0.8319667703220279
1533,0,766,B[N93]_NiC_acet_1M KOH_ vs RHE B_05_CVA_C02.txt,350,350,0,1.0000074,1.5911493,-0.009731697849929333,0.6354503677695038,0.05418065270301823,3.0569044746227094,,3.0569044746227094
1534,0,767,B[N93]_NiC_acet_1M KOH_ vs RHE B_05_CVA_C02.txt,310,0,310,1.008401,1.5999552,-0.2387658704635118,0.3344722390174866,-0.012051301736336176,,-0.8406760904863961,-0.8406760904863961
1535,0,767,B[N93]_NiC_acet_1M KOH_ vs RHE B_05_CVA_C02.txt,345,345,0,1.0000014,1.5902829,-0.01551032654495668,0.6346977306378436,0.05359632344503722,3.028899525411588,,3.028899525411588
1536,0,768,B[N93]_NiC_acet_1M KOH_ vs RHE B_05_CVA_C02.txt,304,0,304,1.008045,1.5999277,-0.2380785749793271,0.3378957567943464,-0.012887044465698138,,-0.8490303434467227,-0.8490303434467227
1537,0,768,B[N93]_NiC_acet_1M KOH_ vs RHE B_05_CVA_C02.txt,365,365,0,0.99998552,1.5901401,-0.00925279977893928,0.6353696721491424,0.05374836210346369,3.0221601587786693,,3.0221601587786693
1538,0,769,B[N93]_NiC_acet_1M KOH_ vs RHE B_05_CVA_C02.txt,313,0,313,1.008711,1.5999693,-0.2382634136793871,0.3453862718913867,-0.012264945463824005,,-0.8542515961969055,-0.8542515961969055
1539,0,769,B[N93]_NiC_acet_1M KOH_ vs RHE B_05_CVA_C02.txt,361,361,0,1.0000114,1.5906212,-0.01631220802664757,0.630864168367772,0.05387607296380655,3.0295728753702895,,3.0295728753702895
1540,0,770,B[N93]_NiC_acet_1M KOH_ vs RHE B_05_CVA_C02.txt,311,0,311,1.0085129,1.5999111,-0.237942810324653,0.3294856250286102,-0.013484318971816326,,-0.8619897167036038,-0.8619897167036038
1541,0,770,B[N93]_NiC_acet_1M KOH_ vs RHE B_05_CVA_C02.txt,367,367,0,0.99995118,1.5908942,-0.03223779052495956,0.6303617442074065,0.05289251708146107,3.036630151176862,,3.036630151176862
1542,0,771,B[N93]_NiC_acet_1M KOH_ vs RHE B_05_CVA_C02.txt,311,0,311,1.0083029,1.5999593,-0.2383115576298336,0.3450093936661016,-0.012416269250488315,,-0.864671735447296,-0.864671735447296
1543,0,771,B[N93]_NiC_acet_1M KOH_ vs RHE B_05_CVA_C02.txt,348,348,0,1.0000033,1.591072,-0.00943258311599493,0.6304936411606643,0.0553046626800966,3.043179618259262,,3.043179618259262
1544,0,772,B[N93]_NiC_acet_1M KOH_ vs RHE B_05_CVA_C02.txt,307,0,307,1.0095508,1.5999436,-0.2383390009281023,0.3255701544029366,-0.01376817584490467,,-0.8741311583603385,-0.8741311583603385
1545,0,772,B[N93]_NiC_acet_1M KOH_ vs RHE B_05_CVA_C02.txt,345,345,0,0.99995148,1.591447,-0.01128818839788437,0.629231334054677,0.053653622731168776,3.045596549108285,,3.045596549108285
1546,0,773,B[N93]_NiC_acet_1M KOH_ vs RHE B_05_CVA_C02.txt,312,0,312,1.009039,1.5999236,-0.237417495311357,0.3352906594150937,-0.013723036357624493,,-0.8768683181474158,-0.8768683181474158
1547,0,773,B[N93]_NiC_acet_1M KOH_ vs RHE B_05_CVA_C02.txt,353,353,0,0.99999732,1.5907242,-0.01052432994487042,0.6339632816066016,0.05705668844217147,3.027457875729215,,3.027457875729215
1548,0,774,B[N93]_NiC_acet_1M KOH_ vs RHE B_05_CVA_C02.txt,309,0,309,1.0093988,1.6000311,-0.2388343397680954,0.3257215321063995,-0.012824680500038488,,-0.8822248323051725,-0.8822248323051725
1549,0,774,B[N93]_NiC_acet_1M KOH_ vs RHE B_05_CVA_C02.txt,346,346,0,0.99999952,1.5901319,-0.01572826192916738,0.6337404980871835,0.05485962077081286,3.005182734452891,,3.005182734452891
1550,0,775,B[N93]_NiC_acet_1M KOH_ vs RHE B_05_CVA_C02.txt,312,0,312,1.0087408,1.5999304,-0.2377757575431535,0.3251216573374611,-0.014018466057260537,,-0.8931205805009974,-0.8931205805009974
1551,0,775,B[N93]_NiC_acet_1M KOH_ vs RHE B_05_CVA_C02.txt,359,359,0,1.0000414,1.5908662,-0.01217850571331513,0.6309874518069973,0.057883319008863114,3.0187494571510767,,3.0187494571510767
1552,0,776,B[N93]_NiC_acet_1M KOH_ vs RHE B_05_CVA_C02.txt,310,0,310,1.0080657,1.5999439,-0.2371857241618032,0.332546630076,-0.013977701250560073,,-0.8964859851187117,-0.8964859851187117
1553,0,776,B[N93]_NiC_acet_1M KOH_ vs RHE B_05_CVA_C02.txt,358,358,0,0.9999513,1.5902772,-0.0117812839187198,0.6286720678784783,0.053805835003009714,2.999039653679652,,2.999039653679652
1554,0,777,B[N93]_NiC_acet_1M KOH_ vs RHE B_05_CVA_C02.txt,312,0,312,1.0087087,1.5999068,-0.238066329936173,0.3278763788811707,-0.01396475899373243,,-0.890281031617637,-0.890281031617637
1555,0,777,B[N93]_NiC_acet_1M KOH_ vs RHE B_05_CVA_C02.txt,353,353,0,1.0000094,1.5905406,-0.01653346254866808,0.6282282945123061,0.054407263705246754,3.019546565625939,,3.019546565625939
1556,0,778,B[N93]_NiC_acet_1M KOH_ vs RHE B_05_CVA_C02.txt,313,0,313,1.0089989,1.6000053,-0.2384571259249768,0.3256511040355847,-0.012993179562286574,,-0.8921832756010947,-0.8921832756010947
1557,0,778,B[N93]_NiC_acet_1M KOH_ vs RHE B_05_CVA_C02.txt,353,353,0,0.99999952,1.5905273,-0.01043811626732349,0.6312104601778472,0.055086929751684166,3.011036344284018,,3.011036344284018
1558,0,779,B[N93]_NiC_acet_1M KOH_ vs RHE B_05_CVA_C02.txt,310,0,310,1.0093088,1.5999873,-0.2393633747998833,0.3397480547428131,-0.012980820131223618,,-0.8992085365926696,-0.8992085365926696
1559,0,779,B[N93]_NiC_acet_1M KOH_ vs RHE B_05_CVA_C02.txt,346,346,0,1.0000093,1.5899514,-0.01064509607506522,0.6291995565157924,0.053865424596588045,2.9964526969107705,,2.9964526969107705
1560,0,780,B[N93]_NiC_acet_1M KOH_ vs RHE B_05_CVA_C02.txt,310,0,310,1.0080988,1.6000292,-0.237989815120446,0.3282841936401697,-0.013100073444397108,,-0.8977110612252361,-0.8977110612252361
1561,0,780,B[N93]_NiC_acet_1M KOH_ vs RHE B_05_CVA_C02.txt,359,359,0,0.99999946,1.5912377,-0.007508460997236552,0.6377621592200988,0.05754363734042089,3.086475255721227,,3.086475255721227
1562,0,781,B[N93]_NiC_acet_1M KOH_ vs RHE B_05_CVA_C02.txt,309,0,309,1.008351,1.5999713,-0.239590605905085,0.3238316677186797,-0.01231796420275156,,-0.8502920424151538,-0.8502920424151538
1563,0,781,B[N93]_NiC_acet_1M KOH_ vs RHE B_05_CVA_C02.txt,359,359,0,1.0000014,1.5911701,-0.008776697159012525,0.639105399753463,0.05481665076108147,3.082794122691514,,3.082794122691514
1564,0,782,B[N93]_NiC_acet_1M KOH_ vs RHE B_05_CVA_C02.txt,308,0,308,1.0094531,1.5999485,-0.2396166676169553,0.3242869262511903,-0.013378030572019358,,-0.8520111019727563,-0.8520111019727563
1565,0,782,B[N93]_NiC_acet_1M KOH_ vs RHE B_05_CVA_C02.txt,356,356,0,1.0000058,1.5905439,-0.008757717759960676,0.637993741100126,0.05568802689252379,3.0591662433396904,,3.0591662433396904
1566,0,783,B[N93]_NiC_acet_1M KOH_ vs RHE B_05_CVA_C02.txt,311,0,311,1.0088989,1.5999812,-0.2405814400766197,0.3457112610340118,-0.01230305815609014,,-0.8566943537691168,-0.8566943537691168
1567,0,783,B[N93]_NiC_acet_1M KOH_ vs RHE B_05_CVA_C02.txt,344,344,0,0.99999946,1.5903181,-0.009560375781997532,0.636262164466384,0.057428817806136755,3.0506446035849852,,3.0506446035849852
1568,0,784,B[N93]_NiC_acet_1M KOH_ vs RHE B_05_CVA_C02.txt,302,0,302,1.0095009,1.6000252,-0.2399896106294117,0.3484287559986115,-0.012220182472393317,,-0.8623697766633834,-0.8623697766633834
1569,0,784,B[N93]_NiC_acet_1M KOH_ vs RHE B_05_CVA_C02.txt,349,349,0,1.0000013,1.5910138,-0.01174673734470338,0.6381803748320836,0.05544322035880547,3.0581204503739796,,3.0581204503739796
1570,0,785,B[N93]_NiC_acet_1M KOH_ vs RHE B_05_CVA_C02.txt,310,0,310,1.0086989,1.6000433,-0.2397699595979068,0.3221151550178942,-0.012792885419616798,,-0.8767586277346102,-0.8767586277346102
1571,0,785,B[N93]_NiC_acet_1M KOH_ vs RHE B_05_CVA_C02.txt,343,343,0,1.0000175,1.5910209,-0.01406723712844885,0.6372296920302158,0.0555942264411936,3.0617134600381655,,3.0617134600381655
1572,0,786,B[N93]_NiC_acet_1M KOH_ vs RHE B_05_CVA_C02.txt,313,0,313,1.008407,1.5999773,-0.2399205218410145,0.3319265842437744,-0.012763549611722763,,-0.8816369070491202,-0.8816369070491202
1573,0,786,B[N93]_NiC_acet_1M KOH_ vs RHE B_05_CVA_C02.txt,350,350,0,1.0000075,1.5899974,-0.01578121756851353,0.6299778209926546,0.05534641112994322,3.0265584307662294,,3.0265584307662294
1574,0,787,B[N93]_NiC_acet_1M KOH_ vs RHE B_05_CVA_C02.txt,311,0,311,1.0085291,1.59993,-0.2408284155053444,0.3253051246915541,-0.01396600561083766,,-0.8913920336787701,-0.8913920336787701
1575,0,787,B[N93]_NiC_acet_1M KOH_ vs RHE B_05_CVA_C02.txt,350,350,0,1.0000293,1.5906701,-0.01610519191371683,0.6300656628003232,0.055752154237333026,3.039342185839263,,3.039342185839263
1576,0,788,B[N93]_NiC_acet_1M KOH_ vs RHE B_05_CVA_C02.txt,313,0,313,1.0080988,1.5999832,-0.2404721317826732,0.3352104723453522,-0.012963608811103084,,-0.8944059852923885,-0.8944059852923885
1577,0,788,B[N93]_NiC_acet_1M KOH_ vs RHE B_05_CVA_C02.txt,363,363,0,0.99995571,1.5909511,-0.009685028344392776,0.6326718043595179,0.05433610553063501,3.037241703550789,,3.037241703550789
1578,0,789,B[N93]_NiC_acet_1M KOH_ vs RHE B_05_CVA_C02.txt,304,0,304,1.009599,1.5999893,-0.2404200133799294,0.3408874989824087,-0.013063315358121882,,-0.8962308464327601,-0.8962308464327601
1579,0,789,B[N93]_NiC_acet_1M KOH_ vs RHE B_05_CVA_C02.txt,357,357,0,0.99999946,1.5902158,-0.01715258870314321,0.6325918937286232,0.05468164837348859,3.0167163671001664,,3.0167163671001664
1580,0,790,B[N93]_NiC_acet_1M KOH_ vs RHE B_05_CVA_C02.txt,311,0,311,1.009137,1.5999376,-0.2412753838712199,0.3342040892570246,-0.014253749998576698,,-0.9096284312386519,-0.9096284312386519
1581,0,790,B[N93]_NiC_acet_1M KOH_ vs RHE B_05_CVA_C02.txt,354,354,0,1.0000373,1.5910158,-0.01724851503968239,0.6275149145457508,0.05458182225097546,3.0342016775952514,,3.0342016775952514
1582,0,791,B[N93]_NiC_acet_1M KOH_ vs RHE B_05_CVA_C02.txt,312,0,312,1.008499,1.6000233,-0.240884026826615,0.3234794146340826,-0.013313134154888374,,-0.910367713228618,-0.910367713228618
1583,0,791,B[N93]_NiC_acet_1M KOH_ vs RHE B_05_CVA_C02.txt,352,352,0,0.99999946,1.5907787,-0.02926717326045036,0.6294764308538925,0.05598450515241928,3.0267526115313768,,3.0267526115313768
1584,0,792,B[N93]_NiC_acet_1M KOH_ vs RHE B_05_CVA_C02.txt,312,0,312,1.0082029,1.5999713,-0.2400007270387743,0.3298554517652672,-0.013385016497189274,,-0.918995509046381,-0.918995509046381
1585,0,792,B[N93]_NiC_acet_1M KOH_ vs RHE B_05_CVA_C02.txt,349,349,0,1.0000035,1.5903696,-0.01619875933165138,0.6259270934190753,0.05470927657625713,3.0124640660950943,,3.0124640660950943
1586,0,793,B[N93]_NiC_acet_1M KOH_ vs RHE B_05_CVA_C02.txt,312,0,312,1.0084989,1.6000012,-0.2410475091527609,0.3444066047668457,-0.013417842830660564,,-0.9235641928538839,-0.9235641928538839
1587,0,793,B[N93]_NiC_acet_1M KOH_ vs RHE B_05_CVA_C02.txt,347,347,0,0.99999952,1.5906719,-0.01560653336143691,0.6283511151429586,0.05640164505067728,3.021436246219499,,3.021436246219499
1588,0,794,B[N93]_NiC_acet_1M KOH_ vs RHE B_05_CVA_C02.txt,305,0,305,1.0085149,1.5999162,-0.2404301699412019,0.3250182959295449,-0.013775565018279812,,-0.878107980934666,-0.878107980934666
1589,0,794,B[N93]_NiC_acet_1M KOH_ vs RHE B_05_CVA_C02.txt,352,352,0,1.0000154,1.5911102,-0.01647207829291408,0.6344836324608092,0.057686618591142526,3.0690544467849965,,3.0690544467849965
1590,0,795,B[N93]_NiC_acet_1M KOH_ vs RHE B_05_CVA_C02.txt,312,0,312,1.0085069,1.5999652,-0.2399883906885778,0.3307428359985352,-0.012912702788727174,,-0.8907489606322978,-0.8907489606322978
1591,0,795,B[N93]_NiC_acet_1M KOH_ vs RHE B_05_CVA_C02.txt,350,350,0,1.0000075,1.5909386,-0.01559859435276494,0.6309237953135094,0.05682126475349535,3.0603944616115797,,3.0603944616115797
1592,0,796,B[N93]_NiC_acet_1M KOH_ vs RHE B_05_CVA_C02.txt,312,0,312,1.009699,1.6000073,-0.2408944744258208,0.3432992696762085,-0.01268610916788904,,-0.8771864520159907,-0.8771864520159907
1593,0,796,B[N93]_NiC_acet_1M KOH_ vs RHE B_05_CVA_C02.txt,350,350,0,0.99999946,1.5902086,-0.02697175182402134,0.6367755361986536,0.055036421388835584,3.0631000729687017,,3.0631000729687017
1594,0,797,B[N93]_NiC_acet_1M KOH_ vs RHE B_05_CVA_C02.txt,312,0,312,1.0084928,1.599975,-0.2423034859256061,0.3161704654876996,-0.013690629920132397,,-0.8728279946787609,-0.8728279946787609
1595,0,797,B[N93]_NiC_acet_1M KOH_ vs RHE B_05_CVA_C02.txt,350,350,0,0.99999338,1.5900551,-0.02661283314228058,0.6361885466323596,0.05505841194580453,3.053576669452753,,3.053576669452753
1596,0,798,B[N93]_NiC_acet_1M KOH_ vs RHE B_05_CVA_C02.txt,313,0,313,1.0081068,1.5999693,-0.2410546450465061,0.330685555934906,-0.012583382346086405,,-0.8707969495558826,-0.8707969495558826
1597,0,798,B[N93]_NiC_acet_1M KOH_ vs RHE B_05_CVA_C02.txt,347,347,0,1.0000074,1.5902789,-0.008987302699141317,0.6446240005624233,0.05623206157129139,3.1276318372957124,,3.1276318372957124
1598,0,799,B[N93]_NiC_acet_1M KOH_ vs RHE B_05_CVA_C02.txt,302,0,302,1.0082068,1.5999086,-0.2413015838013786,0.3270788749922873,-0.012345409668017036,,-0.8090754679461983,-0.8090754679461983
1599,0,799,B[N93]_NiC_acet_1M KOH_ vs RHE B_05_CVA_C02.txt,347,347,0,1.0000075,1.5905061,-0.01866954937577248,0.6454539704213929,0.05553633305825061,3.1312851666544237,,3.1312851666544237
1600,0,800,B[N93]_NiC_acet_1M KOH_ vs RHE B_05_CVA_C02.txt,313,0,313,1.008705,1.5999652,-0.2417881879311556,0.3433994119581967,-0.01165722606989839,,-0.8181980497193035,-0.8181980497193035
1601,0,801,B[N93]_NiC_acet_1M KOH_ vs RHE B_05_CVA_C02.txt,362,362,0,0.99994624,1.590806,-0.008944403380155563,0.6740719075380187,0.05652236481012605,3.2999430648799737,,3.2999430648799737
1602,0,801,B[N93]_NiC_acet_1M KOH_ vs RHE B_05_CVA_C02.txt,305,0,305,1.0084491,1.6000172,-0.2400175909923818,0.3642563223838806,-0.008881365545461553,,-0.6637390095645208,-0.6637390095645208
1603,0,801,B[N93]_NiC_acet_1M KOH_ vs RHE B_05_CVA_C02.txt,348,348,0,0.99999946,1.5904479,-0.008501657320931989,0.6504912926364597,0.05922436395724218,3.2003105420714286,,3.2003105420714286
1604,0,802,B[N93]_NiC_acet_1M KOH_ vs RHE B_05_CVA_C02.txt,310,0,310,1.0080988,1.6000053,-0.2401404146929229,0.3591204881668091,-0.009561923253224582,,-0.7025368904563327,-0.7025368904563327
1605,0,802,B[N93]_NiC_acet_1M KOH_ vs RHE B_05_CVA_C02.txt,335,335,0,0.99995136,1.5907241,-0.007261201504456499,0.6494483378112441,0.05824446515906077,3.1965963011743592,,3.1965963011743592
1606,0,803,B[N93]_NiC_acet_1M KOH_ vs RHE B_05_CVA_C02.txt,302,0,302,1.008899,1.6000352,-0.2402322647755164,0.3591968417167664,-0.009797949555976264,,-0.723960330978097,-0.723960330978097
1607,0,803,B[N93]_NiC_acet_1M KOH_ vs RHE B_05_CVA_C02.txt,352,352,0,0.99999952,1.591006,-0.01600050051359736,0.6491518754648107,0.05771187323001483,3.188505613214507,,3.188505613214507
1608,0,804,B[N93]_NiC_acet_1M KOH_ vs RHE B_05_CVA_C02.txt,310,0,310,1.0092458,1.5999316,-0.2412071086340082,0.3564920767265205,-0.011300361181299436,,-0.7370921133811996,-0.7370921133811996
1609,0,804,B[N93]_NiC_acet_1M KOH_ vs RHE B_05_CVA_C02.txt,345,345,0,1.0000095,1.5901498,-0.01185047253966331,0.6493970671356788,0.06051620076341495,3.1588860213204173,,3.1588860213204173
1610,0,805,B[N93]_NiC_acet_1M KOH_ vs RHE B_05_CVA_C02.txt,290,0,290,1.0094309,1.5999278,-0.2410571140208165,0.3435647661487256,-0.011608564912513034,,-0.7576267811947863,-0.7576267811947863
1611,0,805,B[N93]_NiC_acet_1M KOH_ vs RHE B_05_CVA_C02.txt,344,344,0,1.0000468,1.590402,-0.01388207054211915,0.6496026491142928,0.05766872745708433,3.157923855699568,,3.157923855699568
1612,0,806,B[N93]_NiC_acet_1M KOH_ vs RHE B_05_CVA_C02.txt,313,0,313,1.009003,1.5999873,-0.241810103126312,0.3624743819236755,-0.010621610567629449,,-0.762416716843093,-0.762416716843093
1613,0,806,B[N93]_NiC_acet_1M KOH_ vs RHE B_05_CVA_C02.txt,345,345,0,1.0000033,1.5902528,-0.01684986611666239,0.6493771845620131,0.061140106926679254,3.137600772009921,,3.137600772009921
1614,0,807,B[N93]_NiC_acet_1M KOH_ vs RHE B_05_CVA_C02.txt,310,0,310,1.009599,1.5999812,-0.241942028235794,0.3453644183666809,-0.010950984236775853,,-0.7762742562072623,-0.7762742562072623
1615,0,807,B[N93]_NiC_acet_1M KOH_ vs RHE B_05_CVA_C02.txt,351,351,0,0.99999946,1.5910851,-0.009292573668062689,0.6452394827753505,0.057787115130948544,3.153248653186606,,3.153248653186606
1616,0,808,B[N93]_NiC_acet_1M KOH_ vs RHE B_05_CVA_C02.txt,310,0,310,1.0092988,1.5999992,-0.2423385909455384,0.3630217015743256,-0.011121140040498577,,-0.7898195547930459,-0.7898195547930459
1617,0,808,B[N93]_NiC_acet_1M KOH_ vs RHE B_05_CVA_C02.txt,351,351,0,0.99999946,1.5906698,-0.02842778712511063,0.6451462666351979,0.0574580891633031,3.1315325217637944,,3.1315325217637944
1618,0,809,B[N93]_NiC_acet_1M KOH_ vs RHE B_05_CVA_C02.txt,307,0,307,1.0089009,1.5999019,-0.2412305476811439,0.3553578373120745,-0.012370652865104017,,-0.8059585590502547,-0.8059585590502547
1619,0,809,B[N93]_NiC_acet_1M KOH_ vs RHE B_05_CVA_C02.txt,351,351,0,1.0000014,1.590654,-0.01567797346101345,0.6462138186826598,0.058055094821099856,3.128241842630491,,3.128241842630491
1620,0,810,B[N93]_NiC_acet_1M KOH_ vs RHE B_05_CVA_C02.txt,311,0,311,1.0097988,1.6000172,-0.242480927311,0.3629007935523987,-0.01140775845196384,,-0.8131099382743388,-0.8131099382743388
1621,0,810,B[N93]_NiC_acet_1M KOH_ vs RHE B_05_CVA_C02.txt,351,351,0,0.99999946,1.5915222,-0.007450120977804606,0.6390470096332468,0.0560662726562004,3.145591150994051,,3.145591150994051
1622,0,811,B[N93]_NiC_acet_1M KOH_ vs RHE B_05_CVA_C02.txt,309,0,309,1.0082068,1.6000292,-0.2417690964759509,0.3651854991912842,-0.011369093146162171,,-0.8254799708126264,-0.8254799708126264
1623,0,811,B[N93]_NiC_acet_1M KOH_ vs RHE B_05_CVA_C02.txt,349,349,0,1.0000057,1.5910783,-0.01146580643087093,0.6483577413038839,0.056950380801626135,3.1208300324656135,,3.1208300324656135
1624,0,812,B[N93]_NiC_acet_1M KOH_ vs RHE B_05_CVA_C02.txt,307,0,307,1.0093111,1.6000352,-0.2428110773668557,0.3562578688497116,-0.011814391962131821,,-0.8338870852086678,-0.8338870852086678
1625,0,813,B[N93]_NiC_acet_1M KOH_ vs RHE B_05_CVA_C02.txt,362,362,0,0.99998218,1.5916241,-0.009823645733829487,0.6447460509858001,0.054205012180590886,3.1337888366442805,,3.1337888366442805
1626,0,813,B[N93]_NiC_acet_1M KOH_ vs RHE B_05_CVA_C02.txt,307,0,307,1.009527,1.5999223,-0.2434813021133628,0.3485037875481138,-0.012934577757830898,,-0.8463592936236541,-0.8463592936236541
1627,0,813,B[N93]_NiC_acet_1M KOH_ vs RHE B_05_CVA_C02.txt,351,351,0,1.0000273,1.589873,-0.02529361844062805,0.6436348382740835,0.055613967524531044,3.0855667232213713,,3.0855667232213713
1628,0,814,B[N93]_NiC_acet_1M KOH_ vs RHE B_05_CVA_C02.txt,309,0,309,1.0081989,1.5999532,-0.2430410371886707,0.3439356684684753,-0.012082328249444267,,-0.8518064655720955,-0.8518064655720955
1629,0,814,B[N93]_NiC_acet_1M KOH_ vs RHE B_05_CVA_C02.txt,353,353,0,0.99999946,1.5902008,-0.00887642586593565,0.6437177110186827,0.056169736309874936,3.0846800157719922,,3.0846800157719922
1630,0,815,B[N93]_NiC_acet_1M KOH_ vs RHE B_05_CVA_C02.txt,310,0,310,1.0090008,1.6000233,-0.2432446504249155,0.3368236066206638,-0.01232025839998537,,-0.8596523779536296,-0.8596523779536296
1631,0,815,B[N93]_NiC_acet_1M KOH_ vs RHE B_05_CVA_C02.txt,364,364,0,1.0000013,1.5906442,-0.008789807558059692,0.6387484678003756,0.05499691237596721,3.09770115907469,,3.09770115907469
1632,0,816,B[N93]_NiC_acet_1M KOH_ vs RHE B_05_CVA_C02.txt,300,0,300,1.0093848,1.5999869,-0.2424044165462322,0.3364060010228842,-0.013537107272996668,,-0.8671581698762688,-0.8671581698762688
1633,0,816,B[N93]_NiC_acet_1M KOH_ vs RHE B_05_CVA_C02.txt,353,353,0,0.99998546,1.5900836,-0.01550396320248104,0.6397329455534919,0.055295450566601415,3.0792941536495464,,3.0792941536495464
1634,0,817,B[N93]_NiC_acet_1M KOH_ vs RHE B_05_CVA_C02.txt,312,0,312,1.0087669,1.5999591,-0.2430377552952558,0.3499964447248549,-0.013571735199403757,,-0.8716772906159861,-0.8716772906159861
1635,0,817,B[N93]_NiC_acet_1M KOH_ vs RHE B_05_CVA_C02.txt,349,349,0,1.0000376,1.5902959,-0.01049867421902134,0.6379190753640724,0.05619017173756967,3.0824086442249303,,3.0824086442249303
1636,0,818,B[N93]_NiC_acet_1M KOH_ vs RHE B_05_CVA_C02.txt,312,0,312,1.009009,1.5999094,-0.2431889767017302,0.3470881647533841,-0.013738463042822438,,-0.8796037326990811,-0.8796037326990811
1637,0,818,B[N93]_NiC_acet_1M KOH_ vs RHE B_05_CVA_C02.txt,350,350,0,1.0000094,1.5910332,-0.01588661020682396,0.6409925220622191,0.05659685567693596,3.093617671365891,,3.093617671365891
1638,0,819,B[N93]_NiC_acet_1M KOH_ vs RHE B_05_CVA_C02.txt,309,0,309,1.0087789,1.5999631,-0.2445163044348622,0.3325204268882149,-0.013866884168985894,,-0.8843911266473334,-0.8843911266473334
1639,0,819,B[N93]_NiC_acet_1M KOH_ vs RHE B_05_CVA_C02.txt,340,340,0,0.99997962,1.5907642,-0.007415154948830605,0.6406707565391621,0.056526077919140265,3.090432671773888,,3.090432671773888
1640,0,820,B[N93]_NiC_acet_1M KOH_ vs RHE B_05_CVA_C02.txt,307,0,307,1.0089109,1.5999112,-0.2438906410749737,0.3472317220135168,-0.013959909739595202,,-0.8894436115121946,-0.8894436115121946
1641,0,820,B[N93]_NiC_acet_1M KOH_ vs RHE B_05_CVA_C02.txt,347,347,0,1.0000113,1.5899682,-0.01637129478520997,0.6388722909128006,0.059096555334086795,3.0672454975506205,,3.0672454975506205
1642,0,821,B[N93]_NiC_acet_1M KOH_ vs RHE B_05_CVA_C02.txt,310,0,310,1.0095532,1.599946,-0.2438675775919237,0.3327729690957952,-0.014065706959085489,,-0.8949501224640657,-0.8949501224640657
1643,0,821,B[N93]_NiC_acet_1M KOH_ vs RHE B_05_CVA_C02.txt,363,363,0,0.99995345,1.5911574,-0.02378369122743607,0.6351180521682771,0.05426875018763212,3.095717468082164,,3.095717468082164
1644,0,822,B[N93]_NiC_acet_1M KOH_ vs RHE B_05_CVA_C02.txt,309,0,309,1.009107,1.6000012,-0.2428236177750371,0.3335116259429767,-0.01300626061254666,,-0.8932522986885099,-0.8932522986885099
1645,0,822,B[N93]_NiC_acet_1M KOH_ vs RHE B_05_CVA_C02.txt,366,366,0,1.0000074,1.5912435,-0.0095025897026062,0.6367388549698294,0.0541213543183459,3.0921348538175155,,3.0921348538175155
1646,0,823,B[N93]_NiC_acet_1M KOH_ vs RHE B_05_CVA_C02.txt,306,0,306,1.0096989,1.5999713,-0.2438998276461719,0.3316652146370513,-0.013075991598345636,,-0.9007545366566889,-0.9007545366566889
1647,0,823,B[N93]_NiC_acet_1M KOH_ vs RHE B_05_CVA_C02.txt,359,359,0,0.99997157,1.5915761,-0.01140643232080973,0.6360356204580646,0.055676256619253746,3.1008817216982574,,3.1008817216982574
1648,0,824,B[N93]_NiC_acet_1M KOH_ vs RHE B_05_CVA_C02.txt,311,0,311,1.0083028,1.6000413,-0.2457890172539967,0.3672983944416046,-0.012990917888775355,,-0.9083915389129346,-0.9083915389129346
1649,0,824,B[N93]_NiC_acet_1M KOH_ vs RHE B_05_CVA_C02.txt,368,368,0,1.0000035,1.5910699,-0.01632894814500346,0.6324854096543291,0.054086896946803506,3.0805309727768226,,3.0805309727768226
1650,0,825,B[N93]_NiC_acet_1M KOH_ vs RHE B_05_CVA_C02.txt,306,0,306,1.0082008,1.6000291,-0.2443981942094346,0.3510316610336304,-0.013127342907639958,,-0.9111971399903358,-0.9111971399903358
1651,0,825,B[N93]_NiC_acet_1M KOH_ vs RHE B_05_CVA_C02.txt,363,363,0,1.0000014,1.590528,-0.01661837676985434,0.6361099396672225,0.055468442130610786,3.0667170346297423,,3.0667170346297423
1652,0,826,B[N93]_NiC_acet_1M KOH_ vs RHE B_05_CVA_C02.txt,311,0,311,1.0085248,1.5999266,-0.2451083457592405,0.3287678852274603,-0.014455186090694284,,-0.9191633908187195,-0.9191633908187195
1653,0,826,B[N93]_NiC_acet_1M KOH_ vs RHE B_05_CVA_C02.txt,356,356,0,0.99995136,1.5901583,-0.009167436099572213,0.6386797252844456,0.05505043004906529,3.064627493725027,,3.064627493725027
1654,0,827,B[N93]_NiC_acet_1M KOH_ vs RHE B_05_CVA_C02.txt,306,0,306,1.0082029,1.5999871,-0.2452169153022874,0.3336210833943408,-0.013330824334510303,,-0.910682490621996,-0.910682490621996
1655,0,827,B[N93]_NiC_acet_1M KOH_ vs RHE B_05_CVA_C02.txt,383,383,0,1.0000033,1.5915614,-0.01985066942870617,0.6340560242190856,0.05415168874092086,3.103146359928546,,3.103146359928546
1656,0,828,B[N93]_NiC_acet_1M KOH_ vs RHE B_05_CVA_C02.txt,312,0,312,1.0084349,1.5999362,-0.245442414203648,0.3264209991320968,-0.014430678802316898,,-0.91712696748161,-0.91712696748161
1657,0,828,B[N93]_NiC_acet_1M KOH_ vs RHE B_05_CVA_C02.txt,356,356,0,0.99995136,1.5907919,-0.007527243488294422,0.633309073398487,0.055297764080760946,3.076268927093069,,3.076268927093069
1658,0,829,B[N93]_NiC_acet_1M KOH_ vs RHE B_05_CVA_C02.txt,311,0,311,1.0092009,1.599997,-0.2435329178815309,0.3280826359987259,-0.014481398624079163,,-0.9211351017235936,-0.9211351017235936
1659,0,829,B[N93]_NiC_acet_1M KOH_ vs RHE B_05_CVA_C02.txt,366,366,0,1.0000013,1.5902126,-0.009368187953528784,0.6355383717018466,0.056655875638210014,3.061671462216054,,3.061671462216054
1660,0,830,B[N93]_NiC_acet_1M KOH_ vs RHE B_05_CVA_C02.txt,309,0,309,1.0081948,1.5999681,-0.2453868468809426,0.3312575351446867,-0.013947196671521287,,-0.8979029364923568,-0.8979029364923568
1661,0,830,B[N93]_NiC_acet_1M KOH_ vs RHE B_05_CVA_C02.txt,353,353,0,1.0000306,1.5902827,-0.01535137414466592,0.6371295543074771,0.05791504370240647,3.0919388926705973,,3.0919388926705973
1662,0,831,B[N93]_NiC_acet_1M KOH_ vs RHE B_05_CVA_C02.txt,311,0,311,1.0098009,1.5999966,-0.2464405953793456,0.3334507793188095,-0.013898935294607756,,-0.8858906057723028,-0.8858906057723028
1663,0,832,B[N93]_NiC_acet_1M KOH_ vs RHE B_05_CVA_C02.txt,365,365,0,1.0001513,1.5914954,-0.009063585870193958,0.640285948804399,0.055345033901300675,3.1336080681058327,,3.1336080681058327
1664,0,832,B[N93]_NiC_acet_1M KOH_ vs RHE B_05_CVA_C02.txt,313,0,313,1.0083988,1.6000072,-0.2452264371386033,0.332343691717023,-0.012786680736883844,,-0.8809914498796516,-0.8809914498796516
1665,0,832,B[N93]_NiC_acet_1M KOH_ vs RHE B_05_CVA_C02.txt,354,354,0,0.99995136,1.5900587,-0.007593525238888774,0.6363510675832149,0.05885818005624566,3.0953121723640704,,3.0953121723640704
1666,0,833,B[N93]_NiC_acet_1M KOH_ vs RHE B_05_CVA_C02.txt,310,0,310,1.0086989,1.5999871,-0.2461398365302623,0.3436366021633148,-0.012413269359022884,,-0.8677479597855314,-0.8677479597855314
1667,0,833,B[N93]_NiC_acet_1M KOH_ vs RHE B_05_CVA_C02.txt,345,345,0,0.99999952,1.5903237,-0.01505134099143307,0.6434271312779016,0.05927554751488705,3.1418573377552277,,3.1418573377552277
1668,0,834,B[N93]_NiC_acet_1M KOH_ vs RHE B_05_CVA_C02.txt,302,0,302,1.0085512,1.5999504,-0.2454308047855811,0.3403208255767822,-0.013421163561239197,,-0.8521634046216537,-0.8521634046216537
1669,0,835,B[N93]_NiC_acet_1M KOH_ vs RHE B_05_CVA_C02.txt,347,347,0,1.0003111,1.5900307,-0.01883579983149429,0.6400717698279053,0.056866098430626115,3.122695840464775,,3.122695840464775
1670,0,835,B[N93]_NiC_acet_1M KOH_ vs RHE B_05_CVA_C02.txt,312,0,312,1.0097049,1.5999771,-0.2460897393169426,0.33922290218913,-0.012351247078309471,,-0.8572430662393213,-0.8572430662393213
1671,0,835,B[N93]_NiC_acet_1M KOH_ vs RHE B_05_CVA_C02.txt,344,344,0,1.0000055,1.5902183,-0.01577867430371599,0.6413092722368354,0.05772076392566348,3.1220497731522188,,3.1220497731522188
1672,0,836,B[N93]_NiC_acet_1M KOH_ vs RHE B_05_CVA_C02.txt,312,0,312,1.0091029,1.6000051,-0.2443036469878577,0.3313941916693808,-0.01249252161325257,,-0.8642421834765206,-0.8642421834765206
1673,0,836,B[N93]_NiC_acet_1M KOH_ vs RHE B_05_CVA_C02.txt,347,347,0,1.0000033,1.5905391,-0.007528682603044658,0.6408238578338459,0.056798270302461706,3.1272313044758184,,3.1272313044758184
1674,0,837,B[N93]_NiC_acet_1M KOH_ vs RHE B_05_CVA_C02.txt,312,0,312,1.0090989,1.6000452,-0.2451241155029509,0.3580449521541595,-0.012425246663445756,,-0.8699549217104399,-0.8699549217104399
1675,0,837,B[N93]_NiC_acet_1M KOH_ vs RHE B_05_CVA_C02.txt,342,342,0,0.9999789,1.5902565,-0.009609482160308123,0.6368700888970762,0.058165355250009564,3.1144457573921676,,3.1144457573921676
1676,0,838,B[N93]_NiC_acet_1M KOH_ vs RHE B_05_CVA_C02.txt,305,0,305,1.0098048,1.6000152,-0.2452740039294048,0.334470955573994,-0.012750996078079842,,-0.8788296036300709,-0.8788296036300709
1677,0,838,B[N93]_NiC_acet_1M KOH_ vs RHE B_05_CVA_C02.txt,352,352,0,1.0000054,1.5904473,-0.007660900920862634,0.642100464411409,0.05678922376642895,3.116831060664102,,3.116831060664102
1678,0,839,B[N93]_NiC_acet_1M KOH_ vs RHE B_05_CVA_C02.txt,306,0,306,1.0090688,1.5999688,-0.2460418221951,0.3358957935124636,-0.013918044621942951,,-0.8872539053879015,-0.8872539053879015
1679,0,839,B[N93]_NiC_acet_1M KOH_ vs RHE B_05_CVA_C02.txt,351,351,0,0.99996293,1.5909799,-0.008004026778240192,0.639401374205236,0.05624649767563619,3.120160652217217,,3.120160652217217
1680,0,840,B[N93]_NiC_acet_1M KOH_ vs RHE B_05_CVA_C02.txt,310,0,310,1.0098718,1.5999498,-0.2454234658780083,0.3291678285598749,-0.014015841281533208,,-0.8910926627213009,-0.8910926627213009
1681,0,840,B[N93]_NiC_acet_1M KOH_ vs RHE B_05_CVA_C02.txt,364,364,0,1.0000145,1.590858,-0.01900261448463425,0.6397855581448244,0.05638923771291837,3.121387201334812,,3.121387201334812
1682,0,841,B[N93]_NiC_acet_1M KOH_ vs RHE B_05_CVA_C02.txt,313,0,313,1.0086989,1.5999691,-0.2448977737643872,0.3410845100879669,-0.012987922552816833,,-0.8961495675060904,-0.8961495675060904
1683,0,841,B[N93]_NiC_acet_1M KOH_ vs RHE B_05_CVA_C02.txt,357,357,0,0.99999952,1.5916122,-0.01649920438277595,0.6373104024101384,0.057288392225372596,3.1430426154546005,,3.1430426154546005
1684,0,842,B[N93]_NiC_acet_1M KOH_ vs RHE B_05_CVA_C02.txt,305,0,305,1.0091349,1.5999341,-0.2458247591756395,0.3457467465689685,-0.01312666216185292,,-0.8546771494097908,-0.8546771494097908
1685,0,842,B[N93]_NiC_acet_1M KOH_ vs RHE B_05_CVA_C02.txt,353,353,0,1.0000407,1.5906187,-0.007992750332584647,0.6481393001329758,0.06016576299312516,3.1779319843516443,,3.1779319843516443
1686,0,843,B[N93]_NiC_acet_1M KOH_ vs RHE B_05_CVA_C02.txt,312,0,312,1.0085069,1.5999892,-0.2448107133000428,0.3491288125514984,-0.011959312785808423,,-0.8405213608100189,-0.8405213608100189
1687,0,843,B[N93]_NiC_acet_1M KOH_ vs RHE B_05_CVA_C02.txt,357,357,0,0.99995136,1.5900501,-0.007555115701840864,0.6425467851144155,0.05528695496433845,3.152477018310543,,3.152477018310543
1688,0,844,B[N93]_NiC_acet_1M KOH_ vs RHE B_05_CVA_C02.txt,312,0,312,1.0087229,1.5999123,-0.2449732396734752,0.3304642513394356,-0.01328728799013129,,-0.8512115660103486,-0.8512115660103486
1689,0,844,B[N93]_NiC_acet_1M KOH_ vs RHE B_05_CVA_C02.txt,354,354,0,1.0000234,1.5911095,-0.007704525902660117,0.6405596151600879,0.0562959234557904,3.1685151922434356,,3.1685151922434356
1690,0,845,B[N93]_NiC_acet_1M KOH_ vs RHE B_05_CVA_C02.txt,309,0,309,1.0081288,1.5999197,-0.2455450434516965,0.3349728949367998,-0.013495615106161256,,-0.8631637229262511,-0.8631637229262511
1691,0,845,B[N93]_NiC_acet_1M KOH_ vs RHE B_05_CVA_C02.txt,359,359,0,1.0000293,1.591383,-0.01657277883192444,0.6421721745759204,0.05575416490581812,3.170300702077447,,3.170300702077447
1692,0,846,B[N93]_NiC_acet_1M KOH_ vs RHE B_05_CVA_C02.txt,310,0,310,1.0080988,1.5999732,-0.2458172730915824,0.3502043485641479,-0.0124061599119737,,-0.8647878734619656,-0.8647878734619656
1693,0,846,B[N93]_NiC_acet_1M KOH_ vs RHE B_05_CVA_C02.txt,354,354,0,0.99999952,1.5916634,-0.01103966661091123,0.6408875441342898,0.057214469608989904,3.1719354630877397,,3.1719354630877397
1694,0,847,B[N93]_NiC_acet_1M KOH_ vs RHE B_05_CVA_C02.txt,308,0,308,1.0082989,1.6000292,-0.245883102025295,0.3386820813883902,-0.012664305082355479,,-0.8753271498825549,-0.8753271498825549
1695,0,847,B[N93]_NiC_acet_1M KOH_ vs RHE B_05_CVA_C02.txt,352,352,0,0.99999946,1.5910867,-0.00868348777294159,0.6389689047425922,0.056771115855192573,3.147075193237631,,3.147075193237631
1696,0,848,B[N93]_NiC_acet_1M KOH_ vs RHE B_05_CVA_C02.txt,310,0,310,1.0092988,1.6000493,-0.2471666244382256,0.3415753739945409,-0.012764867968023398,,-0.8836761498425248,-0.8836761498425248
1697,0,848,B[N93]_NiC_acet_1M KOH_ vs RHE B_05_CVA_C02.txt,355,355,0,0.99999934,1.589887,-0.00766781670817867,0.6390846809801474,0.05668487747176373,3.116851811885455,,3.116851811885455
1698,0,849,B[N93]_NiC_acet_1M KOH_ vs RHE B_05_CVA_C02.txt,310,0,310,1.008407,1.5999972,-0.2457441044140225,0.3464749455451965,-0.012852838337063424,,-0.8888904378129279,-0.8888904378129279
1699,0,849,B[N93]_NiC_acet_1M KOH_ vs RHE B_05_CVA_C02.txt,345,345,0,1.0000075,1.5910542,-0.01570111845174563,0.6376320275006861,0.05790213099166897,3.1382582975161246,,3.1382582975161246
1700,0,850,B[N93]_NiC_acet_1M KOH_ vs RHE B_05_CVA_C02.txt,308,0,308,1.008233,1.5999346,-0.2454095694747958,0.3457230284358515,-0.014158320418654974,,-0.9021696753649614,-0.9021696753649614
1701,0,850,B[N93]_NiC_acet_1M KOH_ vs RHE B_05_CVA_C02.txt,352,352,0,1.0000335,1.5904832,-0.01671192823770515,0.6405923771098667,0.05627158682624376,3.120780424989829,,3.120780424989829
1702,0,851,B[N93]_NiC_acet_1M KOH_ vs RHE B_05_CVA_C02.txt,308,0,308,1.0082988,1.5999693,-0.2472508598258081,0.3508980274200439,-0.012964497045372196,,-0.9032989879683206,-0.9032989879683206
1703,0,851,B[N93]_NiC_acet_1M KOH_ vs RHE B_05_CVA_C02.txt,367,367,0,0.99999946,1.5908614,-0.01042505548303565,0.6366476897712463,0.054960954977386664,3.1310755256978613,,3.1310755256978613
1704,0,852,B[N93]_NiC_acet_1M KOH_ vs RHE B_05_CVA_C02.txt,303,0,303,1.008201,1.5999972,-0.2454444848416011,0.3316492943660068,-0.013261044946101808,,-0.9099529414945943,-0.9099529414945943
1705,0,852,B[N93]_NiC_acet_1M KOH_ vs RHE B_05_CVA_C02.txt,369,369,0,0.99998111,1.5903009,-0.008857062094056848,0.6374680967416417,0.05629082768602109,3.1072223187360875,,3.1072223187360875
1706,0,853,B[N93]_NiC_acet_1M KOH_ vs RHE B_05_CVA_C02.txt,307,0,307,1.0097511,1.5999912,-0.2469223084963366,0.3491986659557922,-0.012501019843634924,,-0.8694905587101251,-0.8694905587101251
1707,0,853,B[N93]_NiC_acet_1M KOH_ vs RHE B_05_CVA_C02.txt,360,360,0,1.0000014,1.590966,-0.01560245173902291,0.6505840812253663,0.05614603780510834,3.204968756976905,,3.204968756976905
1708,0,854,B[N93]_NiC_acet_1M KOH_ vs RHE B_05_CVA_C02.txt,312,0,312,1.0084189,1.5999122,-0.2475777284913366,0.3467075289650396,-0.01278848918922454,,-0.823542676572083,-0.823542676572083
1709,0,854,B[N93]_NiC_acet_1M KOH_ vs RHE B_05_CVA_C02.txt,357,357,0,1.0000194,1.5904148,-0.01568478746744603,0.6487614880458743,0.058234677602465604,3.1905553372049913,,3.1905553372049913
1710,0,855,B[N93]_NiC_acet_1M KOH_ vs RHE B_05_CVA_C02.txt,307,0,307,1.0092989,1.5999652,-0.2488468000802913,0.3407841843107464,-0.01193659040953824,,-0.8290060876878489,-0.8290060876878489
1711,0,855,B[N93]_NiC_acet_1M KOH_ vs RHE B_05_CVA_C02.txt,343,343,0,0.99999946,1.5902388,-0.007948218447135807,0.6483725866564756,0.06179475723840667,3.1756426507792415,,3.1756426507792415
1712,0,856,B[N93]_NiC_acet_1M KOH_ vs RHE B_05_CVA_C02.txt,309,0,309,1.0096489,1.5999503,-0.2462706296615551,0.3408055210113528,-0.013147568292891937,,-0.8427329344671445,-0.8427329344671445
1713,0,857,B[N93]_NiC_acet_1M KOH_ vs RHE B_05_CVA_C02.txt,362,362,0,0.99998134,1.5901089,-0.01964473857411314,0.6437021629067674,0.05651067391632235,3.1657991025241583,,3.1657991025241583
1714,0,857,B[N93]_NiC_acet_1M KOH_ vs RHE B_05_CVA_C02.txt,308,0,308,1.0094371,1.5999353,-0.2477022047531436,0.3355738064274192,-0.013380021483147774,,-0.8534731664789659,-0.8534731664789659
1715,0,857,B[N93]_NiC_acet_1M KOH_ vs RHE B_05_CVA_C02.txt,349,349,0,1.0000373,1.5906479,-0.01753802735196508,0.6420697569209198,0.05754997899626289,3.174213903802057,,3.174213903802057
1716,0,858,B[N93]_NiC_acet_1M KOH_ vs RHE B_05_CVA_C02.txt,313,0,313,1.0081068,1.5999571,-0.2471768054909358,0.3515763431787491,-0.012263357567220218,,-0.8577668507244608,-0.8577668507244608
1717,0,858,B[N93]_NiC_acet_1M KOH_ vs RHE B_05_CVA_C02.txt,359,359,0,1.0000075,1.5903451,-0.01615960706713731,0.6460796608885954,0.05514180514961456,3.1564600553655398,,3.1564600553655398
1718,0,859,B[N93]_NiC_acet_1M KOH_ vs RHE B_05_CVA_C02.txt,313,0,313,1.0087008,1.5999532,-0.2484017394408227,0.3416891396045685,-0.012514395061278067,,-0.8698447963159152,-0.8698447963159152
1719,0,859,B[N93]_NiC_acet_1M KOH_ vs RHE B_05_CVA_C02.txt,355,355,0,1.0000014,1.5910892,-0.0153074865130351,0.6445610335584817,0.05558711816371522,3.1715962740999566,,3.1715962740999566
1720,0,860,B[N93]_NiC_acet_1M KOH_ vs RHE B_05_CVA_C02.txt,313,0,313,1.0080988,1.5999972,-0.2482880267578436,0.3487087786197662,-0.012593255631752337,,-0.8774376488266377,-0.8774376488266377
1721,0,860,B[N93]_NiC_acet_1M KOH_ vs RHE B_05_CVA_C02.txt,348,348,0,0.99999952,1.5910137,-0.01577609961690462,0.643489797213503,0.05787783781321325,3.159897428110972,,3.159897428110972
1722,0,861,B[N93]_NiC_acet_1M KOH_ vs RHE B_05_CVA_C02.txt,313,0,313,1.0090029,1.5999871,-0.246621812086103,0.3531763851642609,-0.01281421261765389,,-0.8906126430388323,-0.8906126430388323
1723,0,861,B[N93]_NiC_acet_1M KOH_ vs RHE B_05_CVA_C02.txt,355,355,0,0.99997669,1.5912579,-0.01012649121237591,0.6399080133063877,0.05716329569874964,3.1629458575863487,,3.1629458575863487
1724,0,862,B[N93]_NiC_acet_1M KOH_ vs RHE B_05_CVA_C02.txt,313,0,313,1.0084049,1.6000192,-0.2490827782309664,0.3383934705153751,-0.012919924989513535,,-0.8919740654441237,-0.8919740654441237
1725,0,862,B[N93]_NiC_acet_1M KOH_ vs RHE B_05_CVA_C02.txt,361,361,0,1.0000054,1.5908122,-0.008442936465144157,0.6437894019596779,0.05463909010548515,3.155705590360447,,3.155705590360447
1726,0,863,B[N93]_NiC_acet_1M KOH_ vs RHE B_05_CVA_C02.txt,312,0,312,1.0091089,1.6000253,-0.2478862811535674,0.3378721695879223,-0.012978476053247522,,-0.8941539810329338,-0.8941539810329338
1727,0,863,B[N93]_NiC_acet_1M KOH_ vs RHE B_05_CVA_C02.txt,370,370,0,1.0000093,1.591185,-0.02337366528809071,0.6413542808668513,0.05691231919603604,3.1587663154997774,,3.1587663154997774
1728,0,864,B[N93]_NiC_acet_1M KOH_ vs RHE B_05_CVA_C02.txt,313,0,313,1.008401,1.5999972,-0.2472520967284213,0.3444702625274658,-0.012987074053730539,,-0.898541198723601,-0.898541198723601
1729,0,864,B[N93]_NiC_acet_1M KOH_ vs RHE B_05_CVA_C02.txt,338,338,0,1.0000013,1.5900178,-0.01188892964273691,0.6428996548601322,0.05599769029105017,3.1327806530865536,,3.1327806530865536
1730,0,865,B[N93]_NiC_acet_1M KOH_ vs RHE B_05_CVA_C02.txt,307,0,307,1.0080489,1.5999358,-0.2475202444708131,0.3448777673766017,-0.014216642151232308,,-0.907889067708305,-0.907889067708305
1731,0,865,B[N93]_NiC_acet_1M KOH_ vs RHE B_05_CVA_C02.txt,354,354,0,0.99994946,1.590099,-0.01526848878711462,0.6403800998458671,0.05712548752322706,3.1261391509426426,,3.1261391509426426
1732,0,866,B[N93]_NiC_acet_1M KOH_ vs RHE B_05_CVA_C02.txt,311,0,311,1.0084349,1.5999871,-0.2479266596406156,0.3353286385536194,-0.014342515969033204,,-0.9157247324100777,-0.9157247324100777
1733,0,866,B[N93]_NiC_acet_1M KOH_ vs RHE B_05_CVA_C02.txt,355,355,0,0.99998546,1.5916831,-0.01570844527779391,0.6364402609929041,0.05597439608049273,3.1587600042077857,,3.1587600042077857
1734,0,867,B[N93]_NiC_acet_1M KOH_ vs RHE B_05_CVA_C02.txt,312,0,312,1.008477,1.5999519,-0.2474049472644883,0.3402868993580341,-0.014542194418138584,,-0.9278000973953123,-0.9278000973953123
1735,0,867,B[N93]_NiC_acet_1M KOH_ vs RHE B_05_CVA_C02.txt,346,346,0,0.99997741,1.5899514,-0.02781240828335285,0.6397785121328177,0.058536805331591286,3.113511688583593,,3.113511688583593
1736,0,868,B[N93]_NiC_acet_1M KOH_ vs RHE B_05_CVA_C02.txt,310,0,310,1.0081048,1.5999812,-0.247698612368966,0.3493388295173645,-0.013484645461217375,,-0.9331903767917199,-0.9331903767917199
1737,0,868,B[N93]_NiC_acet_1M KOH_ vs RHE B_05_CVA_C02.txt,347,347,0,1.0000055,1.5901401,-0.01546156254556519,0.6368286031976104,0.05779058900444411,3.109291668687797,,3.109291668687797
1738,0,869,B[N93]_NiC_acet_1M KOH_ vs RHE B_05_CVA_C02.txt,313,0,313,1.0089989,1.6000111,-0.2491571596541806,0.3507962226867676,-0.013602202086855534,,-0.9357359736670396,-0.9357359736670396
1739,0,869,B[N93]_NiC_acet_1M KOH_ vs RHE B_05_CVA_C02.txt,352,352,0,1.0000361,1.5905683,-0.01532787873225591,0.6409705178283787,0.05806128019377932,3.1178987104717413,,3.1178987104717413
1740,0,870,B[N93]_NiC_acet_1M KOH_ vs RHE B_05_CVA_C02.txt,307,0,307,1.0089792,1.5999564,-0.247583097968521,0.3390399163419549,-0.01500116534482423,,-0.9477334327898529,-0.9477334327898529
1741,0,870,B[N93]_NiC_acet_1M KOH_ vs RHE B_05_CVA_C02.txt,370,370,0,0.99997944,1.5913211,-0.02404822781682014,0.6351786701384334,0.05296299272060823,3.1330367507368497,,3.1330367507368497
1742,0,871,B[N93]_NiC_acet_1M KOH_ vs RHE B_05_CVA_C02.txt,312,0,312,1.009411,1.6000291,-0.2491264540965918,0.3516680896282196,-0.01360485770221932,,-0.9360803638398575,-0.9360803638398575
1743,0,871,B[N93]_NiC_acet_1M KOH_ vs RHE B_05_CVA_C02.txt,348,348,0,1.0000114,1.5902965,-0.01646107232765011,0.6366871669539238,0.05424912870440779,3.1108964517109827,,3.1108964517109827
1744,0,872,B[N93]_NiC_acet_1M KOH_ vs RHE B_05_CVA_C02.txt,311,0,311,1.0098048,1.5999932,-0.2474372432105936,0.3285152335116202,-0.013856504352032636,,-0.9454994523255259,-0.9454994523255259
1745,0,872,B[N93]_NiC_acet_1M KOH_ vs RHE B_05_CVA_C02.txt,347,347,0,1.0000054,1.5906972,-0.01128328715457369,0.636926243434198,0.05537870497469934,3.119573762420725,,3.119573762420725
1746,0,873,B[N93]_NiC_acet_1M KOH_ vs RHE B_05_CVA_C02.txt,313,0,313,1.0090108,1.5999732,-0.2493806115243018,0.3352168500423431,-0.013908608151414927,,-0.9499947652276971,-0.9499947652276971
1747,0,873,B[N93]_NiC_acet_1M KOH_ vs RHE B_05_CVA_C02.txt,352,352,0,1.0000113,1.5911664,-0.01115619972118302,0.6373926929626315,0.05858142651104761,3.130658627621403,,3.130658627621403
1748,0,874,B[N93]_NiC_acet_1M KOH_ vs RHE B_05_CVA_C02.txt,313,0,313,1.0090048,1.6000072,-0.248690576258815,0.3481423556804657,-0.013903645902041323,,-0.9539599872036635,-0.9539599872036635
1749,0,874,B[N93]_NiC_acet_1M KOH_ vs RHE B_05_CVA_C02.txt,351,351,0,1.0000054,1.5904918,-0.0240253172814846,0.6321910432049336,0.05567775942418116,3.1109597125251134,,3.1109597125251134
1750,0,875,B[N93]_NiC_acet_1M KOH_ vs RHE B_05_CVA_C02.txt,313,0,313,1.008401,1.6000111,-0.249446094025092,0.3276076653729314,-0.014093975346897977,,-0.9601629961439279,-0.9601629961439279
1751,0,875,B[N93]_NiC_acet_1M KOH_ vs RHE B_05_CVA_C02.txt,364,364,0,1.0000014,1.5902849,-0.01511091738939285,0.6367134257708926,0.05510220547067274,3.096206951201326,,3.096206951201326
1752,0,876,B[N93]_NiC_acet_1M KOH_ vs RHE B_05_CVA_C02.txt,312,0,312,1.008499,1.6000072,-0.2484032096142375,0.3497906625270844,-0.014130526527396155,,-0.9668833944170718,-0.9668833944170718
1753,0,876,B[N93]_NiC_acet_1M KOH_ vs RHE B_05_CVA_C02.txt,353,353,0,0.99999946,1.5907148,-0.02813250757753849,0.631956650551464,0.05770511668311632,3.110143845348418,,3.110143845348418
1754,0,877,B[N93]_NiC_acet_1M KOH_ vs RHE B_05_CVA_C02.txt,312,0,312,1.0082089,1.599982,-0.2483577083545252,0.325138145022922,-0.015067920632671412,,-0.956406944360723,-0.956406944360723
1755,0,877,B[N93]_NiC_acet_1M KOH_ vs RHE B_05_CVA_C02.txt,348,348,0,1.0000093,1.5906242,-0.00933834186231458,0.637477637126935,0.056809566870589696,3.1289460911484235,,3.1289460911484235
1756,0,878,B[N93]_NiC_acet_1M KOH_ vs RHE B_05_CVA_C02.txt,310,0,310,1.0098928,1.5999827,-0.2482665846325363,0.325329065322876,-0.014922104394498892,,-0.9453736805206788,-0.9453736805206788
1757,0,878,B[N93]_NiC_acet_1M KOH_ vs RHE B_05_CVA_C02.txt,356,356,0,0.99999338,1.5911888,-0.02652246691286564,0.6376848269020341,0.056630141280105545,3.139732110230525,,3.139732110230525
1758,0,879,B[N93]_NiC_acet_1M KOH_ vs RHE B_05_CVA_C02.txt,313,0,313,1.0084189,1.5999372,-0.2499979561074777,0.3433844960013097,-0.013935857561395091,,-0.9529769293241052,-0.9529769293241052
1759,0,879,B[N93]_NiC_acet_1M KOH_ vs RHE B_05_CVA_C02.txt,339,339,0,1.0000193,1.5901,-0.008451846428215504,0.6358954367948413,0.05660322350015459,3.1158840330967417,,3.1158840330967417
1760,0,880,B[N93]_NiC_acet_1M KOH_ vs RHE B_05_CVA_C02.txt,313,0,313,1.0090008,1.6000072,-0.2493104348074754,0.3500579595565796,-0.014027793089356153,,-0.9606612716994741,-0.9606612716994741
1761,0,880,B[N93]_NiC_acet_1M KOH_ vs RHE B_05_CVA_C02.txt,348,348,0,1.0000013,1.5909632,-0.0090137692168355,0.638993915891209,0.0577592935422848,3.124674420126093,,3.124674420126093
1762,0,881,B[N93]_NiC_acet_1M KOH_ vs RHE B_05_CVA_C02.txt,313,0,313,1.009015,1.5999932,-0.2491224686996063,0.3312306436507597,-0.01419831508264972,,-0.9662251752273106,-0.9662251752273106
1763,0,881,B[N93]_NiC_acet_1M KOH_ vs RHE B_05_CVA_C02.txt,349,349,0,0.99995136,1.5904293,-0.008143725890806044,0.635669711498233,0.057414422264877384,3.1081423925899294,,3.1081423925899294
1764,0,882,B[N93]_NiC_acet_1M KOH_ vs RHE B_05_CVA_C02.txt,313,0,313,1.0086991,1.5999771,-0.2492794473517943,0.3492497503757477,-0.014246599599490758,,-0.9734571362890593,-0.9734571362890593
1765,0,882,B[N93]_NiC_acet_1M KOH_ vs RHE B_05_CVA_C02.txt,349,349,0,0.99999946,1.5903943,-0.00939439982175827,0.6344616042085818,0.05740727754794562,3.107465717600871,,3.107465717600871
1766,0,883,B[N93]_NiC_acet_1M KOH_ vs RHE B_05_CVA_C02.txt,312,0,312,1.009003,1.5999041,-0.2490647029609785,0.3233132275442276,-0.015524002242847505,,-0.9806963393494722,-0.9806963393494722
1767,0,883,B[N93]_NiC_acet_1M KOH_ vs RHE B_05_CVA_C02.txt,349,349,0,1.0000033,1.5898941,-0.01581839310086294,0.6334910504219788,0.056605431873417766,3.0890808083148538,,3.0890808083148538
1768,0,884,B[N93]_NiC_acet_1M KOH_ vs RHE B_05_CVA_C02.txt,311,0,311,1.0094048,1.5998996,-0.2492651761585793,0.3353368163108819,-0.015568062492002762,,-0.9859645293629036,-0.9859645293629036
1769,0,884,B[N93]_NiC_acet_1M KOH_ vs RHE B_05_CVA_C02.txt,350,350,0,1.0000055,1.5902392,-0.0159996730963821,0.6308790374306494,0.05611840160270544,3.09541677380652,,3.09541677380652
1770,0,885,B[N93]_NiC_acet_1M KOH_ vs RHE B_05_CVA_C02.txt,312,0,312,1.0084329,1.5999317,-0.2489962887497439,0.3253877890460624,-0.015683444652784127,,-0.9918681659068622,-0.9918681659068622
1771,0,885,B[N93]_NiC_acet_1M KOH_ vs RHE B_05_CVA_C02.txt,360,360,0,1.0000334,1.5907675,-0.01649882026907545,0.633621581320102,0.05428727600168503,3.1106788044693348,,3.1106788044693348
1772,0,886,B[N93]_NiC_acet_1M KOH_ vs RHE B_05_CVA_C02.txt,312,0,312,1.0085088,1.5999904,-0.2488726447954672,0.3251322150230407,-0.015555959521450897,,-0.9842209423216746,-0.9842209423216746
1773,0,886,B[N93]_NiC_acet_1M KOH_ vs RHE B_05_CVA_C02.txt,363,363,0,0.99995136,1.5899581,-0.01181302126613775,0.6322322263683873,0.055742064675407856,3.094819299714337,,3.094819299714337
1774,0,887,B[N93]_NiC_acet_1M KOH_ vs RHE B_05_CVA_C02.txt,313,0,313,1.0084028,1.6000333,-0.249948938962671,0.3264846866545468,-0.014505986202581611,,-0.9814293673400748,-0.9814293673400748
1775,0,887,B[N93]_NiC_acet_1M KOH_ vs RHE B_05_CVA_C02.txt,342,342,0,1.0000033,1.5908602,-0.01662770125245597,0.6356239508699844,0.057671182313801014,3.126375801932522,,3.126375801932522
1776,0,888,B[N93]_NiC_acet_1M KOH_ vs RHE B_05_CVA_C02.txt,311,0,311,1.0085428,1.5999417,-0.2476208506335867,0.3231436014175415,-0.014337932003385881,,-0.9141169936494128,-0.9141169936494128
1777,0,888,B[N93]_NiC_acet_1M KOH_ vs RHE B_05_CVA_C02.txt,350,350,0,1.0000439,1.5913254,-0.01420140958965782,0.6480983314088249,0.059785582489540565,3.240050862218261,,3.240050862218261
1778,0,889,B[N93]_NiC_acet_1M KOH_ vs RHE B_05_CVA_C02.txt,311,0,311,1.0098031,1.6000371,-0.2494088772495706,0.3500834405422211,-0.012634893569674262,,-0.8775578290261586,-0.8775578290261586
1779,0,889,B[N93]_NiC_acet_1M KOH_ vs RHE B_05_CVA_C02.txt,344,344,0,1.0000033,1.589936,-0.01614948734641075,0.6444114872630387,0.0570358749723727,3.1883594873416494,,3.1883594873416494
1780,0,890,B[N93]_NiC_acet_1M KOH_ vs RHE B_05_CVA_C02.txt,312,0,312,1.009101,1.5999672,-0.2500449504099294,0.3422812800044597,-0.012840310634417146,,-0.8896969956443536,-0.8896969956443536
1781,0,890,B[N93]_NiC_acet_1M KOH_ vs RHE B_05_CVA_C02.txt,355,355,0,1.0000014,1.5910482,-0.01548653055468335,0.6405292079286844,0.05623719472664776,3.206569756575309,,3.206569756575309
1782,0,891,B[N93]_NiC_acet_1M KOH_ vs RHE B_05_CVA_C02.txt,313,0,313,1.0084028,1.5999552,-0.2496434539557217,0.3337148725986481,-0.013073065783534728,,-0.9005125116733896,-0.9005125116733896
1783,0,891,B[N93]_NiC_acet_1M KOH_ vs RHE B_05_CVA_C02.txt,362,362,0,1.0000035,1.5904876,-0.009520529717912197,0.6426730781886505,0.055053404631759166,3.187131440407133,,3.187131440407133
1784,0,892,B[N93]_NiC_acet_1M KOH_ vs RHE B_05_CVA_C02.txt,311,0,311,1.0092089,1.5999713,-0.2500674797326981,0.327503502368927,-0.013173404575736855,,-0.904288783272073,-0.904288783272073
1785,0,892,B[N93]_NiC_acet_1M KOH_ vs RHE B_05_CVA_C02.txt,353,353,0,0.99995136,1.590173,-0.01056319966961278,0.6432597047169186,0.05900565995006311,3.1955922435265505,,3.1955922435265505
1786,0,893,B[N93]_NiC_acet_1M KOH_ vs RHE B_05_CVA_C02.txt,311,0,311,1.008599,1.6000371,-0.2506467357358204,0.3396717011928558,-0.012858952778164881,,-0.8902346225847647,-0.8902346225847647
1787,0,893,B[N93]_NiC_acet_1M KOH_ vs RHE B_05_CVA_C02.txt,345,345,0,0.99999952,1.5900549,-0.01565653801043621,0.6437243792887664,0.060888479939494235,3.189340712638961,,3.189340712638961
1788,0,894,B[N93]_NiC_acet_1M KOH_ vs RHE B_05_CVA_C02.txt,312,0,312,1.0092549,1.6000291,-0.2501508542633735,0.3484860360622406,-0.012996904868184963,,-0.9001958691664433,-0.9001958691664433
1789,0,894,B[N93]_NiC_acet_1M KOH_ vs RHE B_05_CVA_C02.txt,356,356,0,1.0000055,1.5899901,-0.01629790462270056,0.6470503264188094,0.05579970862663544,3.1880745324280584,,3.1880745324280584
1790,0,895,B[N93]_NiC_acet_1M KOH_ vs RHE B_05_CVA_C02.txt,303,0,303,1.0082029,1.5999972,-0.2493465455324877,0.342210978269577,-0.012921325645706484,,-0.8913482896332957,-0.8913482896332957
1791,0,895,B[N93]_NiC_acet_1M KOH_ vs RHE B_05_CVA_C02.txt,341,341,0,1.0000035,1.5911114,-0.008784405868175593,0.6456792298201068,0.05721368580155695,3.2134529499626137,,3.2134529499626137
1792,0,896,B[N93]_NiC_acet_1M KOH_ vs RHE B_05_CVA_C02.txt,311,0,311,1.0092028,1.6000051,-0.2501729381049786,0.350554347038269,-0.012948040672707363,,-0.8986988531417486,-0.8986988531417486
1793,0,896,B[N93]_NiC_acet_1M KOH_ vs RHE B_05_CVA_C02.txt,366,366,0,0.99996853,1.5902283,-0.01057944229915334,0.6471652273939617,0.05481845480506511,3.177815457168925,,3.177815457168925
1794,0,897,B[N93]_NiC_acet_1M KOH_ vs RHE B_05_CVA_C02.txt,313,0,313,1.0084109,1.5999752,-0.2500696255349548,0.3347291382758513,-0.013307002405899713,,-0.9131421485799447,-0.9131421485799447
1795,0,897,B[N93]_NiC_acet_1M KOH_ vs RHE B_05_CVA_C02.txt,353,353,0,1.0000113,1.5906653,-0.01409843936562538,0.644704573556449,0.05725667527004651,3.183642444823609,,3.183642444823609
1796,0,898,B[N93]_NiC_acet_1M KOH_ vs RHE B_05_CVA_C02.txt,313,0,313,1.0084047,1.5999771,-0.2506656962440605,0.3411100208759308,-0.013370136011861862,,-0.9206884829170391,-0.9206884829170391
1797,0,898,B[N93]_NiC_acet_1M KOH_ vs RHE B_05_CVA_C02.txt,361,361,0,1.0000054,1.5911517,-0.0162623918655774,0.6445115645711557,0.058730255848424014,3.1890383626723926,,3.1890383626723926
1798,0,899,B[N93]_NiC_acet_1M KOH_ vs RHE B_05_CVA_C02.txt,313,0,313,1.0087187,1.6000212,-0.2502563845924373,0.354665607213974,-0.013481306425868039,,-0.9294017131364009,-0.9294017131364009
1799,0,899,B[N93]_NiC_acet_1M KOH_ vs RHE B_05_CVA_C02.txt,355,355,0,1.0000193,1.5903811,-0.009049942489098142,0.643377005926799,0.05677862500146919,3.1642045001973886,,3.1642045001973886
1800,0,900,B[N93]_NiC_acet_1M KOH_ vs RHE B_05_CVA_C02.txt,313,0,313,1.0084147,1.6000371,-0.2507453906517547,0.340639054775238,-0.013660174445906597,,-0.9377946893083098,-0.9377946893083098
1801,0,901,B[N93]_NiC_acet_1M KOH_ vs RHE B_05_CVA_C02.txt,353,353,0,0.99995118,1.5913111,-0.004773096648962209,0.6742727138867572,0.05968114895954562,3.422758535658084,,3.422758535658084
1802,0,901,B[N93]_NiC_acet_1M KOH_ vs RHE B_05_CVA_C02.txt,305,0,305,1.009799,1.6000212,-0.2481512746968499,0.3710468709468842,-0.010052121012442412,,-0.7299048880021306,-0.7299048880021306
1803,0,901,B[N93]_NiC_acet_1M KOH_ vs RHE B_05_CVA_C02.txt,350,350,0,0.9999994,1.5914589,-0.02596181631088257,0.6571396054936107,0.06167522118043926,3.315522482714104,,3.315522482714104
1804,0,902,B[N93]_NiC_acet_1M KOH_ vs RHE B_05_CVA_C02.txt,306,0,306,1.0093989,1.6000233,-0.2501693465002051,0.3645936250686646,-0.01080052461793502,,-0.7726068892922903,-0.7726068892922903
1805,0,902,B[N93]_NiC_acet_1M KOH_ vs RHE B_05_CVA_C02.txt,342,342,0,0.9999643,1.5902905,-0.009713515639305116,0.651488252209008,0.06090746248312275,3.276888095259279,,3.276888095259279
1806,0,903,B[N93]_NiC_acet_1M KOH_ vs RHE B_05_CVA_C02.txt,313,0,313,1.0090069,1.5999852,-0.2503936386561154,0.363880842924118,-0.011018837632787421,,-0.7887128532096926,-0.7887128532096926
1807,0,903,B[N93]_NiC_acet_1M KOH_ vs RHE B_05_CVA_C02.txt,349,349,0,0.99996382,1.5904438,-0.007835034118131884,0.652111816495073,0.06037633519791828,3.2666973015675365,,3.2666973015675365
1808,0,904,B[N93]_NiC_acet_1M KOH_ vs RHE B_05_CVA_C02.txt,310,0,310,1.0092949,1.5999891,-0.2499724492080982,0.3455267101526243,-0.012532779431264638,,-0.8063406518942129,-0.8063406518942129
1809,0,904,B[N93]_NiC_acet_1M KOH_ vs RHE B_05_CVA_C02.txt,358,358,0,0.99999541,1.5909133,-0.008635367622734813,0.6490090409005012,0.0586319117601802,3.2692579036857037,,3.2692579036857037
1810,0,905,B[N93]_NiC_acet_1M KOH_ vs RHE B_05_CVA_C02.txt,306,0,306,1.0090808,1.5999759,-0.2494540543908621,0.347359048823515,-0.0125356844161692,,-0.819066806891965,-0.819066806891965
1811,0,905,B[N93]_NiC_acet_1M KOH_ vs RHE B_05_CVA_C02.txt,358,358,0,0.99998152,1.590338,-0.00888527529392713,0.6509718822267607,0.05948197899521439,3.242856118298791,,3.242856118298791
1812,0,906,B[N93]_NiC_acet_1M KOH_ vs RHE B_05_CVA_C02.txt,313,0,313,1.0087187,1.5999992,-0.2498530909709676,0.3657264709472656,-0.011718534753492766,,-0.8301473256529142,-0.8301473256529142
1813,0,906,B[N93]_NiC_acet_1M KOH_ vs RHE B_05_CVA_C02.txt,360,360,0,1.0000194,1.5912418,-0.01661132089793682,0.6479523959693161,0.057829565376370656,3.2574113244400063,,3.2574113244400063
1814,0,907,B[N93]_NiC_acet_1M KOH_ vs RHE B_05_CVA_C02.txt,312,0,312,1.0097109,1.6000112,-0.2493706745577384,0.365312784910202,-0.011990206983562181,,-0.8439875464432156,-0.8439875464432156
1815,0,907,B[N93]_NiC_acet_1M KOH_ vs RHE B_05_CVA_C02.txt,359,359,0,1.0000113,1.5905371,-0.008451596056616065,0.6500160654213443,0.05776555367920324,3.2299349422362233,,3.2299349422362233
1816,0,908,B[N93]_NiC_acet_1M KOH_ vs RHE B_05_CVA_C02.txt,300,0,300,1.0087988,1.5999953,-0.2497765254759533,0.3637535572052002,-0.012232772832096518,,-0.8566822756825316,-0.8566822756825316
1817,0,908,B[N93]_NiC_acet_1M KOH_ vs RHE B_05_CVA_C02.txt,351,351,0,0.99999946,1.5909562,-0.01795631795725292,0.6498546533891805,0.060049488955115235,3.23475355157242,,3.23475355157242
1818,0,909,B[N93]_NiC_acet_1M KOH_ vs RHE B_05_CVA_C02.txt,308,0,308,1.0094169,1.5999174,-0.2504168718536215,0.3419070345599469,-0.013590546880939879,,-0.8718834556254604,-0.8718834556254604
1819,0,909,B[N93]_NiC_acet_1M KOH_ vs RHE B_05_CVA_C02.txt,357,357,0,1.0000132,1.5900129,-0.01311334325873759,0.6493854702369983,0.057103404759780964,3.1975879984679567,,3.1975879984679567
1820,0,910,B[N93]_NiC_acet_1M KOH_ vs RHE B_05_CVA_C02.txt,310,0,310,1.008383,1.5999544,-0.2515366404307056,0.3496705695338873,-0.013807970887531532,,-0.883532789493989,-0.883532789493989
1821,0,910,B[N93]_NiC_acet_1M KOH_ vs RHE B_05_CVA_C02.txt,344,344,0,1.0000075,1.5915734,-0.009315254903650372,0.6508464342796669,0.05855935534283354,3.2428876747537942,,3.2428876747537942
1822,0,911,B[N93]_NiC_acet_1M KOH_ vs RHE B_05_CVA_C02.txt,309,0,309,1.0098491,1.6000493,-0.2511204434037673,0.3427915928211616,-0.012773619158470575,,-0.8845126450210289,-0.8845126450210289
1823,0,911,B[N93]_NiC_acet_1M KOH_ vs RHE B_05_CVA_C02.txt,353,353,0,0.99999952,1.590963,-0.01559172999923647,0.647852658529664,0.056530779666886535,3.2165124550474773,,3.2165124550474773
1824,0,912,B[N93]_NiC_acet_1M KOH_ vs RHE B_05_CVA_C02.txt,311,0,311,1.0098009,1.6000253,-0.2533185557501536,0.3450626821621601,-0.012972012768345725,,-0.8957921861905721,-0.8957921861905721
1825,0,912,B[N93]_NiC_acet_1M KOH_ vs RHE B_05_CVA_C02.txt,351,351,0,1.0000014,1.5908637,-0.01486898305997981,0.6428592394748698,0.058281999569567394,3.2116820002343176,,3.2116820002343176
1826,0,913,B[N93]_NiC_acet_1M KOH_ vs RHE B_05_CVA_C02.txt,310,0,310,1.0093088,1.5999572,-0.2509468202677343,0.3513435125350952,-0.013072434019727658,,-0.9037570073281216,-0.9037570073281216
1827,0,913,B[N93]_NiC_acet_1M KOH_ vs RHE B_05_CVA_C02.txt,358,358,0,1.0000093,1.5911078,-0.02330811694264412,0.6423397457847635,0.05975660625958174,3.212102216952667,,3.212102216952667
1828,0,914,B[N93]_NiC_acet_1M KOH_ vs RHE B_05_CVA_C02.txt,313,0,313,1.009015,1.5999773,-0.2512396011817877,0.354665607213974,-0.01315379408637031,,-0.9110863814114742,-0.9110863814114742
1829,0,914,B[N93]_NiC_acet_1M KOH_ vs RHE B_05_CVA_C02.txt,363,363,0,1.0000154,1.5899282,-0.01629353146595153,0.6397352820808495,0.05663375061800927,3.1796429581778702,,3.1796429581778702
1830,0,915,B[N93]_NiC_acet_1M KOH_ vs RHE B_05_CVA_C02.txt,311,0,311,1.0097989,1.5999873,-0.2520817273730884,0.3511780500411987,-0.013347122782988403,,-0.9201576316069937,-0.9201576316069937
1831,0,915,B[N93]_NiC_acet_1M KOH_ vs RHE B_05_CVA_C02.txt,351,351,0,0.99999642,1.5908755,-0.007740937047024971,0.6432457664329911,0.05860705516243954,3.200350075385199,,3.200350075385199
1832,0,916,B[N93]_NiC_acet_1M KOH_ vs RHE B_05_CVA_C02.txt,309,0,309,1.0074509,1.5999873,-0.2517099019007514,0.3529790937900543,-0.013402239252835069,,-0.9256025216515609,-0.9256025216515609
1833,0,916,B[N93]_NiC_acet_1M KOH_ vs RHE B_05_CVA_C02.txt,357,357,0,1.0000013,1.591143,-0.008240937782317076,0.6429906005816441,0.05674898330590749,3.199409191559213,,3.199409191559213
1834,0,917,B[N93]_NiC_acet_1M KOH_ vs RHE B_05_CVA_C02.txt,310,0,310,1.0080168,1.5999184,-0.2526909482813613,0.3487458483475012,-0.01456424676052725,,-0.9305354614840077,-0.9305354614840077
1835,0,917,B[N93]_NiC_acet_1M KOH_ vs RHE B_05_CVA_C02.txt,347,347,0,1.0000461,1.5900761,-0.007634734656153185,0.6417455175610787,0.057052633472070714,3.1743776326928965,,3.1743776326928965
1836,0,918,B[N93]_NiC_acet_1M KOH_ vs RHE B_05_CVA_C02.txt,311,0,311,1.0083048,1.5999831,-0.2510422119504567,0.3470413684844971,-0.013568241675766243,,-0.9362853622107747,-0.9362853622107747
1837,0,918,B[N93]_NiC_acet_1M KOH_ vs RHE B_05_CVA_C02.txt,347,347,0,1.0000055,1.590642,-0.01639383427960717,0.6413081128203668,0.05824509233869396,3.180524501206515,,3.180524501206515
1838,0,919,B[N93]_NiC_acet_1M KOH_ vs RHE B_05_CVA_C02.txt,309,0,309,1.008799,1.6000053,-0.2506563562620538,0.3443378566399864,-0.013713028905250235,,-0.9453062383887958,-0.9453062383887958
1839,0,919,B[N93]_NiC_acet_1M KOH_ vs RHE B_05_CVA_C02.txt,368,368,0,0.99999952,1.5899346,-0.01367277836392605,0.6415578590592528,0.05468555711262547,3.159927158711806,,3.159927158711806
1840,0,920,B[N93]_NiC_acet_1M KOH_ vs RHE B_05_CVA_C02.txt,310,0,310,1.0086209,1.5999184,-0.2514814646752015,0.3493133448972936,-0.014885092232512968,,-0.9497853795568951,-0.9497853795568951
1841,0,920,B[N93]_NiC_acet_1M KOH_ vs RHE B_05_CVA_C02.txt,355,355,0,1.0000213,1.5905241,-0.01901764795184135,0.6417470023483585,0.05971531152115133,3.1764643902453398,,3.1764643902453398
1842,0,921,B[N93]_NiC_acet_1M KOH_ vs RHE B_05_CVA_C02.txt,312,0,312,1.008425,1.5999254,-0.2519107499164264,0.336406377521721,-0.01492321616129566,,-0.9487706720763691,-0.9487706720763691
1843,0,921,B[N93]_NiC_acet_1M KOH_ vs RHE B_05_CVA_C02.txt,353,353,0,1.0000076,1.5910879,-0.01202552816091446,0.6396211830733858,0.05621030248576432,3.1968362449806755,,3.1968362449806755
1844,0,922,B[N93]_NiC_acet_1M KOH_ vs RHE B_05_CVA_C02.txt,301,0,301,1.0083828,1.5999851,-0.2512231473768767,0.3385022953152657,-0.01498546707839693,,-0.9475323848723416,-0.9475323848723416
1845,0,922,B[N93]_NiC_acet_1M KOH_ vs RHE B_05_CVA_C02.txt,348,348,0,0.99998343,1.5905691,-0.01767840402949926,0.6387097863984978,0.05787379045562656,3.178057046424291,,3.178057046424291
1846,0,923,B[N93]_NiC_acet_1M KOH_ vs RHE B_05_CVA_C02.txt,308,0,308,1.0083029,1.5999652,-0.2518657676679612,0.3504716455936432,-0.013880981522131308,,-0.9538427166788276,-0.9538427166788276
1847,0,923,B[N93]_NiC_acet_1M KOH_ vs RHE B_05_CVA_C02.txt,354,354,0,0.99997747,1.5911071,-0.01404164851334394,0.637840352052768,0.059803769452626644,3.187185616577049,,3.187185616577049
1848,0,924,B[N93]_NiC_acet_1M KOH_ vs RHE B_05_CVA_C02.txt,313,0,313,1.009019,1.6000192,-0.2516110918856729,0.3586813807487488,-0.013972031121166555,,-0.9610614997635923,-0.9610614997635923
1849,0,924,B[N93]_NiC_acet_1M KOH_ vs RHE B_05_CVA_C02.txt,345,345,0,0.99999249,1.5899165,-0.009658391023936869,0.6379972797193316,0.06038364315654217,3.1565960158203965,,3.1565960158203965
1850,0,925,B[N93]_NiC_acet_1M KOH_ vs RHE B_05_CVA_C02.txt,298,0,298,1.0092988,1.5999871,-0.252057140637294,0.3544873893260956,-0.01397257990003862,,-0.9547088861493406,-0.9547088861493406
1851,0,925,B[N93]_NiC_acet_1M KOH_ vs RHE B_05_CVA_C02.txt,353,353,0,0.99996328,1.5902086,-0.01177611015737057,0.6416057310569578,0.057185780849832286,3.2038070467226323,,3.2038070467226323
1852,0,926,B[N93]_NiC_acet_1M KOH_ vs RHE B_05_CVA_C02.txt,311,0,311,1.009201,1.6000433,-0.2518727107115168,0.350019782781601,-0.01330553331899933,,-0.9183024606085695,-0.9183024606085695
1853,0,926,B[N93]_NiC_acet_1M KOH_ vs RHE B_05_CVA_C02.txt,346,346,0,1.0000014,1.5911293,-0.01572892207490362,0.6389575540540826,0.05699106150528621,3.221470252488861,,3.221470252488861
1854,0,927,B[N93]_NiC_acet_1M KOH_ vs RHE B_05_CVA_C02.txt,312,0,312,1.009699,1.5999732,-0.2515684941723344,0.339413114863893,-0.013559840997962445,,-0.9287634119418332,-0.9287634119418332
1855,0,927,B[N93]_NiC_acet_1M KOH_ vs RHE B_05_CVA_C02.txt,363,363,0,0.99999946,1.5911658,-0.0254985336214304,0.638461394070923,0.05649695948764455,3.214926048134662,,3.214926048134662
1856,0,928,B[N93]_NiC_acet_1M KOH_ vs RHE B_05_CVA_C02.txt,313,0,313,1.0083988,1.5999792,-0.2517936812063132,0.3448775708675385,-0.013598739742865304,,-0.9384846911181769,-0.9384846911181769
1857,0,928,B[N93]_NiC_acet_1M KOH_ vs RHE B_05_CVA_C02.txt,351,351,0,0.99995136,1.5901979,-0.007860103728909537,0.6398963856497843,0.05836460159372418,3.189579262603442,,3.189579262603442
1858,0,929,B[N93]_NiC_acet_1M KOH_ vs RHE B_05_CVA_C02.txt,304,0,304,1.0086209,1.5999153,-0.2524676591528889,0.3396097421646118,-0.01493254603663833,,-0.9423062431320399,-0.9423062431320399
1859,0,929,B[N93]_NiC_acet_1M KOH_ vs RHE B_05_CVA_C02.txt,344,344,0,1.0000211,1.5914444,-0.0156092912139785,0.6390874472946786,0.057302091123371916,3.2202438429137143,,3.2202438429137143
1860,0,930,B[N93]_NiC_acet_1M KOH_ vs RHE B_05_CVA_C02.txt,303,0,303,1.008799,1.6000032,-0.2523698012300146,0.3474171226439267,-0.01364485216678478,,-0.9380696877113784,-0.9380696877113784
1861,0,930,B[N93]_NiC_acet_1M KOH_ vs RHE B_05_CVA_C02.txt,350,350,0,1.0000151,1.5900084,-0.008392402975780248,0.6381410254526161,0.0575184157232497,3.1869347146275886,,3.1869347146275886
1862,0,931,B[N93]_NiC_acet_1M KOH_ vs RHE B_05_CVA_C02.txt,312,0,312,1.0085069,1.6000153,-0.2518680356730973,0.3434072954857603,-0.01385264425323444,,-0.9481253100817248,-0.9481253100817248
1863,0,931,B[N93]_NiC_acet_1M KOH_ vs RHE B_05_CVA_C02.txt,357,357,0,1.0000075,1.5914582,-0.01558801254376452,0.6385559899780562,0.057405895760938894,3.22012543923414,,3.22012543923414
1864,0,932,B[N93]_NiC_acet_1M KOH_ vs RHE B_05_CVA_C02.txt,303,0,303,1.0085069,1.6000212,-0.2520651197794099,0.3624807596206665,-0.013900685869729805,,-0.9500522380891671,-0.9500522380891671
1865,0,932,B[N93]_NiC_acet_1M KOH_ vs RHE B_05_CVA_C02.txt,347,347,0,1.0000075,1.5902718,-0.01612322031439322,0.6393882717104749,0.05660377486475571,3.1865524323315313,,3.1865524323315313
1866,0,933,B[N93]_NiC_acet_1M KOH_ vs RHE B_05_CVA_C02.txt,307,0,307,1.0083988,1.5999532,-0.2521209916212914,0.3423255383968353,-0.013723997248865838,,-0.9519126517009652,-0.9519126517009652
1867,0,933,B[N93]_NiC_acet_1M KOH_ vs RHE B_05_CVA_C02.txt,343,343,0,0.99995136,1.591445,-0.007900333145561947,0.6394839430672619,0.05998462183796796,3.2177827761844093,,3.2177827761844093
1868,0,934,B[N93]_NiC_acet_1M KOH_ vs RHE B_05_CVA_C02.txt,310,0,310,1.009151,1.5999612,-0.2515349189113829,0.3432929217815399,-0.0139049847007835,,-0.9517219774804326,-0.9517219774804326
1869,0,934,B[N93]_NiC_acet_1M KOH_ vs RHE B_05_CVA_C02.txt,358,358,0,1.0000014,1.5909932,-0.01615300363577579,0.6393577935914925,0.05675934096945044,3.2011420086361655,,3.2011420086361655
1870,0,935,B[N93]_NiC_acet_1M KOH_ vs RHE B_05_CVA_C02.txt,312,0,312,1.0087668,1.5999671,-0.2525564431215772,0.3400491792708635,-0.015130265395677066,,-0.9615238482469767,-0.9615238482469767
1871,0,935,B[N93]_NiC_acet_1M KOH_ vs RHE B_05_CVA_C02.txt,352,352,0,0.99996746,1.5906419,-0.01618727798695152,0.6398162571622326,0.0585806038547455,3.1858229930521826,,3.1858229930521826
1872,0,936,B[N93]_NiC_acet_1M KOH_ vs RHE B_05_CVA_C02.txt,310,0,310,1.0090069,1.5999612,-0.2516060783069093,0.3523612074230029,-0.014095065323262122,,-0.9640351041951608,-0.9640351041951608
1873,0,936,B[N93]_NiC_acet_1M KOH_ vs RHE B_05_CVA_C02.txt,361,361,0,1.0000075,1.591603,-0.01698472935949333,0.6384304312811722,0.05937778301201791,3.2118710501914407,,3.2118710501914407
1874,0,937,B[N93]_NiC_acet_1M KOH_ vs RHE B_05_CVA_C02.txt,310,0,310,1.009599,1.6000091,-0.2517586920050403,0.3563775420188904,-0.014129436575404726,,-0.9660323965589208,-0.9660323965589208
1875,0,937,B[N93]_NiC_acet_1M KOH_ vs RHE B_05_CVA_C02.txt,358,358,0,0.99999946,1.590124,-0.01006927553838874,0.6475875934557256,0.05852020892043008,3.254196793009631,,3.254196793009631
1876,0,938,B[N93]_NiC_acet_1M KOH_ vs RHE B_05_CVA_C02.txt,312,0,312,1.0085188,1.6000433,-0.252850839093556,0.3302095779713166,-0.012354009668978727,,-0.8613905328371521,-0.8613905328371521
1877,0,938,B[N93]_NiC_acet_1M KOH_ vs RHE B_05_CVA_C02.txt,368,368,0,1.0000193,1.5899031,-0.02812996134161949,0.6492276574193312,0.058065131690742254,3.2746720750658085,,3.2746720750658085
1878,0,939,B[N93]_NiC_acet_1M KOH_ vs RHE B_05_CVA_C02.txt,307,0,307,1.009903,1.599981,-0.2526610563237632,0.3448342889547344,-0.013121328599431051,,-0.8398109178777127,-0.8398109178777127
1879,0,939,B[N93]_NiC_acet_1M KOH_ vs RHE B_05_CVA_C02.txt,344,344,0,1.0000035,1.5899509,-0.0170215309759521,0.6504285440062869,0.06053634325276377,3.2816779754386594,,3.2816779754386594
1880,0,940,B[N93]_NiC_acet_1M KOH_ vs RHE B_05_CVA_C02.txt,312,0,312,1.0085088,1.5999533,-0.2539561428946153,0.3505416512489319,-0.012097789842331202,,-0.846865403928543,-0.846865403928543
1881,0,940,B[N93]_NiC_acet_1M KOH_ vs RHE B_05_CVA_C02.txt,345,345,0,1.0000093,1.5901674,-0.02984945848584175,0.6558332984764976,0.06145177507815033,3.277158785186039,,3.277158785186039
1882,0,941,B[N93]_NiC_acet_1M KOH_ vs RHE B_05_CVA_C02.txt,313,0,313,1.0084207,1.6000493,-0.2527102917209678,0.3566574137261573,-0.012242649786265797,,-0.8590106762141927,-0.8590106762141927
1883,0,941,B[N93]_NiC_acet_1M KOH_ vs RHE B_05_CVA_C02.txt,360,360,0,1.0000213,1.5901959,-0.01774933353147429,0.6497154148017579,0.05862873294930816,3.2667025298142027,,3.2667025298142027
1884,0,942,B[N93]_NiC_acet_1M KOH_ vs RHE B_05_CVA_C02.txt,311,0,311,1.0098009,1.5999552,-0.2515937681003448,0.3514262735843658,-0.012478798402447458,,-0.8703421785380978,-0.8703421785380978
1885,0,942,B[N93]_NiC_acet_1M KOH_ vs RHE B_05_CVA_C02.txt,353,353,0,1.0000013,1.591386,-0.02547053433954716,0.6513366080357958,0.05995150170505298,3.2998974970664934,,3.2998974970664934
1886,0,943,B[N93]_NiC_acet_1M KOH_ vs RHE B_05_CVA_C02.txt,313,0,313,1.0089988,1.5999953,-0.2518597631025399,0.3650263845920563,-0.012302447211262403,,-0.8638400030386978,-0.8638400030386978
1887,0,943,B[N93]_NiC_acet_1M KOH_ vs RHE B_05_CVA_C02.txt,352,352,0,0.99999946,1.5912333,-0.01027779648709918,0.6519110952803153,0.059834752758211436,3.2942691362975984,,3.2942691362975984
1888,0,944,B[N93]_NiC_acet_1M KOH_ vs RHE B_05_CVA_C02.txt,310,0,310,1.009313,1.5999292,-0.2526192985070685,0.3550214171409607,-0.012416350357649023,,-0.87094735074156,-0.87094735074156
1889,0,944,B[N93]_NiC_acet_1M KOH_ vs RHE B_05_CVA_C02.txt,347,347,0,0.99995136,1.5906119,-0.01160039586071422,0.6446395486695158,0.06034143790468283,3.2741449685786774,,3.2741449685786774
1890,0,945,B[N93]_NiC_acet_1M KOH_ vs RHE B_05_CVA_C02.txt,305,0,305,1.0097989,1.6000372,-0.2544163070773946,0.3762399852275848,-0.01251124545759834,,-0.8794735194671482,-0.8794735194671482
1891,0,945,B[N93]_NiC_acet_1M KOH_ vs RHE B_05_CVA_C02.txt,355,355,0,0.99999952,1.5912253,-0.009515962461169689,0.6475652511799823,0.06002975088037707,3.2808684784346434,,3.2808684784346434
1892,0,946,B[N93]_NiC_acet_1M KOH_ vs RHE B_05_CVA_C02.txt,303,0,303,1.0081989,1.5999812,-0.2543529216750509,0.3561611771583557,-0.012841865965385411,,-0.8907317121794879,-0.8907317121794879
1893,0,946,B[N93]_NiC_acet_1M KOH_ vs RHE B_05_CVA_C02.txt,345,345,0,0.99995136,1.5898969,-0.008482251893629444,0.6479561332228597,0.05691446509515798,3.246594127566033,,3.246594127566033
1894,0,947,B[N93]_NiC_acet_1M KOH_ vs RHE B_05_CVA_C02.txt,300,0,300,1.008353,1.5999552,-0.2526641832868268,0.3611479046496937,-0.012943545483818259,,-0.8974981474766934,-0.8974981474766934
1895,0,947,B[N93]_NiC_acet_1M KOH_ vs RHE B_05_CVA_C02.txt,362,362,0,0.99995136,1.59022,-0.009911302519850288,0.6511829066949311,0.059504824583522124,3.238841247278348,,3.238841247278348
1896,0,948,B[N93]_NiC_acet_1M KOH_ vs RHE B_05_CVA_C02.txt,311,0,311,1.009149,1.5999329,-0.2545617583189101,0.3449011234676131,-0.01422283219633306,,-0.9082712223417087,-0.9082712223417087
1897,0,948,B[N93]_NiC_acet_1M KOH_ vs RHE B_05_CVA_C02.txt,356,356,0,0.99994946,1.5911421,-0.009270061679186849,0.6463021529045001,0.05805591610513846,3.262675437231509,,3.262675437231509
1898,0,949,B[N93]_NiC_acet_1M KOH_ vs RHE B_05_CVA_C02.txt,303,0,303,1.0081989,1.5999992,-0.2532354906031474,0.3627035021781921,-0.013210831684298213,,-0.9190680210976367,-0.9190680210976367
1899,0,949,B[N93]_NiC_acet_1M KOH_ vs RHE B_05_CVA_C02.txt,346,346,0,0.99999952,1.5905895,-0.01639670177184521,0.6506752255181425,0.05930695824169537,3.243100739698926,,3.243100739698926
1900,0,950,B[N93]_NiC_acet_1M KOH_ vs RHE B_05_CVA_C02.txt,311,0,311,1.0089048,1.5999613,-0.2523279094590043,0.3441824964855029,-0.013468031036909594,,-0.9282454544081338,-0.9282454544081338
1901,0,950,B[N93]_NiC_acet_1M KOH_ vs RHE B_05_CVA_C02.txt,349,349,0,1.0000054,1.5908891,-0.01050812192261219,0.6465653302400138,0.05771091935899777,3.2478315352251945,,3.2478315352251945
1902,0,951,B[N93]_NiC_acet_1M KOH_ vs RHE B_05_CVA_C02.txt,312,0,312,1.008508,1.6000493,-0.2533009276999456,0.3570158177233757,-0.013528598785552232,,-0.9353080929252929,-0.9353080929252929
1903,0,951,B[N93]_NiC_acet_1M KOH_ vs RHE B_05_CVA_C02.txt,347,347,0,1.0000093,1.589928,-0.01639831438660622,0.6432661440412137,0.05861407152660355,3.213071624304342,,3.213071624304342
1904,0,952,B[N93]_NiC_acet_1M KOH_ vs RHE B_05_CVA_C02.txt,307,0,307,1.0080788,1.59998,-0.2540069496874817,0.3537523388862609,-0.014691621949766734,,-0.9428126162330357,-0.9428126162330357
1905,0,952,B[N93]_NiC_acet_1M KOH_ vs RHE B_05_CVA_C02.txt,362,362,0,0.99997944,1.5916975,-0.01315559912472963,0.6439141669916721,0.05912738700977094,3.2566140908314414,,3.2566140908314414
1906,0,953,B[N93]_NiC_acet_1M KOH_ vs RHE B_05_CVA_C02.txt,311,0,311,1.008599,1.6000092,-0.2523762351226737,0.3602660298347473,-0.013650239154833913,,-0.9465941744291309,-0.9465941744291309
1907,0,953,B[N93]_NiC_acet_1M KOH_ vs RHE B_05_CVA_C02.txt,346,346,0,0.99999946,1.5902257,-0.00805412224272542,0.6431851935249027,0.05849629079501406,3.2152870785844643,,3.2152870785844643
1908,0,954,B[N93]_NiC_acet_1M KOH_ vs RHE B_05_CVA_C02.txt,312,0,312,1.0082068,1.5999873,-0.2534738768850227,0.3520563244819641,-0.013897232454903059,,-0.9578883570049558,-0.9578883570049558
1909,0,954,B[N93]_NiC_acet_1M KOH_ vs RHE B_05_CVA_C02.txt,347,347,0,1.0000075,1.5900241,-0.0156121514737606,0.6474152278537484,0.06006388855820297,3.2081341936698355,,3.2081341936698355
1910,0,955,B[N93]_NiC_acet_1M KOH_ vs RHE B_05_CVA_C02.txt,311,0,311,1.009201,1.5999873,-0.2522758182987319,0.353386402130127,-0.013941725282724637,,-0.9587400097333085,-0.9587400097333085
1911,0,955,B[N93]_NiC_acet_1M KOH_ vs RHE B_05_CVA_C02.txt,355,355,0,0.99995136,1.5908755,-0.008395478928651653,0.6430516198063958,0.05754799756783438,3.2241075841851723,,3.2241075841851723
1912,0,956,B[N93]_NiC_acet_1M KOH_ vs RHE B_05_CVA_C02.txt,313,0,313,1.0087128,1.5999873,-0.2532188655225864,0.3531064093112946,-0.01411074140263559,,-0.9676369188854693,-0.9676369188854693
1913,0,956,B[N93]_NiC_acet_1M KOH_ vs RHE B_05_CVA_C02.txt,343,343,0,1.0000135,1.5905799,-0.0154340915738585,0.6393005841904872,0.05991868712656049,3.2089192572981706,,3.2089192572981706
1914,0,957,B[N93]_NiC_acet_1M KOH_ vs RHE B_05_CVA_C02.txt,313,0,313,1.0090129,1.6000433,-0.2533075408921972,0.3525654375553131,-0.014065810311754162,,-0.965008077013642,-0.965008077013642
1915,0,957,B[N93]_NiC_acet_1M KOH_ vs RHE B_05_CVA_C02.txt,356,356,0,1.0000134,1.5911807,-0.02044504508376122,0.6413961838902527,0.05912603427300421,3.227569471382863,,3.227569471382863
1916,0,958,B[N93]_NiC_acet_1M KOH_ vs RHE B_05_CVA_C02.txt,310,0,310,1.0083908,1.5999886,-0.2519798234007489,0.351444274187088,-0.01528130865033435,,-0.9707460704603265,-0.9707460704603265
1917,0,958,B[N93]_NiC_acet_1M KOH_ vs RHE B_05_CVA_C02.txt,355,355,0,0.99999142,1.5900909,-0.01678924073222215,0.6423559882377949,0.058876979341204116,3.197218065494904,,3.197218065494904
1918,0,959,B[N93]_NiC_acet_1M KOH_ vs RHE B_05_CVA_C02.txt,304,0,304,1.009307,1.6000073,-0.2534571848585867,0.344388478476068,-0.014410390792337238,,-0.976834277095032,-0.976834277095032
1919,0,959,B[N93]_NiC_acet_1M KOH_ vs RHE B_05_CVA_C02.txt,349,349,0,1.0000074,1.5899742,-0.01747537168431218,0.6428929674819628,0.05799920039680042,3.1920942981593106,,3.1920942981593106
1920,0,960,B[N93]_NiC_acet_1M KOH_ vs RHE B_05_CVA_C02.txt,312,0,312,1.0090588,1.5999451,-0.2534779593533075,0.3392409948366026,-0.01559122063373823,,-0.9885883567495378,-0.9885883567495378
1921,0,960,B[N93]_NiC_acet_1M KOH_ vs RHE B_05_CVA_C02.txt,344,344,0,0.99995947,1.5904583,-0.01196402311325073,0.6376337233583254,0.05980758117814671,3.2008560936448482,,3.2008560936448482
1922,0,961,B[N93]_NiC_acet_1M KOH_ vs RHE B_05_CVA_C02.txt,311,0,311,1.0080149,1.5999533,-0.2548581444720011,0.3488297164440155,-0.014363085890037123,,-0.9851236312092307,-0.9851236312092307
1923,0,961,B[N93]_NiC_acet_1M KOH_ vs RHE B_05_CVA_C02.txt,358,358,0,1.0000154,1.5905535,-0.01621232589747273,0.6407663561439314,0.058573637694256976,3.20040280665454,,3.20040280665454
1924,0,962,B[N93]_NiC_acet_1M KOH_ vs RHE B_05_CVA_C02.txt,311,0,311,1.008903,1.5999612,-0.2534962286781871,0.3538791997277215,-0.014455999357937479,,-0.9936138855225091,-0.9936138855225091
1925,0,962,B[N93]_NiC_acet_1M KOH_ vs RHE B_05_CVA_C02.txt,354,354,0,1.0000033,1.5910227,-0.01013900153338909,0.6402150998131,0.059273790052185124,3.207856875168089,,3.207856875168089
1926,0,963,B[N93]_NiC_acet_1M KOH_ vs RHE B_05_CVA_C02.txt,311,0,311,1.0082089,1.5999057,-0.2535037036911381,0.3404876393206573,-0.01579246250062289,,-1.0015954065783015,-1.0015954065783015
1927,0,963,B[N93]_NiC_acet_1M KOH_ vs RHE B_05_CVA_C02.txt,354,354,0,1.0000094,1.5898849,-0.01677540491294602,0.6416886975663023,0.058089102829615324,3.173848751445653,,3.173848751445653
1928,0,964,B[N93]_NiC_acet_1M KOH_ vs RHE B_05_CVA_C02.txt,310,0,310,1.008629,1.5999286,-0.2526267390163159,0.3557446474830304,-0.01586517794679016,,-1.0069194754291717,-1.0069194754291717
1929,0,964,B[N93]_NiC_acet_1M KOH_ vs RHE B_05_CVA_C02.txt,354,354,0,0.99995136,1.5907241,-0.01106102590536967,0.6373196808749371,0.05629203954226538,3.1986480470272434,,3.1986480470272434
1930,0,965,B[N93]_NiC_acet_1M KOH_ vs RHE B_05_CVA_C02.txt,311,0,311,1.0091009,1.5999026,-0.2539666004492142,0.348421055443433,-0.015854187389105812,,-1.004177648657852,-1.004177648657852
1931,0,965,B[N93]_NiC_acet_1M KOH_ vs RHE B_05_CVA_C02.txt,360,360,0,1.0000015,1.5901338,-0.0111581199048344,0.6384223614134541,0.05554621161832381,3.188172316995954,,3.188172316995954
1932,0,966,B[N93]_NiC_acet_1M KOH_ vs RHE B_05_CVA_C02.txt,312,0,312,1.0084291,1.5999254,-0.2535820391681947,0.3562585107378057,-0.015784407879005757,,-1.0034063863000895,-1.0034063863000895
1933,0,966,B[N93]_NiC_acet_1M KOH_ vs RHE B_05_CVA_C02.txt,357,357,0,1.0000293,1.5907156,-0.01826816252129072,0.6373834535867475,0.05988322108562093,3.1990651643117882,,3.1990651643117882
1934,0,967,B[N93]_NiC_acet_1M KOH_ vs RHE B_05_CVA_C02.txt,311,0,311,1.0098228,1.5999352,-0.2541511562576533,0.3518094293614631,-0.01469075220202412,,-1.0006238284226594,-1.0006238284226594
1935,0,967,B[N93]_NiC_acet_1M KOH_ vs RHE B_05_CVA_C02.txt,352,352,0,0.99995118,1.5912338,-0.0310964435338974,0.6414525697701219,0.060089114756711526,3.24087353795186,,3.24087353795186
1936,0,968,B[N93]_NiC_acet_1M KOH_ vs RHE B_05_CVA_C02.txt,308,0,308,1.0089009,1.5999973,-0.25249719841463,0.3581531345844269,-0.013908845085964867,,-0.9658737774524823,-0.9658737774524823
1937,0,968,B[N93]_NiC_acet_1M KOH_ vs RHE B_05_CVA_C02.txt,356,356,0,1.0000013,1.5901948,-0.01143941879990409,0.6428552409635406,0.05725458864513708,3.2355158052612945,,3.2355158052612945
1938,0,969,B[N93]_NiC_acet_1M KOH_ vs RHE B_05_CVA_C02.txt,311,0,311,1.0098069,1.5999936,-0.2560905283241763,0.3425589005152387,-0.014914969453560018,,-0.9468943917666798,-0.9468943917666798
1939,0,969,B[N93]_NiC_acet_1M KOH_ vs RHE B_05_CVA_C02.txt,351,351,0,1.0000074,1.5914413,-0.0269011128693819,0.6450261047676875,0.05855185062841389,3.27495763917943,,3.27495763917943
1940,0,970,B[N93]_NiC_acet_1M KOH_ vs RHE B_05_CVA_C02.txt,310,0,310,1.0098029,1.5999035,-0.2541602936990204,0.3412409977366524,-0.01493364442371317,,-0.9515103482821312,-0.9515103482821312
1941,0,970,B[N93]_NiC_acet_1M KOH_ vs RHE B_05_CVA_C02.txt,352,352,0,1.0000033,1.5900244,-0.007901600880089232,0.6468773958827407,0.058070816272195167,3.228508281935449,,3.228508281935449
1942,0,971,B[N93]_NiC_acet_1M KOH_ vs RHE B_05_CVA_C02.txt,312,0,312,1.0091149,1.5999746,-0.2552860074399889,0.3504711527090807,-0.015068708856206352,,-0.9592009367510859,-0.9592009367510859
1943,0,971,B[N93]_NiC_acet_1M KOH_ vs RHE B_05_CVA_C02.txt,344,344,0,1.0000154,1.5902717,-0.009410233236849308,0.6439337689265865,0.06027026906696031,3.2342575464957166,,3.2342575464957166
1944,0,972,B[N93]_NiC_acet_1M KOH_ vs RHE B_05_CVA_C02.txt,311,0,311,1.009715,1.5999075,-0.2544570880877096,0.3405161992363306,-0.015243181450183883,,-0.9665171304163125,-0.9665171304163125
1945,0,972,B[N93]_NiC_acet_1M KOH_ vs RHE B_05_CVA_C02.txt,369,369,0,1.0000154,1.5911433,-0.02889934368431568,0.6444625808791407,0.05672563646636658,3.247006788987091,,3.247006788987091
1946,0,973,B[N93]_NiC_acet_1M KOH_ vs RHE B_05_CVA_C02.txt,309,0,309,1.008219,1.6000353,-0.2526880420989892,0.3517625877197754,-0.014182253452549034,,-0.971668170258883,-0.971668170258883
1947,0,973,B[N93]_NiC_acet_1M KOH_ vs RHE B_05_CVA_C02.txt,366,366,0,0.99995136,1.5912694,-0.008050903419289657,0.6412001259914095,0.058416682979539315,3.2488898143324434,,3.2488898143324434
1948,0,974,B[N93]_NiC_acet_1M KOH_ vs RHE B_05_CVA_C02.txt,308,0,308,1.0094856,1.5999813,-0.2543021395460858,0.336885627773073,-0.015504039012684915,,-0.9806389963720668,-0.9806389963720668
1949,0,974,B[N93]_NiC_acet_1M KOH_ vs RHE B_05_CVA_C02.txt,374,374,0,0.99998748,1.5904956,-0.01117566374198278,0.6437923991704739,0.05632236071548075,3.2202388446442045,,3.2202388446442045
1950,0,975,B[N93]_NiC_acet_1M KOH_ vs RHE B_05_CVA_C02.txt,311,0,311,1.008605,1.5999873,-0.2553135808417837,0.3423834836229371,-0.01444709829828391,,-0.9843864219527707,-0.9843864219527707
1951,0,975,B[N93]_NiC_acet_1M KOH_ vs RHE B_05_CVA_C02.txt,359,359,0,1.0000055,1.5905958,-0.01559651979123772,0.6419884794313546,0.05777690140643441,3.223741103176555,,3.223741103176555
1952,0,976,B[N93]_NiC_acet_1M KOH_ vs RHE B_05_CVA_C02.txt,312,0,312,1.0085069,1.6000053,-0.254967236535077,0.3394633512134135,-0.01440598315449661,,-0.9821722064276095,-0.9821722064276095
1953,0,976,B[N93]_NiC_acet_1M KOH_ vs RHE B_05_CVA_C02.txt,372,372,0,1.0000074,1.590121,-0.01745042761119649,0.6488966474941895,0.05789657867744037,3.2677745215750056,,3.2677745215750056
1954,0,977,B[N93]_NiC_acet_1M KOH_ vs RHE B_05_CVA_C02.txt,310,0,310,1.008103,1.5999932,-0.2532120977065662,0.355551315390545,-0.013329969286611124,,-0.9208479525485751,-0.9208479525485751
1955,0,977,B[N93]_NiC_acet_1M KOH_ vs RHE B_05_CVA_C02.txt,370,370,0,1.0000035,1.5900061,-0.01509182620793581,0.6509200510824353,0.05856256532798701,3.263833236116528,,3.263833236116528
1956,0,978,B[N93]_NiC_acet_1M KOH_ vs RHE B_05_CVA_C02.txt,310,0,310,1.0095148,1.599912,-0.2529307230463047,0.341598456556147,-0.014698462917788454,,-0.9354817315815624,-0.9354817315815624
1957,0,978,B[N93]_NiC_acet_1M KOH_ vs RHE B_05_CVA_C02.txt,377,377,0,1.0000154,1.5907133,-0.01044949498952158,0.6462996920683448,0.057841791483505295,3.271417083030195,,3.271417083030195
1958,0,979,B[N93]_NiC_acet_1M KOH_ vs RHE B_05_CVA_C02.txt,310,0,310,1.008711,1.5999832,-0.2552606255235137,0.3565642421549917,-0.01360488567062722,,-0.942764121992202,-0.942764121992202
1959,0,979,B[N93]_NiC_acet_1M KOH_ vs RHE B_05_CVA_C02.txt,370,370,0,1.0000113,1.5909567,-0.01110236532986164,0.6434805376116108,0.056608031445724356,3.271969762867056,,3.271969762867056
1960,0,980,B[N93]_NiC_acet_1M KOH_ vs RHE B_05_CVA_C02.txt,313,0,313,1.009007,1.6000172,-0.2540419037861863,0.3633271455764771,-0.013751873031508165,,-0.9500263445091027,-0.9500263445091027
1961,0,980,B[N93]_NiC_acet_1M KOH_ vs RHE B_05_CVA_C02.txt,350,350,0,1.0000074,1.5900793,-0.02426077611744404,0.645044267776082,0.05856719898059755,3.247998477962887,,3.247998477962887
1962,0,981,B[N93]_NiC_acet_1M KOH_ vs RHE B_05_CVA_C02.txt,313,0,313,1.0081108,1.6000032,-0.2542824096543965,0.3648927509784698,-0.013571324321220412,,-0.9403106791449374,-0.9403106791449374
1963,0,981,B[N93]_NiC_acet_1M KOH_ vs RHE B_05_CVA_C02.txt,363,363,0,1.0000113,1.5910109,-0.009547137655317783,0.650440148101592,0.06114255980132907,3.3270665169872924,,3.3270665169872924
1964,0,982,B[N93]_NiC_acet_1M KOH_ vs RHE B_05_CVA_C02.txt,309,0,309,1.0081874,1.5999783,-0.2563869039655768,0.3444175936959004,-0.014090388477257434,,-0.9015701568553698,-0.9015701568553698
1965,0,982,B[N93]_NiC_acet_1M KOH_ vs RHE B_05_CVA_C02.txt,372,372,0,0.99998999,1.5910467,-0.01678013987839222,0.6479625937556772,0.05847349078572497,3.3168104046399582,,3.3168104046399582
1966,0,983,B[N93]_NiC_acet_1M KOH_ vs RHE B_05_CVA_C02.txt,310,0,310,1.0081029,1.5999873,-0.2540274227459653,0.3674129247665405,-0.013048687226184621,,-0.911018661056481,-0.911018661056481
1967,0,983,B[N93]_NiC_acet_1M KOH_ vs RHE B_05_CVA_C02.txt,364,364,0,1.0000033,1.5901579,-0.01061554998823735,0.6491709217021171,0.057412023998563745,3.284535666724211,,3.284535666724211
1968,0,984,B[N93]_NiC_acet_1M KOH_ vs RHE B_05_CVA_C02.txt,311,0,311,1.009805,1.5999732,-0.2558493359503169,0.3532718420028687,-0.013342343103570355,,-0.9213147233895912,-0.9213147233895912
1969,0,984,B[N93]_NiC_acet_1M KOH_ vs RHE B_05_CVA_C02.txt,366,366,0,0.99995136,1.5916684,-0.008256133454041747,0.6462361834766557,0.059079234072872515,3.3208968777146195,,3.3208968777146195
1970,0,985,B[N93]_NiC_acet_1M KOH_ vs RHE B_05_CVA_C02.txt,311,0,311,1.0078551,1.6000292,-0.2554321024382316,0.3705695271492004,-0.013324361678104201,,-0.9291343039047728,-0.9291343039047728
1971,0,985,B[N93]_NiC_acet_1M KOH_ vs RHE B_05_CVA_C02.txt,365,365,0,1.0000054,1.5898715,-0.00816627849184208,0.6496343696777576,0.05809455951182571,3.2636283494276035,,3.2636283494276035
1972,0,986,B[N93]_NiC_acet_1M KOH_ vs RHE B_05_CVA_C02.txt,310,0,310,1.0093049,1.5999893,-0.2560417610831562,0.3617106676101685,-0.013563982753079495,,-0.9406209669325718,-0.9406209669325718
1973,0,986,B[N93]_NiC_acet_1M KOH_ vs RHE B_05_CVA_C02.txt,371,371,0,1.0000055,1.5900859,-0.01572103571632635,0.6473121761175316,0.05654442460218556,3.2588125348293286,,3.2588125348293286
1974,0,987,B[N93]_NiC_acet_1M KOH_ vs RHE B_05_CVA_C02.txt,310,0,310,1.0086569,1.5999478,-0.2549506157254653,0.3462698333538494,-0.014930776395291284,,-0.9517519279883837,-0.9517519279883837
1975,0,987,B[N93]_NiC_acet_1M KOH_ vs RHE B_05_CVA_C02.txt,366,366,0,0.99995744,1.5902259,-0.0166455659658668,0.6481629244565426,0.05635306317913866,3.2572392759911453,,3.2572392759911453
1976,0,988,B[N93]_NiC_acet_1M KOH_ vs RHE B_05_CVA_C02.txt,311,0,311,1.0083028,1.5999893,-0.253223388618552,0.3639636039733887,-0.01390383482463457,,-0.9578256224892107,-0.9578256224892107
1977,0,988,B[N93]_NiC_acet_1M KOH_ vs RHE B_05_CVA_C02.txt,361,361,0,1.0000033,1.5901674,-0.008197524332260203,0.6456802428096684,0.05974078079175453,3.2538397606127725,,3.2538397606127725
1978,0,989,B[N93]_NiC_acet_1M KOH_ vs RHE B_05_CVA_C02.txt,310,0,310,1.0098429,1.5999445,-0.2550290494920922,0.3611399691019725,-0.015143180115985928,,-0.96560152878529,-0.96560152878529
1979,0,989,B[N93]_NiC_acet_1M KOH_ vs RHE B_05_CVA_C02.txt,371,371,0,1.0000434,1.5900612,-0.01243882201004701,0.6479406503206837,0.05813066558942387,3.242754579554079,,3.242754579554079
1980,0,990,B[N93]_NiC_acet_1M KOH_ vs RHE B_05_CVA_C02.txt,313,0,313,1.0087028,1.5999693,-0.2555325337184026,0.3515026271343231,-0.014040661538129037,,-0.9643303062171684,-0.9643303062171684
1981,0,990,B[N93]_NiC_acet_1M KOH_ vs RHE B_05_CVA_C02.txt,343,343,0,1.0000035,1.591033,-0.01619873578323329,0.6461307529224616,0.06108284248953202,3.277239966363081,,3.277239966363081
1982,0,991,B[N93]_NiC_acet_1M KOH_ vs RHE B_05_CVA_C02.txt,311,0,311,1.0092028,1.5999912,-0.2548406651882771,0.3580385744571686,-0.014257868176309372,,-0.9778018707013902,-0.9778018707013902
1983,0,991,B[N93]_NiC_acet_1M KOH_ vs RHE B_05_CVA_C02.txt,367,367,0,1.0000033,1.5904665,-0.02036931924521923,0.6434243885124216,0.05631792535652018,3.2468343557088146,,3.2468343557088146
1984,0,992,B[N93]_NiC_acet_1M KOH_ vs RHE B_05_CVA_C02.txt,308,0,308,1.009499,1.6000133,-0.2545878986653358,0.3473977744579315,-0.014408842138153698,,-0.9823161722580082,-0.9823161722580082
1985,0,992,B[N93]_NiC_acet_1M KOH_ vs RHE B_05_CVA_C02.txt,363,363,0,0.99999946,1.5913577,-0.02859006449580193,0.6429330111981977,0.059892475176137876,3.265280246730897,,3.265280246730897
1986,0,993,B[N93]_NiC_acet_1M KOH_ vs RHE B_05_CVA_C02.txt,309,0,309,1.0093989,1.6000433,-0.2566480322440432,0.3485659762569089,-0.014597755209348173,,-0.9935639708933283,-0.9935639708933283
1987,0,993,B[N93]_NiC_acet_1M KOH_ vs RHE B_05_CVA_C02.txt,372,372,0,1.000013,1.5907695,-0.01034681070360066,0.6412039941923551,0.05690195146742763,3.245248253776352,,3.245248253776352
1988,0,994,B[N93]_NiC_acet_1M KOH_ vs RHE B_05_CVA_C02.txt,310,0,310,1.008677,1.5999599,-0.2558400965095005,0.3656449794769285,-0.015640953242756314,,-0.996307594188749,-0.996307594188749
1989,0,994,B[N93]_NiC_acet_1M KOH_ vs RHE B_05_CVA_C02.txt,350,350,0,0.99995613,1.5907589,-0.00822244411240218,0.6446224194160042,0.059962653180793496,3.2473826205747143,,3.2473826205747143
1990,0,995,B[N93]_NiC_acet_1M KOH_ vs RHE B_05_CVA_C02.txt,312,0,312,1.0085069,1.5999732,-0.2569380665034289,0.3510189354419708,-0.014644628598097169,,-1.0018130801232563,-1.0018130801232563
1991,0,995,B[N93]_NiC_acet_1M KOH_ vs RHE B_05_CVA_C02.txt,364,364,0,1.0000074,1.5899081,-0.02615655027329922,0.6439602298024898,0.05826812168902428,3.2168027365433067,,3.2168027365433067
1992,0,996,B[N93]_NiC_acet_1M KOH_ vs RHE B_05_CVA_C02.txt,311,0,311,1.0098029,1.5999852,-0.2538901466079597,0.3553808759088088,-0.014753776586573989,,-1.0052699860810255,-1.0052699860810255
1993,0,996,B[N93]_NiC_acet_1M KOH_ vs RHE B_05_CVA_C02.txt,352,352,0,1.0000125,1.590233,-0.01151592994583062,0.6411487592606067,0.057377435560327573,3.2234572203420706,,3.2234572203420706
1994,0,997,B[N93]_NiC_acet_1M KOH_ vs RHE B_05_CVA_C02.txt,311,0,311,1.008077,1.5999216,-0.2550580757541674,0.3419542969801488,-0.0160106673365421,,-1.0162791490724512,-1.0162791490724512
1995,0,997,B[N93]_NiC_acet_1M KOH_ vs RHE B_05_CVA_C02.txt,336,336,0,1.0000273,1.5916803,-0.01627008366378269,0.6429379721019473,0.05928216310527788,3.2643478318147454,,3.2643478318147454
1996,0,998,B[N93]_NiC_acet_1M KOH_ vs RHE B_05_CVA_C02.txt,310,0,310,1.0099069,1.5999873,-0.2571929743375132,0.3488387478158829,-0.014924435629833945,,-1.0156443313495145,-1.0156443313495145
1997,0,998,B[N93]_NiC_acet_1M KOH_ vs RHE B_05_CVA_C02.txt,338,338,0,1.0000075,1.591607,-0.01564183871707192,0.6410696316434112,0.060291325793641014,3.2608980415064193,,3.2608980415064193
1998,0,999,B[N93]_NiC_acet_1M KOH_ vs RHE B_05_CVA_C02.txt,311,0,311,1.0091408,1.5999351,-0.2553204826403679,0.3531432025360335,-0.016159028069133313,,-1.0247654513360758,-1.0247654513360758
1999,0,999,B[N93]_NiC_acet_1M KOH_ vs RHE B_05_CVA_C02.txt,339,339,0,1.0000415,1.5917282,-0.02226700074970722,0.638169227893653,0.058928625736423434,3.2618273944825216,,3.2618273944825216
2000,0,1000,B[N93]_NiC_acet_1M KOH_ vs RHE B_05_CVA_C02.txt,307,0,307,1.0093009,1.6000433,-0.2568456166892799,0.3511589765548706,-0.015108716927817116,,-1.0199123915817718,-1.0199123915817718
